temperature,humidity,pressure,wind_speed,thunderstorm
35.2,92.54,1018.82,8.53,0
39.64,54.13,991.57,11.99,0
29.45,79.08,1009.93,8.18,0
39.35,67.55,997.82,23.62,1
35.42,79.02,1015.01,23.11,1
33.22,69.18,1013.9,24.02,0
31.96,60.85,1009.9,21.83,0
35.14,85.82,1006.04,26.41,1
28.94,46.71,1005.28,7.62,0
36.6,76.75,1019.58,3.78,0
27.72,94.23,1003.59,26.35,1
35.16,97.97,1012.44,21.39,1
38.02,83.51,1009.16,9.91,0
39.27,59.56,991.03,2.8,0
22.01,88.54,997.26,4.91,0
24.72,72.12,1009.03,28.97,0
37.58,96.63,1013.89,18.12,1
22.4,93.09,1018.37,23.76,0
39.56,91.54,1018.52,13.24,1
37.91,60.4,1015.66,28.07,0
22.51,43.39,991.43,25.54,0
23.95,93.43,1005.11,13.11,0
25.06,70.32,1007.24,10.41,0
21.45,93.45,992.89,9.58,0
35.83,87.66,1008.52,10.34,0
27.63,51.25,994.24,22.22,0
30.29,92.37,1019.33,7.48,0
26.87,87.12,1005.77,16.13,0
26.53,98.43,1017.21,18.09,0
35.34,48.91,1000.71,4.22,0
31.5,86.15,999.67,11.78,1
32.12,98.07,1015.19,25.95,1
37.31,47.46,991.75,17.28,1
39.64,81.43,1009.74,2.13,0
36.78,64.99,998.51,28.46,1
21.84,52.1,1000.32,14.81,0
23.8,93.94,1011.12,27.45,0
35.66,56.04,996.01,13.48,1
32.55,55.86,1017.1,20.47,0
36.95,48.74,1016.02,15.13,0
35.08,55.76,1014.5,13.57,0
39.91,42.47,1005.41,9.87,0
20.87,89.58,998.44,17.19,1
29.29,77.71,1002.79,5.14,1
21.6,91.96,1019.55,13.38,0
39.34,85.26,994.27,9.9,1
33.36,92.35,1011.19,29.28,1
26.83,65.98,990.98,3.74,0
37.43,47.41,999.99,22.46,1
33.48,93.97,1012.55,18.94,1
20.9,77.76,1008.83,12.72,0
33.42,47.49,992.72,2.13,0
27.91,87.1,1019.16,16.48,0
24.85,58.54,1011.33,17.74,0
35.98,48.7,996.51,17.77,1
21.05,84.8,1018.51,6.78,0
39.62,79.93,992.51,6.12,1
21.6,65.23,1010.24,16.57,0
34.34,53.75,1005.94,27.08,0
32.58,86.02,993.8,8.74,1
31.15,40.38,996.38,24.75,1
28.19,96.8,997.0,16.06,1
22.25,49.52,1000.05,15.98,0
23.5,99.15,996.58,7.11,0
21.42,72.8,1000.34,15.36,0
33.01,46.54,1001.74,26.93,1
33.84,51.75,1006.98,18.27,0
28.2,67.39,1019.12,26.76,0
39.5,81.32,994.08,15.58,1
23.18,66.84,1018.56,2.81,0
25.06,98.87,1005.24,20.39,0
21.87,64.7,1017.47,12.61,0
20.29,77.32,1000.54,27.88,1
28.07,99.01,1016.2,14.11,1
30.89,86.57,1007.72,10.91,0
37.87,89.16,1005.21,6.62,0
20.15,70.5,1007.9,15.03,0
31.99,45.25,1018.9,6.49,0
39.43,75.28,996.51,24.54,1
30.96,95.0,1013.75,8.98,0
35.09,73.23,1001.09,26.27,1
35.75,70.0,1006.19,17.09,0
32.72,61.97,1001.14,13.58,1
32.31,40.03,1007.3,12.22,0
39.29,45.5,1002.01,14.38,1
21.4,75.68,1009.01,10.92,0
37.72,72.6,1004.97,5.53,0
27.71,69.57,996.95,17.56,0
24.71,89.13,996.53,18.95,1
32.96,78.94,1011.84,22.23,1
35.43,75.77,1018.81,3.03,0
27.31,87.19,1018.7,3.76,0
35.72,93.89,990.92,14.79,1
34.09,63.78,1001.21,6.24,0
24.22,70.88,991.25,12.15,0
30.5,60.48,1002.05,6.52,0
39.6,56.89,1003.61,28.91,1
35.02,92.27,1007.4,21.57,1
29.53,70.75,991.8,20.05,1
34.09,54.12,1016.15,9.55,0
39.29,43.49,997.99,8.68,0
34.72,94.97,1014.64,2.81,0
37.25,66.64,1013.4,7.88,0
33.73,78.97,992.91,11.91,1
29.4,79.36,1008.44,28.09,1
22.44,89.27,995.23,15.67,1
29.45,53.99,1000.57,17.12,1
37.87,58.42,1010.11,27.83,0
30.58,93.78,997.68,27.55,1
32.08,99.06,1000.08,11.27,1
21.35,58.16,1012.67,23.55,0
25.67,78.91,1003.22,6.53,0
22.01,90.32,998.42,20.59,1
30.64,44.87,1011.91,28.19,0
24.72,75.25,995.38,15.42,1
22.04,42.54,1016.6,20.12,0
22.22,93.87,1005.01,16.37,0
29.89,72.48,1013.36,13.11,0
30.83,82.38,1005.17,25.36,1
25.96,95.22,1003.04,7.7,0
32.84,90.9,1010.01,28.7,1
36.9,48.01,1004.79,11.64,0
27.85,42.72,1000.83,12.82,0
38.93,60.81,995.96,8.49,0
20.77,73.53,1001.38,29.77,0
28.33,89.23,1016.58,17.08,1
23.85,69.09,1018.29,2.15,0
32.61,44.62,1015.89,18.3,0
29.69,47.01,996.94,12.76,1
34.32,94.52,993.42,5.96,1
20.0,45.45,995.29,15.1,0
34.53,66.82,1004.51,22.72,1
24.39,80.25,1012.34,22.36,0
37.09,97.6,993.74,15.42,1
32.03,86.63,1012.62,21.74,1
32.33,74.71,1011.71,17.62,0
29.25,55.97,1018.66,25.67,0
20.86,48.51,1014.03,18.6,0
23.37,98.82,1016.76,23.12,0
29.03,70.94,1003.93,26.47,1
26.48,70.83,1015.96,17.08,0
27.84,52.07,1004.52,14.07,0
24.89,73.2,996.25,20.57,0
23.78,85.51,999.04,6.45,0
32.46,67.11,1014.38,14.56,0
24.01,81.61,1015.79,16.37,0
29.95,77.22,1000.81,14.52,1
23.94,69.48,1012.5,25.95,0
24.24,92.1,1012.98,17.54,0
33.36,71.24,1002.89,4.26,0
37.86,56.99,1018.73,28.59,0
31.34,59.23,997.55,3.39,0
26.04,57.75,1005.13,5.32,0
26.15,55.64,1014.82,17.99,0
31.07,84.35,1005.34,16.72,1
39.44,65.79,1005.8,17.31,0
32.73,86.15,996.21,12.71,1
34.9,96.45,1015.72,9.47,0
22.93,77.13,992.3,21.82,1
23.46,77.3,1009.32,28.35,0
29.15,73.87,1000.37,6.24,0
35.61,45.48,993.45,28.7,1
21.65,41.21,996.54,15.84,0
21.2,80.96,998.77,7.57,0
27.92,46.3,994.88,17.2,0
35.7,60.68,995.89,2.28,0
27.3,46.09,1006.2,12.06,0
20.76,88.71,1009.26,28.92,0
26.25,49.77,1016.31,8.08,0
20.55,54.69,993.04,11.62,0
31.27,66.86,1007.8,3.98,0
29.76,92.43,1018.36,10.42,0
20.09,85.63,1003.67,15.03,1
35.18,66.9,1019.45,18.38,0
26.69,52.96,1018.82,8.59,0
38.51,91.07,1003.04,16.21,1
32.48,97.76,993.8,10.79,1
33.71,87.1,998.26,22.1,1
28.03,46.2,1016.14,5.2,0
31.85,52.21,1016.44,2.44,0
32.84,76.89,1018.57,12.46,1
21.22,60.47,997.15,3.41,0
35.59,78.47,1017.96,2.77,0
22.67,69.92,1004.84,20.16,0
22.53,44.71,1014.98,26.66,0
23.8,45.73,990.19,20.09,0
33.27,80.04,990.75,14.39,1
28.07,76.43,1012.74,3.11,0
28.75,93.07,1014.92,3.52,0
31.16,89.64,995.47,2.18,1
26.02,84.26,1018.24,26.34,0
36.34,73.3,993.27,10.98,0
27.27,41.1,993.37,14.37,0
33.51,73.84,1005.54,3.53,0
28.17,49.61,997.07,25.92,1
30.14,63.52,1001.7,28.88,1
30.28,43.91,1008.26,9.49,0
28.51,42.24,997.62,15.32,1
31.93,44.24,1009.35,12.0,0
40.0,86.12,1004.83,13.11,1
34.55,43.16,1014.21,21.31,0
23.76,53.05,1013.88,6.84,0
34.09,88.89,992.02,11.83,1
36.16,54.01,1008.45,19.75,0
38.71,72.71,1015.36,15.08,0
23.05,81.47,992.69,15.45,1
34.94,66.45,1014.92,24.24,0
38.62,71.2,991.39,17.64,1
31.77,80.32,997.38,27.45,1
23.31,94.9,1019.11,12.68,0
37.47,47.87,996.95,21.4,1
20.65,83.56,1003.71,13.77,1
24.27,45.87,1016.83,6.44,0
31.93,75.39,992.49,14.09,1
30.27,46.5,1010.94,4.67,0
29.65,55.77,993.35,10.9,0
27.68,53.53,1000.36,18.26,0
33.8,53.94,1005.68,11.21,0
27.56,98.33,1019.86,14.56,0
34.08,61.74,998.26,26.78,1
21.27,96.11,1018.43,14.3,0
30.54,96.95,1017.76,23.63,1
30.19,58.27,1002.03,22.45,1
35.45,65.26,996.6,24.92,1
37.51,57.55,994.68,19.22,1
30.64,44.11,998.61,14.61,1
37.47,78.12,1009.3,3.11,0
26.21,50.58,1008.28,11.83,0
39.09,92.53,1007.75,15.89,1
20.04,65.69,1010.03,18.03,0
28.44,67.29,1015.14,19.77,0
23.41,81.12,1009.95,7.36,0
28.21,77.42,1011.22,14.19,1
37.38,46.21,1015.42,8.77,0
34.12,61.74,993.3,5.78,0
23.85,63.17,1014.63,20.07,0
27.33,61.84,990.5,10.4,0
38.66,95.1,1018.15,3.19,0
21.94,90.53,993.78,24.31,1
31.69,59.94,1005.94,11.29,0
25.3,74.57,993.73,3.88,0
27.92,84.8,1013.3,8.08,0
39.34,94.71,999.32,4.17,1
30.71,94.69,993.65,5.8,1
39.49,75.98,996.72,9.6,1
28.61,79.07,1016.62,4.06,0
21.2,63.86,1018.51,21.45,0
28.46,42.25,1015.6,20.29,0
22.56,89.47,1000.56,11.13,0
32.44,81.26,1000.17,29.95,1
33.74,85.64,992.32,23.05,1
29.37,94.98,1007.95,24.31,1
26.01,92.98,1001.79,4.27,0
21.63,52.6,1005.21,10.1,0
23.45,66.23,1002.49,7.82,0
31.33,46.66,1015.4,29.87,0
21.53,64.83,1007.76,7.67,0
36.7,62.34,1010.54,21.68,0
29.42,79.81,1017.7,20.55,1
30.06,57.12,1006.83,22.37,0
24.38,49.53,1018.64,20.35,0
24.95,94.78,995.37,15.5,1
25.32,76.63,1019.81,2.48,0
22.88,83.39,1011.89,19.44,0
33.39,41.57,1006.81,10.85,0
34.63,42.16,1006.82,15.35,0
21.4,90.26,997.1,18.52,1
31.06,63.04,1012.24,6.57,0
39.6,99.86,1006.83,8.15,0
22.79,97.81,1010.43,12.68,0
21.34,53.65,1014.33,25.76,0
23.3,58.04,1013.16,14.69,0
35.88,69.61,996.79,12.64,1
23.75,99.01,1016.71,18.13,0
30.84,47.26,993.15,20.84,1
26.31,92.36,992.31,17.16,1
32.34,91.25,1005.48,24.34,1
22.5,87.07,992.55,24.4,1
38.99,57.0,1014.42,8.3,0
26.28,96.34,1001.67,14.37,1
26.82,40.27,1005.08,8.15,0
21.82,87.12,1016.74,24.61,0
23.92,69.85,1005.92,19.76,0
34.35,43.23,1005.14,10.0,0
28.57,45.66,997.88,24.8,1
27.12,47.73,993.04,14.42,0
36.02,56.95,1005.79,24.64,0
23.95,61.32,1005.96,27.35,0
28.1,79.18,1014.38,11.97,0
21.86,58.03,992.5,3.55,0
26.72,49.06,997.75,16.86,0
38.17,75.04,1007.1,28.31,1
27.72,86.99,1018.12,23.9,0
34.25,89.9,996.64,9.79,1
22.71,96.24,1006.9,4.5,0
36.06,40.5,997.21,5.14,0
26.04,62.96,1018.58,18.71,0
28.85,78.74,1004.42,26.96,1
35.4,92.53,991.55,17.84,1
25.19,68.83,992.25,21.38,0
27.29,43.18,1009.68,2.37,0
39.73,44.68,998.94,13.07,1
38.3,77.03,995.91,10.29,1
37.81,45.96,999.39,16.68,1
39.11,63.31,1017.45,24.4,0
23.22,57.92,1002.88,27.87,0
37.21,63.1,1015.11,27.12,0
39.05,80.19,1002.22,18.29,1
36.68,94.4,1008.73,15.13,1
25.58,49.38,1019.32,26.68,0
35.0,97.07,1000.12,27.77,1
35.64,49.4,994.06,16.7,1
31.65,59.82,1013.29,7.32,0
24.38,68.57,1013.1,26.07,0
23.69,43.35,997.6,23.86,0
36.97,57.76,1007.52,8.32,0
24.06,77.23,995.58,15.44,1
36.37,44.72,1018.83,14.4,0
29.0,61.49,1004.51,3.29,0
36.02,55.33,997.6,24.18,1
28.08,96.64,992.21,4.22,1
39.69,79.6,991.94,20.43,1
32.13,41.97,1004.71,3.56,0
21.8,52.54,1009.07,20.16,0
38.49,89.0,1019.38,26.82,1
34.73,97.42,1000.08,18.02,1
27.36,78.1,1009.45,21.26,0
38.18,49.62,1006.52,9.85,0
23.34,65.08,1008.57,24.8,0
27.04,42.75,996.26,18.07,0
39.4,90.1,1014.2,6.19,0
39.06,62.54,990.54,7.62,0
23.41,67.44,1016.27,9.55,0
27.38,43.86,990.27,25.1,0
38.94,54.78,1005.21,6.64,0
26.44,40.06,999.29,26.74,0
38.85,60.37,996.92,12.66,1
24.26,70.39,1003.61,29.6,0
23.4,81.12,1018.92,25.37,0
38.12,51.5,995.63,9.71,0
34.59,89.46,1002.42,12.11,1
27.34,45.53,1001.93,14.25,0
38.6,91.48,1016.14,16.22,1
38.28,88.72,1016.34,24.35,1
34.01,98.85,994.22,3.75,1
29.32,48.04,1006.19,10.83,0
27.9,42.48,1004.56,4.0,0
26.14,87.08,1009.68,9.26,0
29.77,86.56,1004.41,24.71,1
26.99,99.25,991.69,6.83,0
31.64,86.98,998.76,10.59,1
23.84,42.64,1016.6,11.46,0
24.6,49.81,992.45,9.25,0
24.21,49.47,1007.17,2.86,0
39.1,69.79,1000.63,22.31,1
23.08,76.62,1003.51,5.5,0
25.15,47.07,995.3,22.02,0
37.26,85.61,1011.37,10.82,0
36.05,98.72,1002.24,17.61,1
21.17,44.37,1006.49,24.04,0
25.12,47.3,1008.68,26.13,0
32.01,79.41,1002.69,14.33,1
34.39,40.08,1010.79,27.14,0
28.31,94.12,1014.41,21.23,1
20.99,55.56,1004.78,24.16,0
28.17,54.36,1017.4,5.77,0
30.83,48.52,1010.4,12.47,0
20.03,43.01,1014.81,24.22,0
36.15,70.33,997.87,3.27,0
31.61,71.58,992.68,13.17,1
35.08,47.56,1007.13,15.14,0
24.7,99.39,1016.42,11.6,0
34.29,40.8,1018.62,20.01,0
33.89,86.36,1012.09,16.77,1
31.28,65.55,1014.83,29.84,0
35.86,41.76,1002.78,25.95,1
28.9,40.6,1007.55,6.5,0
34.31,76.01,1000.71,13.65,1
28.21,54.22,1019.96,26.89,0
30.01,55.06,1014.29,25.44,0
25.96,89.05,991.85,16.25,1
27.54,92.98,993.87,20.35,1
31.4,42.73,1011.03,21.67,0
21.16,53.82,1003.75,12.88,0
34.0,63.12,1012.56,14.52,0
28.75,68.6,1014.17,12.89,0
23.78,71.9,1002.01,17.74,0
25.77,62.01,1005.93,24.0,0
32.96,48.76,1015.46,17.53,0
26.57,94.52,994.27,7.37,0
27.57,51.94,998.58,17.99,0
24.73,71.96,1009.5,12.18,0
22.42,42.7,1007.5,18.68,0
21.51,98.62,992.08,19.55,1
34.09,42.15,992.82,11.58,0
33.39,44.12,1007.58,19.59,0
27.92,62.46,1001.14,9.07,0
37.81,60.95,1013.95,23.34,0
30.06,74.73,991.2,22.78,1
28.15,57.7,1000.2,29.16,1
30.18,74.02,1003.15,24.17,1
31.07,43.31,993.26,7.51,0
27.25,94.98,1009.39,11.2,0
20.84,42.91,990.59,2.12,0
31.75,48.15,1005.29,12.21,0
33.88,59.66,998.04,9.61,0
23.22,66.72,1019.23,7.47,0
33.82,95.14,994.25,20.65,1
28.41,79.06,1000.62,25.24,1
22.61,58.45,997.38,2.46,0
37.17,98.78,1010.01,19.55,1
35.87,87.6,990.09,11.22,1
39.43,60.1,994.07,13.83,1
23.14,72.61,1016.21,18.46,0
26.56,42.81,994.37,24.74,0
39.21,66.13,1004.11,12.93,1
39.27,91.34,995.59,29.97,1
25.25,98.98,1016.2,22.49,0
22.93,73.45,1014.61,22.73,0
26.86,75.03,1006.39,25.23,0
31.42,48.22,1014.23,17.43,0
33.1,57.11,1004.83,7.75,0
36.88,40.02,998.19,26.56,1
34.24,81.17,991.72,25.0,1
26.5,57.61,1015.56,17.22,0
27.24,74.18,1017.87,3.15,0
29.73,55.23,997.77,24.72,1
35.24,48.44,999.54,17.27,1
31.09,96.09,1006.1,12.77,1
23.53,83.79,1005.33,13.86,0
37.14,54.08,1019.4,2.8,0
20.87,80.26,997.98,15.57,1
35.31,84.5,994.5,12.64,1
35.56,93.51,1010.85,13.89,1
38.83,99.0,997.97,19.62,1
25.96,68.59,998.06,18.65,0
27.5,97.3,991.13,25.22,1
28.45,65.81,999.98,6.15,0
32.4,93.13,1007.66,8.51,0
29.11,81.63,1004.56,12.58,1
23.99,53.49,1010.38,8.55,0
25.88,96.42,1001.48,26.86,1
39.23,85.54,1006.87,25.6,1
31.78,56.93,1007.98,28.36,0
34.25,91.92,993.1,20.38,1
38.63,93.34,1010.59,21.34,1
33.48,85.12,996.01,9.83,1
21.04,95.74,1014.44,3.04,0
34.12,71.36,990.51,7.45,0
29.03,96.76,1004.19,8.55,1
24.73,57.56,1013.6,25.37,0
20.61,66.1,1010.05,13.71,0
32.26,56.16,995.2,12.63,1
37.18,71.85,1004.52,23.29,1
29.72,64.13,1002.29,3.93,0
21.7,92.97,998.4,6.57,0
33.11,81.68,1018.2,5.4,0
28.43,70.79,1004.72,27.46,1
24.72,40.55,1009.7,28.54,0
29.71,92.16,995.39,2.53,1
30.77,73.58,990.76,28.99,1
37.06,87.99,990.78,25.1,1
25.19,55.45,990.7,9.73,0
37.17,47.35,991.88,17.62,1
38.71,72.76,997.86,18.85,1
38.27,62.85,1011.9,6.32,0
36.07,58.34,992.12,26.63,1
38.24,65.65,1018.41,20.67,0
22.08,50.73,999.07,8.33,0
37.15,40.26,997.42,12.6,1
25.17,58.77,999.12,28.36,0
39.42,75.79,993.28,13.47,1
20.42,72.04,1006.21,22.85,0
23.74,62.56,1006.96,13.93,0
25.14,54.86,1012.8,3.01,0
25.53,45.76,998.96,26.66,0
28.14,81.7,1005.59,24.44,1
26.59,98.19,1005.86,13.75,0
29.11,82.74,992.13,19.97,1
33.22,55.9,991.4,6.49,0
25.27,55.72,1013.2,10.79,0
22.58,93.56,1011.68,12.3,0
20.97,87.64,999.87,28.98,1
20.42,87.34,1004.37,9.51,0
35.03,49.33,1014.72,19.24,0
35.41,82.27,1006.0,16.79,1
33.42,93.94,1013.51,8.48,0
26.15,82.71,1009.65,4.6,0
35.35,70.21,1012.53,29.14,0
25.44,44.43,1001.01,5.25,0
24.78,85.56,1018.37,12.23,0
23.91,65.43,1019.54,14.24,0
22.42,48.67,1001.6,18.71,0
22.85,68.54,1009.36,17.03,0
24.55,98.77,1000.51,20.31,1
31.57,96.4,1002.04,19.1,1
39.69,83.74,1003.8,4.76,1
33.6,99.67,991.66,28.04,1
21.36,74.59,996.97,6.62,0
34.1,66.2,1014.64,10.94,0
39.48,70.34,1013.19,29.51,0
30.52,60.3,1001.88,16.18,1
24.72,44.65,1008.57,13.18,0
38.1,66.09,995.11,10.42,0
24.11,50.82,1004.84,29.48,0
31.33,50.51,993.62,12.9,1
23.98,73.24,1019.7,10.59,0
36.77,64.08,1013.34,23.31,0
35.28,71.11,1017.45,2.21,0
39.71,94.4,1016.51,18.6,1
20.25,69.34,1011.26,7.02,0
25.56,64.34,1007.23,16.46,0
29.58,48.79,994.01,5.95,0
28.91,42.38,1014.78,27.96,0
36.71,98.79,999.6,17.74,1
29.17,55.24,999.43,29.88,1
34.54,81.6,1014.13,2.74,0
32.79,78.27,998.21,11.01,1
25.86,94.95,1015.45,23.66,0
33.16,61.84,991.9,28.25,1
32.01,56.55,1012.43,3.44,0
34.75,79.68,1009.92,20.08,1
30.53,66.6,1017.75,4.67,0
30.57,93.64,1004.82,12.91,1
24.11,89.49,1000.21,11.24,0
24.17,42.67,996.3,22.49,0
38.96,77.93,991.96,8.33,1
20.23,57.18,1009.27,29.76,0
36.17,40.19,1000.76,28.32,1
25.71,90.44,993.1,9.55,0
36.4,49.82,998.6,24.85,1
27.19,43.7,1013.14,28.56,0
27.69,84.09,1003.76,22.2,1
21.29,89.31,1002.2,3.87,0
34.05,75.48,1012.18,15.56,1
31.1,79.91,1011.28,28.24,1
27.9,47.73,1009.17,26.29,0
28.84,98.55,991.79,8.6,1
29.43,84.61,1004.41,16.97,1
30.77,90.1,995.44,5.61,1
32.4,89.99,1017.92,17.73,1
33.96,48.23,1000.63,2.91,0
36.41,57.36,992.76,25.08,1
34.8,88.59,992.85,26.44,1
23.44,79.54,1010.83,3.18,0
25.15,78.21,1003.54,15.83,1
21.95,63.15,990.61,28.24,0
23.43,73.6,1019.24,23.19,0
35.94,96.97,998.1,16.1,1
31.95,67.71,1017.51,11.39,0
26.62,70.6,1015.96,14.67,0
28.65,47.99,994.36,3.62,0
36.55,56.05,995.41,6.99,0
23.15,97.83,1018.4,20.47,0
39.07,67.98,1000.86,18.87,1
20.38,53.45,1010.16,27.18,0
24.5,99.28,1005.76,6.27,0
25.87,53.62,1018.29,24.63,0
27.61,63.43,996.4,28.58,0
36.21,80.55,991.6,26.21,1
37.08,45.97,998.83,29.31,1
29.13,59.03,1009.56,10.85,0
27.87,70.29,1000.09,29.65,0
27.8,52.13,1014.74,26.52,0
30.59,91.06,993.57,21.74,1
26.24,67.71,1008.02,19.35,0
38.7,73.07,997.44,5.57,0
37.8,70.01,999.3,19.86,1
24.67,68.4,995.17,17.8,0
31.14,98.84,1009.81,22.01,1
28.33,60.98,991.54,15.87,1
26.69,48.02,1013.22,4.45,0
26.89,74.23,991.63,6.71,0
27.56,69.15,997.08,26.54,0
25.06,61.35,994.63,16.68,0
39.33,45.83,1011.12,15.29,0
24.79,66.63,1018.57,21.36,0
22.7,72.04,991.4,26.93,0
32.16,69.44,1019.5,23.31,0
33.74,61.57,996.15,12.25,1
32.83,91.91,1019.17,12.36,1
31.44,63.96,999.99,7.84,0
30.91,50.98,1014.53,16.81,0
26.72,49.56,1016.43,17.12,0
23.5,67.46,1012.32,18.94,0
34.86,49.64,1014.41,27.24,0
32.88,68.5,1001.66,20.06,1
30.4,57.78,1010.52,27.83,0
21.89,58.5,998.67,11.9,0
28.89,61.53,1013.51,11.27,0
28.07,85.8,999.69,10.02,1
35.01,70.16,1005.49,18.49,0
25.6,78.75,991.63,4.22,0
30.26,41.57,1006.84,4.63,0
39.03,77.95,1015.36,3.07,0
30.65,70.22,1016.02,3.55,0
30.93,58.65,991.37,29.59,1
24.09,77.45,1018.74,5.8,0
30.54,56.81,1001.58,7.51,0
25.78,92.41,993.33,21.89,1
24.56,93.8,1009.88,15.39,0
39.51,72.84,1001.24,13.93,1
38.79,41.83,1006.46,27.29,0
32.69,65.09,1005.42,11.22,0
37.9,44.04,1015.85,22.85,0
28.26,79.09,1007.38,10.5,0
23.81,97.08,1014.54,8.63,0
33.37,88.59,1017.59,15.55,1
37.81,74.66,1015.61,20.39,0
37.14,93.78,1012.65,4.95,0
36.57,47.78,1007.7,7.3,0
31.62,89.71,1007.0,17.28,1
25.2,73.48,1010.69,4.24,0
27.23,43.59,1001.83,26.75,0
39.11,49.5,997.24,16.01,1
21.09,89.59,990.03,5.59,0
38.99,68.36,1001.4,22.53,1
37.59,92.92,998.13,11.13,1
29.64,94.51,1008.32,6.72,0
36.3,84.29,1017.13,15.36,1
33.65,49.94,994.34,6.79,0
26.88,68.45,1002.81,28.7,0
32.98,98.32,1019.82,2.59,0
34.68,84.5,1001.68,24.9,1
22.71,50.37,991.91,5.28,0
24.22,43.95,1002.46,19.47,0
35.36,63.73,1018.38,22.87,0
38.88,57.9,993.99,6.92,0
21.65,42.0,996.74,5.69,0
20.77,53.39,990.66,8.17,0
25.95,74.12,1009.79,10.86,0
25.08,76.88,1015.84,23.01,0
23.04,40.52,993.25,14.63,0
38.64,45.52,1011.76,2.76,0
29.98,74.81,996.65,2.56,0
38.88,92.8,991.35,11.79,1
36.99,75.44,1013.89,2.29,0
29.63,89.11,990.41,21.87,1
30.9,40.8,991.59,5.59,0
38.25,86.24,992.67,2.84,1
38.3,95.19,1004.49,3.2,1
21.41,73.15,1014.32,16.6,0
30.25,56.79,994.1,13.34,1
21.79,54.65,1002.63,18.95,0
20.27,80.68,992.07,26.22,1
25.21,52.08,1013.46,26.2,0
20.07,83.74,995.56,23.31,1
32.02,56.03,999.89,29.32,1
22.69,55.16,993.0,26.41,0
28.22,67.19,1009.68,14.71,0
36.75,43.47,1012.52,20.6,0
22.8,48.06,995.19,3.12,0
30.02,49.24,1007.83,19.07,0
38.74,70.08,990.23,25.14,1
25.18,70.51,1011.8,23.93,0
23.33,57.18,1018.09,26.97,0
21.84,79.44,1009.16,9.8,0
28.1,73.15,990.5,9.67,0
21.41,63.23,991.15,7.45,0
32.39,51.79,990.74,3.35,0
25.43,50.68,1007.83,28.99,0
38.13,81.28,998.73,4.57,1
20.95,74.85,997.31,8.11,0
35.55,62.08,1007.25,8.74,0
36.1,88.2,1003.96,14.22,1
39.88,91.65,1001.13,23.98,1
30.43,77.96,1002.58,5.19,1
24.38,76.3,1014.57,15.06,0
23.71,67.84,990.81,13.68,0
23.56,63.58,1011.83,6.1,0
20.67,40.28,1005.13,11.59,0
38.93,53.31,1010.79,28.08,0
38.93,78.79,999.19,11.06,1
36.1,85.22,1015.05,27.14,1
36.68,94.17,1007.3,9.29,0
36.47,40.85,992.9,12.35,1
27.63,70.54,994.25,14.11,0
21.63,44.39,1018.58,23.83,0
33.16,61.75,1002.49,27.98,1
33.4,51.18,1013.44,22.69,0
39.71,41.85,1000.02,7.43,0
24.78,94.4,998.41,27.01,1
32.08,57.31,1015.25,5.96,0
32.25,93.02,1012.69,6.72,0
35.91,95.21,1000.95,5.64,1
38.89,42.91,1004.87,29.6,1
30.51,44.14,1004.32,29.45,1
31.43,57.68,1016.95,24.7,0
24.7,78.34,1016.77,10.47,0
29.72,58.91,1003.45,7.21,0
29.66,53.95,1008.8,26.28,0
37.4,47.65,1014.92,21.86,0
24.04,89.96,1015.34,7.0,0
23.26,98.44,999.97,10.68,0
27.77,50.86,1018.47,20.38,0
37.03,68.33,1013.96,15.97,0
25.65,54.77,1009.9,17.2,0
27.58,65.71,994.34,29.54,0
24.13,67.13,1011.96,20.36,0
25.68,52.42,1004.17,26.28,0
27.42,55.03,998.69,14.04,0
36.77,91.45,996.86,2.59,1
28.9,64.93,1012.94,29.34,0
28.34,84.92,995.31,3.96,1
36.55,77.73,997.54,20.59,1
23.29,86.35,998.36,18.28,1
37.2,99.0,998.03,29.01,1
21.09,70.43,994.59,24.23,0
26.04,68.53,994.79,10.59,0
21.97,75.33,994.74,5.84,0
23.9,65.2,1009.85,3.12,0
30.18,68.33,1019.33,13.42,0
20.03,46.31,990.84,13.93,0
35.48,41.84,1013.64,5.57,0
26.55,54.05,1015.1,6.81,0
31.58,67.06,997.39,26.46,1
36.77,66.12,1002.42,20.65,1
25.56,68.53,991.17,18.51,0
32.04,76.26,997.23,13.32,1
29.47,46.78,996.57,20.39,1
34.65,92.34,993.71,18.4,1
26.92,58.04,1010.24,10.79,0
26.05,64.53,994.98,21.05,0
34.4,75.96,1017.79,4.49,0
32.25,85.72,1015.83,17.82,1
34.86,50.55,1016.88,18.31,0
21.32,97.77,991.59,11.08,0
29.98,92.44,1007.79,20.65,1
24.3,86.85,1012.32,2.12,0
26.8,53.39,999.46,13.28,0
23.4,52.71,1002.29,27.46,0
20.6,89.6,991.49,2.16,0
29.89,47.42,1001.53,5.78,0
24.95,92.98,1004.94,17.31,1
29.31,44.44,1016.57,29.4,0
21.27,99.83,999.64,12.17,1
28.62,42.89,1019.78,15.09,0
38.44,87.87,1000.57,2.59,1
30.93,60.55,999.57,17.8,1
22.14,71.79,1010.9,2.22,0
27.55,85.01,1014.97,21.23,0
38.74,78.45,1016.72,23.39,1
39.49,42.21,1010.12,8.68,0
22.33,89.56,991.22,28.75,1
28.2,76.19,1003.41,20.81,1
35.52,68.56,991.04,23.18,1
33.88,68.13,1017.62,3.83,0
28.96,77.36,1008.08,12.2,1
34.79,66.36,998.52,9.3,0
27.92,79.61,1015.53,9.5,0
25.95,60.3,1003.61,2.95,0
28.09,85.53,1012.93,11.27,0
22.35,93.86,1005.29,28.99,0
36.24,79.83,1005.85,28.41,1
33.69,97.94,1014.77,16.74,1
21.96,81.22,990.68,4.62,0
37.58,96.41,1007.19,18.13,1
32.72,40.8,1015.34,23.2,0
39.55,76.75,999.59,21.01,1
24.94,77.99,995.56,23.83,1
27.76,94.0,1001.56,2.61,0
31.79,48.02,1009.6,26.17,0
38.92,40.86,1000.88,16.37,1
24.93,86.79,1000.05,5.8,0
32.57,84.56,1007.36,6.99,0
22.3,49.83,996.95,6.98,0
22.82,96.08,990.1,22.62,1
21.51,91.8,1015.24,24.68,0
23.44,75.71,1004.6,24.7,1
39.75,88.35,994.73,21.4,1
26.18,71.93,996.37,24.68,0
31.31,88.66,1005.12,25.07,1
39.66,71.73,1001.9,4.47,0
35.65,99.75,1014.55,4.26,0
22.56,49.74,994.09,28.5,0
32.46,52.8,994.83,13.81,1
36.72,54.77,1015.17,4.31,0
29.96,97.51,1015.86,10.34,0
31.65,93.72,1014.2,24.7,1
39.9,43.84,993.52,8.68,0
25.01,66.16,990.05,4.94,0
36.33,41.2,1008.57,19.2,0
33.57,99.73,1014.79,27.45,1
39.84,58.11,1013.07,3.68,0
29.8,62.91,1000.52,10.76,0
39.99,69.94,1012.79,10.53,0
32.08,41.95,1000.86,7.09,0
39.2,60.8,1002.31,19.13,1
35.61,89.85,1019.79,3.94,0
26.78,56.25,997.04,11.22,0
26.65,90.22,1016.32,2.13,0
33.41,57.68,1013.97,24.14,0
22.85,61.31,1005.23,28.3,0
35.22,67.78,1009.64,24.41,0
22.82,70.08,1003.4,19.18,0
22.49,98.02,1006.42,2.82,0
30.29,89.72,1000.23,15.76,1
27.22,89.65,992.78,7.64,0
37.79,45.83,992.39,28.36,1
36.7,89.5,991.04,9.62,1
24.01,93.01,1018.07,2.31,0
27.14,91.58,1007.73,10.15,0
37.18,54.69,1015.35,2.19,0
33.61,70.11,1016.35,26.68,0
22.87,80.35,1010.61,13.67,0
20.74,64.0,1015.29,11.41,0
20.4,45.23,1007.4,7.22,0
33.8,50.61,1007.72,18.52,0
25.48,80.0,1012.48,14.62,0
31.88,57.73,995.6,15.28,1
21.83,48.78,996.71,4.14,0
38.64,42.04,998.75,22.69,1
35.78,99.98,1005.45,4.62,0
26.04,90.98,1003.13,5.65,0
29.93,62.3,1014.7,10.76,0
37.55,68.22,1004.8,14.82,1
20.41,65.36,1002.72,20.09,0
35.62,94.68,1004.04,8.63,1
30.15,62.67,1012.2,28.93,0
33.25,94.58,1017.92,9.61,0
32.23,60.15,1001.66,25.87,1
36.51,58.83,1005.1,23.05,0
26.49,51.49,1015.86,24.37,0
20.87,60.67,1017.46,26.05,0
31.32,45.58,997.63,23.21,1
26.53,63.27,991.54,12.88,0
35.47,56.02,1011.06,7.56,0
30.55,48.3,1016.54,7.64,0
36.66,49.09,1016.32,8.83,0
35.44,89.25,1007.89,4.34,0
27.2,77.06,991.12,16.96,1
20.94,67.83,999.33,7.72,0
37.49,81.98,998.05,5.46,1
28.87,48.02,1012.19,3.87,0
21.11,79.6,1009.79,13.31,0
35.57,96.55,996.46,28.18,1
29.96,67.98,1013.18,4.74,0
21.46,54.86,997.62,11.07,0
34.05,92.86,995.63,19.65,1
34.09,44.64,997.24,27.93,1
24.45,98.82,1005.47,21.17,0
21.72,48.78,1012.26,28.49,0
29.29,83.54,1017.04,28.69,1
38.19,65.08,1005.13,28.24,0
21.62,64.92,1011.04,3.36,0
25.33,88.55,992.91,5.92,0
33.71,40.47,1003.28,23.73,1
38.53,42.78,1015.75,12.01,0
39.66,43.63,1015.54,4.89,0
31.77,54.96,992.72,24.94,1
27.92,89.75,996.38,23.97,1
29.89,71.4,1017.91,24.39,0
36.05,84.88,993.47,9.26,1
30.81,43.3,1006.38,28.06,0
32.41,44.67,1009.43,17.33,0
33.88,80.05,1012.94,6.41,0
26.92,43.12,991.2,26.44,0
20.06,69.21,1018.12,23.29,0
21.25,99.49,1012.81,18.14,0
32.39,60.78,1009.66,23.82,0
36.07,46.3,1016.7,5.6,0
32.88,58.63,991.14,22.71,1
21.3,83.91,993.2,14.15,1
31.64,50.44,1018.67,2.64,0
26.57,51.32,1019.78,17.23,0
28.12,53.39,1014.28,23.09,0
39.69,48.86,1016.09,19.52,0
29.45,75.67,1012.68,24.0,1
32.52,83.06,994.02,22.43,1
20.38,64.96,1017.54,20.21,0
37.79,96.93,1014.07,23.25,1
29.35,53.53,1018.29,9.84,0
37.35,44.29,990.06,8.93,0
28.93,71.58,990.44,23.79,1
30.13,59.79,1007.06,20.43,0
38.66,97.39,1006.94,21.43,1
28.25,94.77,1018.52,10.22,0
22.45,52.73,1008.95,10.57,0
22.73,70.58,990.34,6.74,0
29.4,54.3,996.62,19.07,1
32.68,43.29,1014.41,28.94,0
24.85,67.27,1017.39,3.44,0
31.13,82.21,1008.21,13.35,1
28.37,55.22,1011.91,8.2,0
30.16,70.5,999.75,11.12,0
27.66,98.09,1011.41,6.28,0
28.02,68.88,1018.18,23.54,0
32.49,81.51,997.28,17.66,1
25.11,74.3,1012.19,20.27,0
32.52,63.41,1008.77,10.84,0
38.95,86.25,995.33,9.7,1
20.62,86.07,1012.42,19.11,0
30.05,47.5,1002.71,5.92,0
33.85,69.75,997.81,11.51,0
38.63,57.86,998.81,18.48,1
34.34,54.83,1003.74,28.54,1
37.94,47.37,995.55,23.52,1
39.92,44.82,1015.28,17.36,0
23.9,44.8,1003.58,15.76,0
26.42,58.23,1016.84,27.27,0
27.68,67.02,1013.85,18.04,0
21.23,73.07,1000.9,12.17,0
39.35,75.84,993.5,15.74,1
35.72,80.38,1017.74,6.15,0
35.8,66.9,1008.87,7.37,0
29.86,50.95,1003.54,8.84,0
28.87,96.09,990.13,16.57,1
39.82,60.96,1000.06,19.86,1
23.09,73.23,1011.73,22.58,0
37.07,54.3,1010.99,16.69,0
37.86,70.19,991.82,17.62,1
30.4,81.18,1012.01,16.76,1
22.21,99.03,998.45,13.25,1
33.55,50.06,994.41,22.55,1
22.43,98.28,997.9,21.93,1
38.03,98.43,1002.73,12.84,1
32.79,53.17,1002.07,16.67,1
26.33,70.07,1003.03,3.57,0
33.71,64.43,1007.39,6.07,0
36.61,73.44,1000.71,6.69,0
32.12,83.94,1002.88,6.78,1
28.73,53.25,996.43,27.09,1
31.88,54.94,991.61,9.11,0
23.37,86.49,1017.63,29.91,0
28.24,60.53,1007.87,14.11,0
21.86,54.9,1015.32,25.06,0
38.76,89.82,1008.94,9.73,0
39.33,55.67,1006.35,5.49,0
22.73,98.38,990.78,23.55,1
39.3,80.34,991.11,17.43,1
31.57,68.37,1008.1,23.13,0
29.26,47.53,1009.68,27.61,0
34.59,81.75,1008.22,8.58,0
28.79,57.45,996.95,6.04,0
29.11,55.06,993.17,21.08,1
35.57,97.93,1014.38,17.53,1
36.01,40.3,1007.47,20.73,0
39.16,49.5,997.58,12.66,1
38.73,92.52,1004.08,26.39,1
37.64,84.65,1003.06,4.07,1
28.59,53.45,1001.58,26.03,1
39.27,75.95,1014.64,24.98,1
28.33,92.96,1007.24,25.97,1
28.4,81.57,992.2,22.29,1
27.43,84.61,1006.54,10.82,0
35.51,67.05,999.54,2.29,0
35.09,68.07,1002.81,24.75,1
31.91,58.45,999.63,8.44,0
26.64,45.88,1011.36,9.62,0
32.98,47.22,1014.82,9.14,0
30.51,48.17,1015.75,10.17,0
30.18,75.81,1010.51,3.4,0
30.78,71.32,995.89,17.82,1
36.68,66.47,991.88,14.39,1
36.46,69.16,1010.65,7.43,0
28.84,82.36,1017.15,15.89,1
20.35,98.82,1013.41,26.97,0
31.8,53.34,990.77,3.68,0
20.23,88.58,1016.36,15.91,0
25.35,65.36,1001.61,24.21,0
34.67,42.56,1016.04,28.84,0
20.01,47.76,1010.08,12.24,0
39.01,83.41,992.62,9.58,1
28.57,91.02,1018.29,25.14,1
33.09,86.36,992.08,9.52,1
37.09,58.96,1005.21,3.96,0
26.74,62.26,994.56,29.08,0
24.66,60.75,1006.75,20.0,0
30.06,96.97,1014.49,18.13,1
27.24,43.6,1006.99,4.8,0
24.54,71.68,1001.84,26.46,0
26.35,49.19,1003.25,10.18,0
34.13,64.25,1002.78,28.41,1
26.53,84.7,1001.97,24.52,1
20.07,74.94,1002.09,14.57,0
36.55,72.7,997.64,6.82,0
28.76,57.67,1000.11,21.43,1
38.11,79.91,1019.13,13.11,1
38.87,66.66,1016.45,10.63,0
37.92,83.71,1013.03,12.61,1
21.4,91.25,1001.26,10.16,0
30.65,82.53,1019.55,13.38,1
31.28,69.75,1004.73,17.98,1
29.04,65.25,990.35,19.28,1
35.49,89.84,1001.06,28.18,1
31.71,54.35,1006.54,16.01,0
35.39,97.25,997.48,24.44,1
34.27,94.03,1008.98,23.61,1
39.57,65.18,1000.83,17.46,1
34.17,55.15,1016.59,5.15,0
31.23,54.74,1005.55,9.1,0
32.43,61.0,1017.81,15.1,0
28.33,43.27,1007.39,22.89,0
31.43,84.45,1006.66,26.13,1
23.88,53.68,997.03,19.56,0
30.84,72.41,1019.98,5.94,0
27.19,88.11,992.74,22.87,1
26.58,42.39,1002.57,21.16,0
25.51,41.02,1018.13,24.77,0
23.35,61.96,1001.95,19.87,0
33.52,85.49,1000.2,6.86,1
31.01,73.5,1014.2,25.37,0
33.17,48.72,993.94,18.84,1
21.94,86.9,1013.89,19.31,0
31.11,66.35,1011.74,20.14,0
24.94,42.08,1001.35,3.46,0
34.88,76.27,1000.63,8.3,1
37.45,91.52,998.62,3.76,1
29.78,93.33,1007.76,2.77,0
31.81,74.15,996.47,18.86,1
21.43,70.93,1011.49,20.21,0
38.38,78.13,1005.18,16.59,1
32.19,43.43,995.67,17.85,1
35.82,52.97,1006.1,13.31,0
38.55,58.63,991.72,9.61,0
39.31,55.9,1003.75,2.72,0
33.65,80.67,991.12,27.57,1
39.77,65.2,1017.46,3.19,0
20.12,91.37,1009.26,10.13,0
39.46,85.47,998.39,7.36,1
34.42,77.01,1001.83,16.78,1
35.1,75.75,997.12,8.56,1
36.67,66.28,1019.24,14.84,0
28.28,56.51,998.46,12.24,1
23.83,57.25,1004.76,11.67,0
21.48,86.71,1009.56,8.82,0
32.21,60.47,1003.25,3.35,0
21.07,42.35,1018.1,19.97,0
20.86,74.35,1012.58,19.04,0
22.0,80.03,995.27,28.18,1
31.54,85.12,1002.04,15.49,1
31.4,44.89,1009.35,25.12,0
31.25,76.48,1016.19,6.76,0
24.32,70.37,1011.6,24.61,0
20.41,66.92,1013.89,16.49,0
25.69,82.45,1005.5,22.32,0
24.18,52.11,1005.73,22.24,0
30.82,83.15,1009.44,20.46,1
31.73,55.84,1017.99,10.32,0
34.58,46.69,1011.83,25.99,0
32.46,64.37,1001.75,26.13,1
37.38,90.3,1000.19,13.5,1
23.81,60.24,1012.78,15.17,0
39.6,71.58,1006.12,2.9,0
27.22,57.18,1016.76,24.09,0
28.01,63.83,997.65,28.95,1
25.67,75.5,994.05,18.97,1
20.5,47.01,1014.05,11.51,0
39.72,79.44,1008.56,25.17,1
27.45,90.88,1010.32,29.68,0
28.47,42.53,1001.18,8.62,0
24.01,67.1,1018.12,4.24,0
38.01,41.82,1018.18,19.96,0
28.23,59.04,992.7,2.37,0
22.84,86.78,990.9,17.66,1
33.11,40.05,1003.27,14.18,1
38.68,60.78,998.93,26.87,1
35.42,98.25,1012.05,11.89,0
27.4,47.31,994.67,12.68,0
36.89,66.31,991.83,9.41,0
34.94,76.33,996.38,28.27,1
29.78,44.16,992.66,29.38,1
20.72,65.33,1019.13,26.2,0
33.51,40.42,1004.56,15.36,1
37.48,78.65,990.59,22.74,1
36.6,75.09,1003.71,9.09,1
32.51,45.56,1011.15,17.34,0
25.29,67.1,997.03,29.47,0
38.5,60.39,1000.66,12.99,1
37.19,82.77,1014.58,8.56,0
25.06,70.38,1008.21,2.42,0
38.49,79.88,1005.88,11.88,0
29.02,78.01,1010.75,10.23,0
25.64,47.3,1000.12,16.14,0
35.55,98.59,1013.17,29.21,1
26.25,71.19,1016.67,15.42,0
29.02,78.27,1002.93,9.23,1
29.72,67.7,999.81,14.79,1
32.19,70.13,999.81,25.49,1
33.08,78.76,1005.19,14.29,1
24.54,56.75,1007.72,13.16,0
24.72,73.96,1009.26,6.04,0
21.39,46.4,1007.34,26.56,0
30.27,40.75,991.74,20.74,1
39.1,48.7,996.33,15.65,1
26.65,74.52,1011.68,20.36,0
31.39,99.29,997.26,12.46,1
28.94,68.21,1016.16,13.3,0
20.97,54.69,998.15,2.87,0
34.64,50.7,1016.75,25.75,0
23.87,44.63,1006.36,28.87,0
23.15,66.47,1005.39,25.55,0
35.29,49.18,1002.36,14.66,1
23.91,81.08,1007.29,29.92,0
38.11,67.86,1013.55,3.73,0
39.94,81.85,994.56,20.45,1
23.44,94.31,1018.2,6.34,0
26.32,56.12,996.61,27.77,0
33.19,58.61,996.17,23.28,1
39.82,61.82,992.89,8.48,0
25.62,46.18,996.66,13.72,0
29.77,82.5,992.16,11.39,1
31.07,85.56,997.53,26.01,1
23.38,40.13,1014.48,16.1,0
36.47,75.84,1011.12,21.95,1
32.03,60.03,993.51,25.28,1
24.97,75.87,1006.46,15.83,0
30.88,47.25,1016.78,22.39,0
26.26,52.07,999.54,23.95,0
24.28,93.89,1006.08,15.2,0
29.2,69.46,1002.63,19.22,1
32.73,50.85,998.21,15.11,1
36.14,74.32,992.44,14.74,1
28.23,40.97,990.6,16.49,1
25.36,81.64,1014.15,25.55,0
34.67,59.32,991.79,19.64,1
30.46,62.83,998.85,9.25,0
30.68,78.06,1004.49,28.91,1
22.26,56.01,994.73,5.87,0
25.09,74.41,1003.66,17.12,0
32.42,93.38,1004.34,6.75,1
22.63,92.68,991.27,15.29,1
37.15,85.92,1005.07,28.73,1
22.23,96.68,994.38,29.66,1
39.14,77.25,997.35,2.33,1
33.17,52.17,1010.49,9.72,0
36.0,62.54,1001.26,4.99,0
20.01,62.56,1006.02,14.49,0
27.87,82.35,999.08,11.6,0
22.18,51.56,995.96,14.81,0
29.9,61.53,1001.11,16.58,1
39.92,53.24,1012.93,10.61,0
22.66,73.29,1006.37,17.12,0
30.11,47.61,1004.11,29.51,1
30.07,40.59,1000.49,24.87,1
28.58,95.89,1006.66,16.48,1
39.54,87.05,993.92,11.04,1
26.15,93.42,1014.93,11.69,0
39.83,95.6,1016.78,13.96,1
30.44,52.89,994.33,29.18,1
21.44,40.01,1014.11,28.8,0
36.62,82.43,1019.76,27.57,1
36.87,59.11,1005.52,19.58,0
33.53,71.23,1016.79,7.53,0
37.87,98.87,991.8,8.68,1
26.86,48.26,1012.53,27.64,0
22.35,49.75,1008.8,23.47,0
33.94,61.81,1005.87,25.45,0
38.78,97.88,1014.15,26.03,1
32.05,68.97,1011.38,12.68,0
25.95,72.6,1019.51,20.84,0
20.14,46.95,994.84,3.24,0
22.33,96.13,1018.26,29.16,0
30.53,84.66,1006.2,14.94,1
38.77,42.34,1002.9,8.82,0
21.29,89.07,995.78,7.74,0
33.46,65.37,991.19,27.68,1
22.31,44.72,1000.7,21.06,0
29.9,97.18,1006.64,26.82,1
28.21,48.04,1006.82,14.23,0
26.24,55.03,994.98,16.85,0
33.02,80.69,995.47,2.52,1
39.32,45.25,1015.11,22.8,0
29.93,78.36,1013.88,6.51,0
28.6,48.57,994.1,15.61,1
33.37,70.28,1010.25,27.76,0
37.86,98.61,996.76,17.77,1
31.92,62.73,1007.22,16.36,0
22.75,61.06,991.16,23.89,0
25.67,97.31,1009.26,16.67,0
38.14,79.08,1003.68,2.28,1
39.02,64.76,995.81,7.01,0
39.27,94.4,1012.86,24.03,1
27.33,86.39,1007.06,28.43,0
30.23,78.98,994.32,18.01,1
32.68,44.67,1009.54,21.53,0
38.2,62.61,1012.75,20.73,0
29.59,84.4,1000.7,5.62,1
20.35,52.09,997.72,13.94,0
37.14,93.31,998.84,18.37,1
24.22,74.47,1006.46,21.58,0
20.26,63.75,1014.36,14.86,0
24.33,46.58,1016.38,4.07,0
39.48,84.52,1005.36,26.24,1
21.77,63.06,995.37,22.26,0
22.76,84.87,990.36,27.28,1
33.04,57.22,1016.09,18.65,0
22.58,84.03,1007.38,19.81,0
35.71,69.51,1008.37,16.34,0
21.75,58.8,1009.03,21.52,0
33.28,75.97,991.7,2.26,1
39.7,86.83,999.27,4.82,1
30.29,53.52,996.8,21.19,1
27.08,76.41,1011.57,14.27,0
36.78,67.69,1001.38,28.48,1
29.88,53.05,1007.08,22.84,0
26.85,76.39,1018.85,2.71,0
22.36,86.63,999.72,26.99,1
36.19,55.75,1009.09,29.96,0
34.19,96.63,990.49,27.36,1
30.27,84.59,1011.4,24.76,1
20.06,84.77,1009.5,7.12,0
32.22,44.58,1000.48,12.43,1
29.32,90.57,992.32,25.16,1
23.69,83.38,1011.02,3.72,0
25.21,71.43,1009.21,27.87,0
23.14,75.2,1004.67,26.83,1
37.95,84.75,1003.28,23.06,1
26.01,51.92,997.96,29.78,0
28.05,85.13,994.68,19.98,1
29.46,87.62,990.73,22.67,1
32.97,83.39,993.8,9.4,1
35.0,66.66,992.43,21.33,1
22.78,48.98,1004.19,2.34,0
37.31,66.35,996.61,8.51,0
24.71,88.07,1017.13,12.85,0
37.97,43.82,1016.25,25.87,0
28.2,98.25,995.81,21.92,1
27.41,89.28,1009.12,17.92,0
31.46,81.83,1005.97,28.08,1
31.46,43.35,996.64,25.0,1
37.83,70.22,992.28,28.43,1
23.98,54.79,1016.56,24.87,0
23.11,84.0,993.36,29.77,1
24.4,46.66,999.87,13.75,0
34.32,99.19,993.14,28.46,1
37.94,45.22,1013.35,22.16,0
37.87,71.91,1010.82,27.3,0
36.68,43.71,1006.96,8.21,0
32.66,66.25,1011.2,9.13,0
29.76,49.41,1013.85,5.47,0
33.86,95.06,1005.97,11.34,0
21.1,40.68,1008.45,16.0,0
34.52,74.46,1000.06,17.61,1
26.52,91.89,1005.79,13.17,0
22.27,52.66,1013.38,18.22,0
20.05,90.46,1018.57,19.91,0
23.13,83.28,1011.09,15.33,0
33.68,59.81,1002.74,10.93,0
35.89,75.62,990.46,6.3,1
37.85,58.88,1006.63,5.89,0
37.33,90.13,1006.83,27.99,1
36.18,95.88,999.88,13.97,1
25.34,46.49,1004.6,7.61,0
32.88,48.13,990.71,3.42,0
26.74,61.34,996.94,25.16,0
29.56,73.33,991.18,4.04,0
27.55,48.81,999.45,22.76,0
28.18,78.73,1012.87,17.85,1
38.24,59.21,991.24,23.81,1
30.27,76.08,996.85,29.39,1
26.85,53.55,1014.0,10.58,0
25.7,46.52,1011.18,5.15,0
29.58,74.73,1015.29,10.91,0
34.47,72.8,995.05,9.91,0
29.6,61.44,1005.67,27.48,0
25.59,77.51,998.79,15.26,1
28.66,66.8,1019.74,19.64,0
21.17,57.89,1012.83,8.8,0
26.69,55.81,994.09,29.03,0
28.2,42.21,1011.41,19.59,0
27.17,62.38,1014.77,7.38,0
29.3,47.49,1003.13,17.42,1
32.4,52.04,995.96,16.71,1
35.7,72.2,1018.96,20.77,0
35.97,46.72,1013.01,6.04,0
23.85,63.2,990.12,14.25,0
27.23,98.54,1012.99,25.69,0
26.93,44.53,999.03,2.73,0
36.78,98.29,1002.48,27.53,1
20.8,80.92,1000.34,3.34,0
39.11,53.66,999.53,18.23,1
30.53,64.7,1009.67,14.39,0
32.52,89.12,1003.81,18.02,1
38.55,87.25,1010.49,11.49,0
24.79,49.43,1013.87,27.08,0
29.08,64.08,995.85,4.22,0
31.52,47.13,1009.49,7.58,0
38.71,97.62,1013.6,27.74,1
33.38,66.81,1005.97,8.7,0
22.81,78.7,1016.05,13.95,0
35.44,70.04,999.74,22.44,1
21.16,99.23,1008.07,14.15,0
23.1,51.35,994.85,15.09,0
26.52,87.07,998.83,2.04,0
25.67,73.33,1001.94,2.88,0
33.86,97.66,1013.46,6.06,0
30.27,88.15,1016.66,3.91,0
38.46,72.57,992.0,8.52,0
32.58,70.4,994.45,12.32,1
24.73,78.9,991.56,18.44,1
23.21,84.7,1008.93,12.49,0
35.49,93.41,1003.67,22.73,1
23.66,53.63,1000.41,29.17,0
28.97,69.23,1015.47,11.85,0
26.49,95.18,1014.46,7.01,0
39.41,91.44,993.83,29.63,1
21.27,54.73,1018.61,12.8,0
21.64,41.61,1004.47,27.44,0
27.51,72.57,1001.62,16.62,0
37.9,80.47,998.86,8.4,1
21.84,72.42,994.79,7.89,0
34.3,50.64,1016.82,29.27,0
20.23,83.17,995.36,16.36,1
28.88,87.81,1008.08,5.29,0
20.2,65.13,1009.27,9.74,0
34.62,86.5,1002.25,19.46,1
28.42,74.15,1007.89,29.85,0
21.01,61.76,1003.48,26.24,0
25.26,74.79,1019.54,2.03,0
38.71,62.13,1003.66,13.84,1
29.42,50.62,1003.98,24.29,1
31.03,95.46,998.68,8.7,1
20.08,80.12,997.08,10.8,0
36.53,58.6,992.46,2.17,0
35.39,60.41,1002.87,26.28,1
28.22,98.57,999.82,23.51,1
27.17,44.8,1006.98,21.64,0
27.08,88.42,997.76,16.48,1
31.16,63.96,990.48,12.88,1
34.01,70.05,1010.67,22.15,0
23.34,94.94,1001.73,11.35,0
22.55,59.89,991.61,20.91,0
37.57,46.91,992.2,27.65,1
36.19,46.97,1012.2,3.95,0
35.18,89.43,997.49,5.25,1
29.52,61.75,1001.84,6.01,0
35.72,94.91,1014.77,17.89,1
32.56,64.71,994.02,20.1,1
26.27,45.41,994.17,23.4,0
35.07,63.68,1011.0,28.33,0
24.07,94.16,1014.31,13.78,0
31.95,72.43,1004.94,27.21,1
31.18,81.85,1007.13,6.19,0
36.61,91.36,994.5,11.29,1
24.7,78.64,1008.58,12.56,0
26.66,63.75,991.27,19.98,0
21.74,53.86,1012.3,26.73,0
31.94,67.2,1019.92,26.0,0
24.94,54.17,1014.92,11.5,0
30.84,79.36,1016.68,13.45,1
21.89,64.04,1010.71,6.27,0
37.27,60.65,1008.45,4.82,0
27.23,71.33,1011.05,3.47,0
37.68,56.27,991.41,19.3,1
33.55,43.02,994.24,18.31,1
29.0,58.83,1005.98,22.89,0
27.42,73.63,993.86,20.35,0
34.04,42.85,1007.06,12.75,0
29.85,59.92,1003.02,19.39,1
37.63,88.53,993.87,15.14,1
30.01,72.98,994.62,18.51,1
24.5,69.99,1017.49,8.21,0
32.28,75.65,999.08,26.99,1
37.31,97.57,996.72,12.82,1
27.56,87.77,995.87,6.21,0
25.62,43.31,995.8,28.41,0
38.78,74.22,1019.1,3.68,0
28.15,47.14,992.26,19.77,1
29.59,61.61,1001.4,10.1,0
29.52,53.42,1003.86,20.68,1
39.95,98.44,997.51,2.45,1
26.77,89.9,1017.91,26.82,0
39.6,87.04,999.53,24.07,1
22.19,44.8,1007.9,21.15,0
28.38,63.31,998.57,12.89,1
21.2,72.35,1006.15,25.02,0
32.78,48.11,1007.51,9.71,0
21.88,76.44,991.11,16.22,1
32.66,86.03,1005.71,25.55,1
38.66,62.41,998.68,20.3,1
21.53,99.22,1004.62,5.61,0
26.59,86.99,1009.96,22.52,0
29.72,57.94,990.12,15.72,1
39.55,58.43,996.78,11.12,0
34.15,97.33,1003.71,24.94,1
36.97,92.12,997.18,17.02,1
25.7,60.31,991.95,19.13,0
24.08,68.2,994.93,29.35,0
36.53,82.85,1012.28,26.92,1
37.94,83.17,1005.68,5.79,0
37.08,47.79,1004.75,18.67,1
25.39,70.64,1006.27,28.5,0
36.02,93.46,1018.01,27.5,1
29.46,53.56,1002.61,24.7,1
29.15,74.86,998.7,9.59,0
39.35,47.78,1016.84,25.09,0
26.96,75.78,1018.27,28.72,0
33.89,83.39,1004.4,14.12,1
22.53,90.99,1009.93,9.77,0
35.11,61.25,1007.5,11.08,0
37.3,69.52,1019.41,16.06,0
28.28,54.63,1005.78,18.63,0
26.69,77.94,1018.3,14.45,0
29.99,56.03,1002.51,10.57,0
31.05,43.95,1002.55,20.72,1
32.01,93.91,1008.73,8.62,0
37.34,88.62,1017.22,27.0,1
34.11,99.45,1016.71,26.52,1
28.98,84.34,1016.31,29.99,1
36.57,74.1,994.79,27.47,1
36.94,69.49,1008.89,12.23,0
24.97,60.11,1007.04,25.71,0
31.98,50.02,1006.87,3.47,0
20.03,64.17,1017.33,9.37,0
35.6,66.06,1005.75,11.88,0
26.94,75.2,992.04,22.78,1
20.79,44.34,992.92,25.98,0
27.03,79.17,1002.91,29.54,1
30.56,52.57,1011.57,13.29,0
31.49,43.03,1015.76,24.11,0
25.55,53.97,1008.48,14.46,0
27.69,95.99,1011.7,20.39,0
39.74,73.95,1003.6,23.72,1
26.77,93.3,1002.33,5.36,0
39.46,81.16,1013.55,24.53,1
22.81,64.05,1016.73,16.16,0
27.79,65.57,991.13,28.5,0
20.89,61.46,1008.54,11.07,0
30.82,40.19,1001.65,18.85,1
39.95,46.94,998.75,8.6,0
39.76,82.78,991.66,29.39,1
26.62,74.91,1004.64,16.38,0
32.53,82.57,1008.57,29.54,1
30.03,60.56,1004.02,5.09,0
26.26,44.51,990.51,26.73,0
36.75,47.66,1004.23,5.93,0
23.03,90.3,1003.96,13.97,1
22.1,40.72,1002.25,9.94,0
28.26,46.6,992.01,20.77,1
29.54,52.56,996.54,27.68,1
24.01,84.22,993.95,16.45,1
32.18,92.72,1011.39,21.33,1
21.9,98.62,1002.26,20.12,1
26.74,77.65,1003.76,23.89,1
31.97,52.19,1000.17,5.63,0
23.07,50.31,990.89,10.1,0
37.02,68.27,1009.71,23.33,0
34.02,97.19,992.37,25.9,1
28.96,86.86,990.27,26.58,1
26.05,90.85,997.97,20.85,1
24.22,67.25,991.03,27.45,0
28.79,54.84,997.92,5.4,0
32.09,80.42,1008.33,24.48,1
27.7,94.09,993.02,24.43,1
37.7,68.84,990.91,25.75,1
36.34,46.62,999.47,14.41,1
36.79,96.28,993.07,19.57,1
29.47,92.22,1000.4,18.32,1
38.44,88.63,994.25,24.99,1
30.32,57.58,991.3,17.76,1
35.32,43.35,1008.29,13.95,0
28.67,53.86,1001.79,9.32,0
26.24,41.89,990.23,13.03,0
33.62,64.62,1009.04,17.09,0
30.86,64.0,1002.23,6.5,0
29.02,70.6,995.94,4.47,0
34.79,64.94,997.13,11.71,0
27.02,61.55,990.65,4.13,0
35.58,96.71,1008.06,9.86,0
30.53,83.33,990.18,23.36,1
33.66,57.53,1001.01,12.32,1
24.86,89.95,995.72,17.07,1
28.05,83.49,990.68,21.17,1
22.45,40.56,1018.07,14.57,0
20.96,58.99,1000.73,22.8,0
23.42,63.36,1002.87,27.95,0
32.77,76.0,1004.71,10.22,1
22.55,79.89,999.07,14.76,1
21.25,65.02,1007.82,14.16,0
38.27,56.59,1001.47,29.36,1
24.76,91.54,1005.02,15.24,0
27.84,44.76,991.49,20.13,0
31.51,85.16,1004.97,12.74,1
22.69,84.16,1004.3,12.44,1
37.98,49.19,994.58,12.9,1
31.93,95.12,995.98,19.21,1
24.51,90.38,998.0,4.64,0
26.93,44.48,1008.94,9.64,0
24.58,63.34,999.48,8.47,0
30.25,53.3,1010.08,14.46,0
31.96,85.47,1006.96,14.36,1
36.1,78.13,990.84,21.34,1
33.53,58.13,1002.92,9.82,0
37.01,96.91,1013.39,29.06,1
29.26,65.72,994.99,19.43,1
31.99,76.48,1005.31,17.34,1
25.57,89.84,1005.89,27.13,0
25.25,79.18,997.45,28.61,1
32.35,44.86,992.13,23.84,1
32.55,46.7,997.48,4.86,0
23.81,70.17,996.4,23.95,0
23.91,87.92,1013.3,2.4,0
28.99,75.03,992.79,2.1,1
23.46,63.06,992.6,18.45,0
24.38,73.28,1013.8,11.37,0
39.09,67.4,990.9,17.81,1
26.05,47.74,1007.86,14.67,0
22.9,85.99,999.56,11.91,0
38.59,45.6,999.05,6.59,0
29.52,66.86,1009.98,20.8,0
38.54,80.51,1011.04,20.29,1
26.77,46.27,991.86,10.64,0
31.65,63.37,1017.83,17.94,0
39.74,67.58,996.74,25.39,1
28.49,81.81,1006.39,27.39,1
31.04,86.34,996.34,13.53,1
36.67,67.9,1005.81,28.92,0
25.61,84.81,1011.3,4.54,0
24.24,65.08,1017.94,17.34,0
23.2,94.2,1011.2,27.38,0
27.53,55.17,994.19,11.2,0
33.5,68.55,1014.27,16.99,0
27.45,59.79,1004.4,12.6,0
39.28,44.27,1001.0,26.37,1
30.01,83.8,1017.09,20.29,1
20.16,84.44,999.36,13.29,1
29.6,47.57,1014.88,12.42,0
30.06,59.1,994.42,17.7,1
36.34,92.02,1014.54,28.46,1
33.82,48.4,996.3,5.64,0
33.95,88.03,1006.08,26.82,1
36.6,86.94,1000.96,8.74,1
27.03,75.76,997.78,2.77,0
39.51,80.87,1010.26,22.1,1
22.92,50.62,996.06,11.0,0
31.61,95.07,1003.72,3.42,1
31.67,54.05,1006.53,23.37,0
28.73,88.56,1018.41,12.4,1
33.98,56.73,991.9,12.72,1
33.82,71.1,1019.18,10.67,0
26.31,91.56,1012.24,4.34,0
37.51,77.98,1004.19,20.02,1
25.71,70.1,1000.28,22.38,0
20.53,81.13,992.0,14.09,1
36.56,67.22,1019.54,27.23,0
30.37,46.67,999.81,27.34,1
28.72,60.87,1015.77,23.94,0
25.52,43.72,1008.24,9.01,0
39.68,54.22,999.76,7.21,0
21.22,84.21,993.74,13.57,1
30.94,84.21,997.74,5.13,1
23.71,83.03,1011.37,27.83,0
39.9,54.21,994.98,5.54,0
39.72,48.71,994.78,26.01,1
37.0,55.94,991.48,12.84,1
28.83,65.42,1014.3,14.88,0
39.83,52.89,1006.23,21.94,0
33.7,85.77,1018.86,22.49,1
24.84,82.95,1006.54,9.98,0
21.57,51.01,1000.23,10.04,0
28.18,97.2,1012.91,17.71,1
29.13,82.23,1001.89,18.27,1
38.1,76.4,1000.02,26.58,1
27.12,43.59,1013.72,18.95,0
39.48,67.9,995.6,18.63,1
21.21,61.4,1005.01,29.1,0
33.61,51.6,1005.88,5.16,0
28.79,44.46,1004.2,27.05,1
38.42,80.36,993.94,25.58,1
30.67,98.92,1017.01,2.91,0
24.35,85.66,993.3,10.23,0
28.94,54.03,1008.08,9.86,0
20.15,63.82,1000.63,2.71,0
37.96,64.57,996.22,24.75,1
31.65,54.01,1007.98,18.78,0
39.73,87.61,1004.95,23.38,1
39.46,51.15,992.35,15.11,1
28.17,93.99,1015.88,21.08,1
39.73,53.52,1017.62,4.88,0
32.52,43.92,1011.4,13.63,0
27.49,73.19,999.64,5.52,0
31.63,42.36,1009.3,27.28,0
26.97,99.96,996.47,26.62,1
26.73,40.59,990.87,18.91,0
38.19,48.25,1000.22,21.84,1
23.0,75.29,1006.52,4.06,0
20.93,46.6,1016.77,24.28,0
36.54,42.3,1005.46,14.59,0
33.39,83.19,998.3,11.71,1
32.76,68.58,1019.34,5.86,0
25.23,96.99,990.63,26.16,1
22.45,58.7,1018.29,5.93,0
28.63,90.77,1017.77,5.8,0
23.35,53.76,1014.79,5.56,0
34.71,50.75,993.9,13.94,1
21.97,97.73,1000.46,9.02,0
36.64,43.69,1009.38,25.42,0
33.39,53.51,1003.53,8.2,0
27.08,43.89,1011.62,7.83,0
29.95,42.93,997.05,8.43,0
30.85,56.69,1019.67,23.75,0
25.67,56.06,1007.73,8.51,0
36.17,72.48,1012.11,12.46,0
31.96,83.22,1002.57,15.28,1
31.99,83.48,999.95,12.25,1
22.93,55.47,995.47,12.63,0
26.96,89.35,1001.1,15.7,1
36.03,45.63,1006.95,24.91,0
33.18,70.07,1019.67,26.88,0
30.82,55.61,1010.62,3.18,0
33.96,49.41,998.23,22.65,1
25.05,49.78,997.07,14.59,0
27.26,64.73,1004.63,2.55,0
32.11,51.25,1008.17,16.18,0
36.04,42.39,994.36,16.15,1
36.58,51.74,992.93,19.63,1
35.59,76.65,1006.47,20.65,1
35.88,58.54,991.12,28.48,1
23.39,91.86,994.95,13.49,1
27.06,72.44,998.72,5.39,0
28.96,95.92,1012.3,2.72,0
38.75,58.68,1017.74,12.73,0
30.84,47.23,1010.81,28.51,0
37.62,94.03,1013.69,14.84,1
30.5,51.62,1014.4,6.77,0
24.39,47.11,1010.28,15.99,0
22.86,55.73,992.49,18.45,0
24.85,63.86,1019.57,27.81,0
33.09,77.47,1010.26,8.74,0
38.06,50.47,1015.79,20.64,0
33.64,91.22,1014.99,27.88,1
24.16,87.91,1015.17,4.0,0
32.79,63.89,990.44,5.09,0
27.42,79.64,1014.86,6.18,0
21.62,75.14,992.58,16.27,1
39.38,55.49,1010.1,3.73,0
35.53,96.03,1003.59,5.3,1
29.54,81.22,1009.37,14.49,1
30.88,68.23,1013.7,10.65,0
23.88,42.65,995.9,21.27,0
35.3,70.83,996.02,16.15,1
34.96,99.27,1013.28,17.04,1
20.33,67.51,1008.34,27.47,0
36.3,43.94,1003.28,11.89,0
27.67,58.0,1000.54,14.15,0
21.22,65.55,1007.85,3.68,0
38.2,99.34,1006.23,10.83,0
39.42,47.38,1015.9,29.09,0
22.97,93.82,1005.61,8.53,0
34.93,64.17,1010.39,10.47,0
28.04,96.48,1002.09,27.5,1
23.93,66.07,1002.08,5.54,0
24.71,42.18,1000.94,12.12,0
37.37,89.86,1001.63,22.4,1
35.24,67.42,1007.82,23.25,0
36.01,62.17,998.37,18.54,1
37.5,53.48,1008.7,4.09,0
31.22,79.02,1005.97,24.37,1
31.06,56.0,997.51,4.75,0
35.1,58.17,994.5,8.44,0
35.33,70.73,1013.68,28.41,0
27.6,89.99,1006.69,26.78,0
27.29,99.41,998.11,26.38,1
31.16,93.71,1003.22,7.78,1
36.29,40.78,997.48,21.48,1
23.47,90.06,1008.9,13.33,0
23.73,97.96,1015.35,9.01,0
29.68,61.67,1017.1,29.65,0
23.56,53.51,1010.96,4.81,0
32.22,44.64,1010.84,22.94,0
36.54,63.35,1013.49,24.88,0
24.24,72.33,999.51,7.54,0
23.34,62.92,995.82,14.61,0
30.98,74.55,1009.03,27.27,0
27.46,74.34,1005.19,12.39,0
35.79,56.37,1011.04,19.91,0
32.71,59.57,1010.73,11.59,0
37.86,81.34,1011.61,9.78,0
22.39,59.64,1010.79,3.83,0
28.93,97.44,1000.74,27.12,1
28.67,90.1,1017.37,22.29,1
38.32,65.35,992.85,14.48,1
33.2,40.87,1015.31,28.49,0
22.18,45.99,1012.08,26.15,0
36.91,63.46,995.73,17.65,1
30.15,77.33,1001.9,10.74,1
22.12,91.38,994.58,26.19,1
37.95,81.02,1005.83,2.17,0
33.99,94.27,1005.57,24.65,1
34.37,55.14,1012.88,11.91,0
20.68,46.27,992.8,17.16,0
39.08,61.75,1008.77,19.88,0
35.29,74.66,1011.39,13.96,0
27.19,44.05,1012.47,13.11,0
28.32,64.9,1002.02,21.82,1
22.32,92.7,1004.33,3.84,0
29.69,75.46,1011.98,16.32,1
22.58,51.32,1018.79,24.14,0
25.9,79.54,1018.76,11.84,0
21.04,62.84,1015.41,23.06,0
32.37,82.17,1001.51,22.69,1
32.17,69.05,995.71,23.86,1
21.36,55.12,1012.04,18.16,0
31.96,54.16,999.4,27.15,1
30.83,58.29,1011.54,17.55,0
26.82,99.63,1010.07,28.93,0
27.25,70.18,993.82,29.39,0
39.73,45.58,1017.26,16.05,0
39.07,58.85,1001.22,9.46,0
33.84,50.44,1013.25,6.59,0
30.17,72.17,998.11,28.07,1
35.52,51.45,1007.93,7.4,0
23.51,67.7,1014.13,27.78,0
31.05,56.57,1019.34,7.6,0
30.94,72.65,1003.13,26.11,1
31.09,46.71,1001.93,11.22,0
37.25,64.3,1010.13,11.58,0
29.86,41.2,1016.78,25.06,0
33.89,51.27,1010.57,28.56,0
22.8,58.59,993.49,25.94,0
23.08,45.04,1003.16,7.68,0
37.01,93.76,1015.62,26.87,1
25.57,99.75,998.08,21.85,1
37.29,93.8,990.2,10.47,1
22.42,81.2,990.65,23.24,1
21.48,90.99,1005.08,13.84,0
27.6,58.5,1009.96,2.89,0
33.09,51.21,993.03,23.86,1
26.79,51.09,1017.99,5.19,0
22.01,66.94,991.24,14.79,0
36.55,40.14,1012.72,16.26,0
20.8,63.48,998.77,14.1,0
22.64,80.54,992.38,23.46,1
35.42,92.27,1010.08,6.48,0
32.77,50.56,996.64,26.54,1
21.9,69.81,998.84,28.66,0
28.76,60.43,993.17,28.05,1
24.52,99.96,994.96,4.41,0
22.99,65.04,990.74,7.4,0
20.81,77.36,1009.07,29.67,0
24.88,77.17,998.55,10.93,0
35.03,77.2,991.97,24.9,1
39.06,40.35,991.01,5.0,0
31.21,69.64,992.22,24.71,1
37.67,68.25,1019.85,26.65,0
20.96,45.81,999.2,23.25,0
34.33,54.4,992.45,7.29,0
37.63,57.76,996.77,27.12,1
20.08,70.37,1008.23,8.36,0
30.31,81.26,992.56,13.02,1
30.67,71.18,994.56,13.95,1
24.31,53.45,1000.8,25.21,0
37.41,57.64,1004.06,18.35,1
29.05,85.8,1000.99,10.03,1
20.96,75.83,1008.29,3.11,0
35.61,47.22,1009.2,13.61,0
35.83,92.15,1014.88,19.04,1
31.52,56.99,1000.69,19.99,1
37.54,73.0,999.9,14.7,1
22.24,77.24,1018.88,17.69,0
29.39,54.51,1017.58,20.38,0
21.05,99.39,1015.82,18.69,0
28.9,53.48,998.01,6.59,0
20.18,91.33,1010.94,8.81,0
33.84,46.01,1019.66,27.6,0
31.34,46.98,1010.65,6.43,0
23.44,58.33,1019.84,29.26,0
28.26,47.47,993.12,28.29,1
28.66,81.79,1003.99,25.63,1
23.34,87.91,1010.56,6.66,0
32.45,80.2,998.42,24.21,1
27.43,54.03,1017.69,2.3,0
39.26,73.28,991.5,23.82,1
34.5,94.01,1008.52,26.79,1
33.42,76.98,994.98,11.83,1
31.3,66.89,1007.52,3.22,0
26.28,83.14,991.27,29.86,1
21.96,90.82,1003.76,26.84,1
23.48,73.27,997.57,16.82,0
38.6,55.99,998.45,9.45,0
22.19,79.48,993.3,12.48,1
30.69,63.78,1003.69,27.21,1
39.92,86.93,1017.88,21.33,1
39.09,50.41,1009.82,13.77,0
24.15,98.14,1002.0,28.06,1
33.61,62.97,1010.64,28.11,0
39.79,92.41,992.48,28.65,1
36.62,71.27,994.65,23.2,1
33.6,46.56,1012.78,3.31,0
28.57,62.95,1013.92,12.68,0
21.4,84.31,991.46,19.24,1
37.92,88.5,999.86,14.42,1
29.71,48.85,1008.23,3.96,0
30.04,53.08,1013.12,8.38,0
35.21,78.06,1004.85,24.55,1
21.41,94.61,997.31,11.35,0
32.33,89.08,1019.66,27.07,1
37.27,61.73,995.76,23.08,1
20.75,55.3,990.71,13.7,0
28.92,63.07,1003.96,25.53,1
38.85,55.29,996.92,20.05,1
23.36,87.17,1008.77,23.13,0
24.3,51.23,1000.78,4.28,0
23.49,43.96,1014.63,13.28,0
23.61,52.04,1007.11,12.41,0
30.67,69.22,1004.18,10.11,0
37.19,66.49,1015.7,12.09,0
29.92,77.53,992.78,9.47,1
27.25,66.68,993.29,2.45,0
38.98,80.6,1000.55,26.64,1
29.04,77.81,1002.72,19.86,1
27.21,93.98,992.0,17.03,1
25.41,79.69,999.2,19.73,1
32.3,41.57,1015.2,17.02,0
22.41,83.93,1001.04,9.03,0
34.41,70.13,994.87,24.25,1
33.03,46.18,1012.54,15.08,0
32.56,40.39,1010.71,21.97,0
38.14,57.2,1002.58,27.43,1
26.62,45.09,1009.86,19.17,0
21.05,48.96,1020.0,7.08,0
33.85,84.71,1003.11,8.23,1
20.51,83.34,992.05,17.62,1
31.69,46.77,1001.64,12.45,1
38.35,68.32,1005.89,5.33,0
20.31,83.68,1004.26,23.11,1
20.79,74.03,1017.85,17.9,0
30.83,68.39,993.4,12.24,1
38.81,66.31,1009.45,25.69,0
20.85,45.1,1018.94,18.73,0
39.27,57.12,1003.69,5.68,0
38.01,69.31,1009.68,25.04,0
29.7,74.2,1006.41,15.91,0
35.66,93.12,1008.82,10.62,0
20.97,85.14,1003.22,29.51,1
33.58,81.94,993.18,7.12,1
20.91,59.94,1014.0,22.93,0
38.86,59.83,1002.73,19.08,1
20.43,86.14,1001.06,12.41,1
24.61,59.79,1012.42,14.54,0
27.28,92.37,1003.11,18.65,1
33.17,49.26,995.49,4.36,0
27.73,81.0,1010.12,4.87,0
27.06,73.07,1005.68,7.14,0
22.64,57.01,1016.83,12.95,0
34.73,49.53,1007.33,8.88,0
34.93,51.17,1006.74,23.8,0
23.88,98.31,1005.73,12.48,0
24.75,82.84,992.01,7.74,0
29.48,82.09,1000.43,7.63,1
37.72,86.72,1000.99,24.48,1
35.27,86.45,1017.67,29.17,1
21.07,68.37,991.16,23.92,0
30.73,42.04,1015.15,7.83,0
35.9,70.67,1008.11,21.24,0
30.89,70.1,1010.3,12.91,0
23.05,87.84,1002.68,26.32,1
23.37,89.6,998.29,23.73,1
34.82,97.98,995.99,6.49,1
38.0,53.42,1016.04,2.02,0
39.0,65.0,1015.29,5.21,0
26.63,48.77,1000.56,14.72,0
26.92,63.95,991.07,18.65,0
33.87,48.87,1012.49,29.79,0
32.09,68.06,1019.85,6.82,0
28.6,61.48,1000.56,27.61,1
31.5,46.96,995.54,19.88,1
33.4,41.17,1001.59,12.56,1
37.98,62.42,991.65,29.92,1
33.69,99.44,1005.91,2.88,0
32.19,96.17,1004.26,15.88,1
28.59,42.37,1012.29,5.09,0
37.87,95.78,1002.69,27.59,1
33.89,74.02,1001.44,21.22,1
39.66,79.44,1016.33,5.01,0
39.68,81.79,992.82,15.34,1
34.54,94.7,1006.83,25.72,1
37.84,69.02,995.82,24.21,1
27.52,53.29,996.22,20.12,0
30.53,67.68,1002.98,20.48,1
21.45,72.93,999.3,24.49,0
39.45,94.34,1016.05,29.58,1
24.26,58.55,1007.54,18.16,0
39.49,47.82,1008.84,15.96,0
29.24,97.55,1006.57,5.93,0
32.19,56.96,1009.26,27.0,0
36.3,49.48,1007.9,7.42,0
39.27,41.43,1006.78,28.12,0
27.5,56.23,998.93,28.01,0
37.17,51.16,1018.2,21.57,0
33.79,43.69,990.35,27.43,1
24.63,55.46,1012.9,7.36,0
23.76,80.21,1019.09,12.68,0
27.54,77.8,1007.1,13.05,0
20.62,47.33,1001.35,7.37,0
29.04,42.06,1010.49,26.68,0
36.78,94.5,1017.96,17.23,1
24.88,42.4,997.16,6.48,0
31.16,60.86,998.94,10.36,0
34.33,58.27,990.5,18.7,1
38.14,75.92,1012.34,20.59,1
25.88,76.84,1017.68,13.47,0
21.66,46.17,1016.1,18.47,0
37.05,71.75,1018.74,22.95,0
26.91,53.66,995.41,15.78,0
37.46,44.09,1019.1,10.87,0
35.81,84.39,990.92,8.01,1
21.99,41.67,997.82,2.64,0
34.57,82.19,997.8,11.43,1
29.28,40.64,1011.24,27.83,0
22.02,45.18,1018.44,7.59,0
27.75,96.44,1003.28,22.3,1
29.5,69.88,1017.37,25.12,0
37.5,84.94,999.31,12.73,1
24.72,46.3,1003.22,16.85,0
29.92,44.62,996.54,4.96,0
28.67,72.84,1018.12,29.93,0
23.46,62.97,1008.42,13.87,0
26.85,59.36,998.24,22.62,0
24.69,64.04,1001.39,17.88,0
29.85,91.59,992.15,6.71,1
36.54,75.32,1006.97,15.39,1
33.49,78.28,992.2,9.67,1
28.27,45.02,1016.93,20.06,0
22.81,64.73,1005.1,20.45,0
38.72,56.4,996.87,5.35,0
37.56,88.04,990.97,26.18,1
35.15,92.25,1013.17,26.34,1
20.17,91.56,1018.51,22.97,0
35.81,56.75,991.28,10.65,0
36.02,96.35,990.88,27.18,1
32.62,52.84,993.0,18.69,1
37.74,96.97,1003.32,12.01,1
33.07,46.9,992.03,21.81,1
29.26,55.87,994.81,18.39,1
38.92,66.32,1000.75,12.14,1
34.72,76.45,996.4,3.52,1
24.42,40.54,997.27,2.65,0
21.88,95.51,1007.83,12.63,0
32.68,89.77,1009.36,18.29,1
24.83,70.96,991.37,19.54,0
37.96,78.83,1011.92,24.17,1
35.19,66.68,1010.9,10.58,0
25.64,67.27,998.33,8.54,0
21.14,98.15,990.56,11.5,0
35.18,45.65,996.26,4.92,0
23.07,48.35,1003.66,17.09,0
22.59,72.35,1003.63,13.51,0
30.6,50.92,1014.76,7.74,0
20.85,72.48,1012.69,18.53,0
31.54,85.22,992.3,20.81,1
35.33,54.44,1017.98,17.01,0
36.91,81.32,991.56,23.89,1
22.65,68.65,1012.19,16.43,0
23.33,78.5,996.89,29.76,1
26.93,49.58,992.39,5.37,0
22.77,86.01,1015.8,4.31,0
33.62,53.32,1017.54,18.33,0
35.15,66.5,993.99,5.46,0
29.24,90.61,1011.19,26.45,1
33.07,80.56,1019.9,8.24,0
21.23,87.9,996.23,4.99,0
21.55,72.56,997.31,24.86,0
20.95,91.28,1008.58,16.53,0
32.18,93.2,999.26,4.15,1
23.66,64.88,1003.89,5.35,0
31.63,89.38,1017.69,17.62,1
33.96,82.53,1011.38,24.74,1
22.0,82.75,999.77,28.44,1
21.37,43.35,1014.32,28.54,0
28.19,88.06,1016.48,17.62,1
23.94,50.8,1006.84,10.47,0
31.14,56.24,1010.15,16.99,0
39.57,67.83,997.68,7.43,0
35.75,93.31,1007.21,7.96,0
32.32,90.57,990.66,5.97,1
36.72,88.54,1014.85,8.15,0
30.06,75.65,998.25,13.49,1
27.56,88.69,1008.85,3.24,0
36.47,49.97,1010.87,4.42,0
38.45,47.84,997.19,3.05,0
31.04,66.42,1016.28,25.67,0
38.29,97.81,1006.9,4.6,0
23.52,96.07,1015.46,20.34,0
22.56,79.3,992.74,16.7,1
34.48,97.07,1005.97,29.95,1
38.12,53.11,998.36,10.89,0
29.15,88.59,993.86,28.02,1
23.62,80.4,1011.45,11.12,0
22.92,75.24,1000.59,20.9,1
30.85,86.81,1007.66,18.35,1
25.31,88.95,1005.82,6.99,0
23.66,90.91,1002.82,5.88,0
31.1,59.15,1003.76,22.67,1
35.32,64.02,1011.95,13.74,0
37.61,44.8,1019.58,25.93,0
35.1,74.97,1002.38,10.38,0
31.31,77.15,1019.57,18.25,1
30.77,92.23,993.38,29.19,1
22.97,57.26,1018.6,13.2,0
36.4,88.79,993.11,11.52,1
37.1,77.35,1012.16,8.96,0
26.98,72.52,991.4,3.45,0
31.14,54.49,1009.42,13.4,0
24.34,83.64,1004.91,13.04,1
38.14,54.36,1012.99,26.76,0
38.48,42.26,1012.68,27.78,0
21.48,65.84,992.77,4.59,0
20.78,50.56,997.55,7.29,0
38.55,56.74,1001.64,23.68,1
36.24,70.86,1007.83,19.43,0
35.75,65.97,1004.74,21.31,1
35.99,43.32,995.96,27.04,1
29.39,75.07,1000.63,16.14,1
25.31,86.53,1014.86,22.98,0
35.22,94.74,1009.52,26.95,1
25.83,88.39,993.41,26.05,1
21.22,41.71,1016.67,19.06,0
31.08,63.17,1011.14,27.67,0
31.72,62.74,995.21,8.64,0
34.62,96.93,998.7,19.58,1
23.7,58.95,994.24,20.59,0
39.29,59.22,997.58,11.89,0
28.0,42.94,994.19,29.66,0
32.62,71.75,1019.31,25.86,0
24.1,66.13,998.69,9.74,0
32.94,68.74,998.69,23.22,1
31.09,57.83,991.93,14.31,1
25.44,77.09,1017.07,12.78,0
27.27,63.92,997.7,8.3,0
34.78,89.34,993.32,25.01,1
20.32,74.89,1007.88,11.23,0
38.52,87.43,995.18,4.73,1
34.12,74.7,990.33,26.02,1
34.63,76.21,1005.65,9.11,0
21.14,92.18,1016.88,23.12,0
33.98,98.28,999.79,28.7,1
28.81,96.8,990.97,23.17,1
27.07,77.69,1006.25,11.11,0
27.32,73.38,1006.71,28.16,0
29.51,50.32,1014.82,4.64,0
34.49,70.32,1005.27,18.28,0
20.57,80.84,1009.26,7.98,0
39.94,62.27,1011.83,28.02,0
30.33,51.98,1014.53,13.39,0
25.48,74.26,1016.13,6.95,0
25.96,44.23,1014.2,15.21,0
37.03,69.61,991.11,11.37,0
33.19,62.1,993.46,18.52,1
34.76,88.14,993.03,2.47,1
28.27,59.61,991.54,15.76,1
31.1,89.17,1002.25,26.19,1
32.05,91.35,1013.25,23.25,1
32.92,51.5,1016.25,16.06,0
27.63,52.54,1001.52,21.09,0
30.35,47.51,1018.69,16.73,0
32.55,61.65,1004.35,25.6,1
26.86,42.85,1006.99,4.09,0
22.07,46.32,1010.12,16.28,0
25.72,65.76,1008.49,25.24,0
36.22,98.46,1018.28,28.36,1
27.15,72.7,1008.52,14.79,0
23.09,97.08,1016.73,2.02,0
22.27,50.22,1010.7,9.03,0
28.3,51.35,1000.3,17.23,1
31.5,68.46,991.91,3.28,0
35.11,83.55,1005.22,6.9,0
39.47,80.13,1016.06,14.64,1
39.07,68.12,1012.43,28.21,0
22.33,62.56,1014.86,23.12,0
25.82,50.21,1012.52,27.33,0
36.68,84.92,1003.77,22.95,1
28.12,97.6,1006.83,29.34,1
33.67,81.98,1007.22,2.74,0
24.58,86.79,1012.51,6.15,0
33.25,96.61,994.48,8.83,1
20.12,47.57,995.34,4.92,0
38.93,50.24,992.38,6.69,0
26.05,82.88,1003.94,18.78,1
35.23,60.94,992.9,7.15,0
34.44,53.65,990.7,21.65,1
31.43,99.37,1009.31,7.79,0
28.68,45.12,1003.19,16.6,1
39.66,82.41,992.39,14.44,1
36.27,64.61,1015.07,12.82,0
27.44,81.22,1019.41,22.96,0
29.9,80.19,1018.46,8.06,0
31.11,69.52,1008.34,17.59,0
36.36,42.17,993.76,22.59,1
36.01,40.44,1019.15,21.14,0
27.87,98.92,992.99,21.31,1
33.82,75.71,1006.87,14.3,1
30.89,48.99,990.9,25.27,1
21.22,68.22,1002.03,4.39,0
39.62,68.4,1016.43,23.95,0
36.6,55.34,992.32,7.77,0
37.08,43.19,1016.7,10.94,0
20.66,68.19,991.05,4.55,0
25.39,42.6,999.6,22.16,0
37.82,86.99,1005.93,22.57,1
33.26,48.33,993.94,19.66,1
23.6,63.9,994.02,25.62,0
36.08,90.2,1008.99,5.94,0
22.58,48.55,996.4,17.76,0
31.77,41.41,1013.28,17.91,0
20.01,87.35,1001.99,6.38,0
23.82,83.32,998.55,3.26,0
31.36,67.41,1009.84,23.2,0
28.21,99.15,1004.07,18.5,1
31.77,49.19,1012.65,8.61,0
32.93,95.91,1016.08,9.99,0
38.72,94.77,996.35,21.05,1
28.74,41.83,1011.31,14.69,0
30.45,64.36,993.36,29.6,1
39.9,82.17,1007.07,25.43,1
22.84,41.92,1001.92,24.62,0
35.48,70.77,996.98,27.45,1
24.01,50.9,995.5,7.95,0
37.79,53.26,1011.57,27.64,0
20.71,99.22,1004.57,19.97,1
24.86,81.92,992.41,15.34,1
28.86,42.64,1012.62,13.67,0
33.95,44.47,1005.12,7.41,0
29.14,97.62,994.55,18.43,1
22.8,86.81,1005.61,21.18,0
34.16,83.34,1002.8,20.37,1
28.62,80.91,1013.88,11.36,0
25.72,63.42,1001.87,13.67,0
25.83,42.63,1002.55,18.88,0
34.74,76.52,1018.07,6.75,0
39.47,40.52,1003.78,14.53,1
34.41,70.11,998.42,14.57,1
33.36,62.22,1018.16,26.03,0
33.25,76.89,991.57,2.01,1
29.88,84.56,1003.32,10.3,1
35.87,72.28,1007.57,5.57,0
34.11,72.12,1009.22,2.22,0
33.09,50.03,1008.72,2.04,0
28.24,74.75,998.2,21.13,1
29.23,71.16,1019.39,16.31,0
36.83,62.29,995.33,9.92,0
20.46,52.63,1000.41,3.13,0
25.87,83.56,1012.41,23.76,0
24.11,73.56,1013.75,4.41,0
21.93,60.62,990.09,13.36,0
28.36,88.45,1019.03,20.33,1
36.74,57.9,1002.64,25.36,1
27.14,81.33,1012.21,7.6,0
20.07,72.12,990.47,14.36,0
26.56,70.22,1018.26,2.83,0
28.72,53.87,1016.34,28.64,0
26.27,89.28,1013.94,19.28,0
24.36,54.63,1001.67,5.03,0
25.44,43.24,994.19,20.23,0
23.08,47.54,991.55,12.84,0
27.91,73.16,998.42,27.64,0
21.63,96.97,1001.28,8.16,0
27.0,45.0,991.45,22.81,0
27.04,93.1,1011.5,2.08,0
20.9,97.82,1013.97,16.67,0
28.41,47.72,999.05,11.78,0
29.22,92.86,1008.36,20.64,1
22.21,82.39,1018.61,4.68,0
36.14,40.54,990.55,7.85,0
20.19,81.44,1006.32,3.1,0
23.04,98.12,999.75,11.45,0
22.29,68.91,992.38,11.05,0
36.9,54.21,996.54,28.3,1
24.71,85.43,1004.95,23.13,1
30.4,60.8,1012.95,6.32,0
31.91,54.51,1003.4,5.47,0
26.61,65.04,992.94,7.99,0
29.57,77.76,1007.17,22.64,1
37.03,65.26,994.82,11.55,0
30.41,62.91,1019.63,17.15,0
31.96,74.61,991.23,24.76,1
21.14,72.69,1000.5,4.14,0
36.39,70.87,1004.42,23.86,1
33.98,57.6,1019.14,12.56,0
35.66,97.17,1018.67,25.25,1
31.62,81.47,1007.93,2.78,0
30.49,91.5,1017.85,6.27,0
35.84,99.87,992.87,13.74,1
35.66,40.13,1005.29,27.46,0
29.41,79.94,1003.07,18.17,1
21.33,90.75,1012.59,3.97,0
39.76,41.4,1000.98,12.34,1
25.74,65.06,1010.73,8.0,0
21.35,58.87,995.44,19.27,0
23.39,69.78,1015.4,2.63,0
35.01,50.15,1006.46,18.06,0
38.61,77.76,1018.63,10.81,0
27.88,88.35,991.96,28.73,1
37.43,69.03,1001.87,10.31,0
31.95,76.18,1013.87,21.33,1
28.75,88.19,992.06,29.15,1
36.57,53.16,1017.26,16.16,0
27.41,65.67,991.82,18.62,0
30.12,86.61,1002.59,23.03,1
34.67,41.31,997.56,26.07,1
34.43,62.03,1017.37,5.92,0
23.21,54.45,1016.5,26.76,0
27.91,91.95,1000.38,29.98,1
25.48,83.04,991.82,18.31,1
21.05,59.38,990.83,11.48,0
34.33,49.55,994.18,17.64,1
31.68,76.93,1015.44,11.89,0
23.17,86.07,999.35,28.12,1
26.7,85.38,991.03,20.18,1
38.14,66.68,992.46,28.6,1
37.92,86.59,1002.51,11.96,1
37.83,61.06,1016.47,28.13,0
30.63,90.79,1007.24,3.43,0
30.48,46.36,1014.88,15.53,0
27.15,86.67,990.89,5.82,0
34.65,94.67,1008.46,27.88,1
30.48,78.18,1005.76,23.45,1
31.34,59.76,997.0,13.16,1
29.63,53.47,1012.39,9.21,0
30.43,43.95,992.13,15.63,1
39.56,68.78,1013.85,11.62,0
34.84,55.74,993.71,18.8,1
36.24,63.81,1011.71,21.98,0
38.57,55.69,996.81,21.01,1
36.45,65.73,999.14,11.34,0
30.14,44.03,1013.85,28.75,0
22.52,52.13,1003.6,14.62,0
39.54,47.85,1004.85,22.45,1
20.32,66.52,1007.6,4.38,0
31.31,76.01,1017.5,4.74,0
38.41,44.04,1000.53,14.73,1
30.19,95.32,1015.86,3.46,0
24.56,72.13,995.71,26.17,0
33.49,80.69,1013.17,3.3,0
30.84,80.38,1009.29,24.47,1
31.76,96.92,994.88,21.92,1
29.71,71.77,991.12,21.69,1
31.77,76.55,1000.86,11.42,1
25.71,57.8,992.68,8.59,0
38.56,71.69,997.09,3.95,0
34.06,60.75,1000.03,27.63,1
30.76,68.83,998.59,10.97,0
33.91,95.6,1000.13,25.95,1
29.8,42.5,1015.88,20.74,0
25.82,81.37,1005.72,17.99,0
25.97,79.79,1008.07,16.0,0
36.48,48.86,995.03,26.87,1
20.2,96.45,992.94,19.11,1
33.22,86.7,1013.94,3.11,0
28.26,69.56,1013.37,23.57,0
38.82,92.94,1016.86,17.2,1
25.55,88.69,1009.52,25.54,0
28.38,44.74,1014.74,11.58,0
39.31,46.13,1008.71,28.45,0
20.13,95.35,1013.86,6.13,0
20.54,64.02,996.45,20.97,0
20.27,55.49,994.6,7.9,0
32.76,88.07,994.05,23.67,1
39.93,48.62,1010.38,5.8,0
28.65,72.94,1004.44,26.96,1
33.33,93.38,1011.1,15.44,1
36.43,54.61,1009.89,18.45,0
33.53,78.65,1003.09,2.54,1
35.61,52.06,1007.13,23.65,0
24.9,88.79,1019.96,5.03,0
26.47,93.42,993.04,26.7,1
29.34,84.77,1019.52,18.52,1
33.46,72.46,1016.68,25.44,0
37.45,73.21,1015.02,15.82,0
25.05,73.88,1007.3,23.85,0
24.79,71.51,1016.12,17.16,0
36.45,54.14,1008.14,19.28,0
21.83,73.46,1013.57,10.65,0
34.55,94.54,1003.49,28.59,1
39.6,43.79,993.39,28.21,1
38.59,46.33,1007.53,20.59,0
29.14,43.47,995.42,4.87,0
22.74,66.56,1008.67,6.26,0
21.54,81.24,1018.16,23.52,0
26.69,84.01,1003.02,23.32,1
35.22,97.99,1002.72,3.19,1
33.37,73.35,1009.08,17.21,0
38.92,50.2,1018.2,10.43,0
25.44,63.4,995.51,15.24,0
23.27,94.29,1014.48,27.02,0
35.83,88.74,1016.84,11.12,0
34.52,75.74,1004.16,16.24,1
29.98,99.99,991.51,25.05,1
23.8,41.89,997.33,10.42,0
32.8,55.75,1001.38,7.97,0
39.45,71.44,1007.68,27.13,0
26.68,48.29,993.12,13.89,0
24.93,91.27,1019.7,12.31,0
38.4,45.19,998.76,12.64,1
25.81,46.07,994.9,11.81,0
27.92,89.68,1009.12,19.11,0
29.08,60.8,1009.99,18.89,0
22.97,71.63,990.55,28.46,0
30.35,84.71,993.91,24.63,1
34.89,40.87,1018.8,11.09,0
21.45,40.38,993.12,12.26,0
22.72,86.81,991.02,14.07,1
38.84,80.24,1015.63,28.93,1
29.28,91.84,1003.27,21.48,1
28.98,73.96,994.53,25.43,1
22.27,66.12,1006.59,2.73,0
22.28,72.5,998.73,29.81,0
36.0,40.88,1015.97,23.87,0
33.36,70.3,1015.85,11.31,0
24.78,89.64,995.19,13.56,1
34.52,60.15,994.63,3.2,0
38.89,45.82,992.22,23.43,1
33.82,96.33,1013.71,2.26,0
37.21,91.19,991.59,20.43,1
30.42,46.34,1018.21,21.29,0
26.78,73.36,998.84,26.89,0
21.45,82.54,1001.62,24.45,1
22.11,40.88,994.52,17.1,0
22.23,63.54,1002.58,22.2,0
28.75,96.15,999.7,13.1,1
31.69,76.94,1001.46,11.4,1
29.79,52.91,993.2,25.69,1
33.7,52.23,995.83,8.83,0
31.4,44.99,1003.66,17.63,1
27.79,54.86,1015.26,18.37,0
23.07,58.39,992.36,14.57,0
23.34,92.15,1005.65,26.89,0
26.2,42.84,990.66,24.38,0
22.45,60.03,1007.38,28.67,0
28.21,91.81,1005.65,16.05,1
27.34,47.57,996.86,5.6,0
22.09,95.52,1018.37,15.04,0
30.63,52.31,990.92,11.67,0
36.63,95.84,1006.14,3.32,0
33.37,76.71,990.27,25.36,1
23.67,83.06,1001.12,16.36,1
26.42,54.43,999.66,3.86,0
21.29,45.69,997.98,23.21,0
33.19,62.65,1002.61,19.08,1
31.35,55.71,1004.18,15.18,1
25.0,49.92,1015.79,9.74,0
39.85,78.95,990.9,29.86,1
31.64,95.86,1000.42,9.38,1
26.82,92.85,992.28,27.39,1
39.1,86.92,1000.93,26.7,1
29.29,48.7,1002.27,25.12,1
29.84,61.83,997.12,20.28,1
27.46,70.16,993.96,28.76,0
31.45,96.22,993.87,24.81,1
26.21,45.11,1005.09,3.41,0
27.19,83.13,1001.08,18.4,1
38.24,89.95,1014.67,23.41,1
21.52,55.85,1007.72,13.1,0
23.28,79.08,997.94,16.59,1
27.44,63.63,1005.97,8.07,0
23.43,73.33,1006.07,29.62,0
39.75,92.84,998.48,16.09,1
32.35,76.59,1009.11,28.29,1
35.42,40.92,1009.26,15.42,0
24.78,66.81,1012.21,21.5,0
36.32,45.96,1019.87,29.9,0
37.08,40.61,1017.61,5.06,0
38.04,86.13,1003.39,20.65,1
24.83,66.49,1018.72,22.66,0
20.69,55.06,1003.67,17.87,0
27.76,59.9,1012.08,11.73,0
38.45,59.2,1009.42,8.54,0
35.85,42.1,990.57,13.73,1
39.78,43.73,990.18,27.36,1
37.74,78.82,1016.34,3.36,0
31.53,80.3,1018.61,25.79,1
31.86,84.78,1010.5,22.54,1
31.31,46.89,1002.88,20.13,1
33.73,66.43,1002.48,24.23,1
28.27,41.01,995.03,24.45,1
37.21,86.09,1015.16,2.55,0
36.18,70.87,1008.84,2.96,0
37.36,77.77,1003.94,12.74,1
20.29,92.6,1004.78,14.5,1
39.9,66.58,1019.74,26.06,0
26.54,48.58,994.4,21.79,0
34.39,77.57,1018.1,6.96,0
33.94,53.57,998.32,5.99,0
31.32,57.85,993.22,29.59,1
32.38,45.95,1004.83,17.3,1
33.04,63.84,992.92,28.84,1
39.98,88.39,999.82,15.49,1
38.07,87.51,1000.55,17.89,1
26.81,82.17,1008.31,21.36,0
35.64,82.74,1014.36,11.58,0
25.88,47.4,1019.13,23.69,0
36.25,99.65,1005.41,14.5,1
23.51,99.16,998.79,15.07,1
39.83,86.5,1011.85,16.47,1
33.83,52.77,1006.89,12.7,0
20.43,41.6,1007.44,5.8,0
35.9,66.6,1006.81,2.89,0
26.6,78.82,1019.72,11.82,0
24.6,99.21,1017.44,5.72,0
27.53,89.39,1008.44,25.19,0
26.82,79.56,997.46,25.57,1
38.14,58.82,994.98,28.42,1
39.41,45.12,990.44,11.44,0
38.19,51.24,1004.16,17.69,1
22.55,83.62,995.02,6.26,0
25.18,95.13,990.45,15.22,1
26.4,92.46,1013.88,17.34,0
23.78,65.33,991.3,20.36,0
28.75,83.07,1010.08,21.98,1
22.72,72.99,1009.88,13.56,0
23.12,65.85,1014.94,29.08,0
36.37,70.23,1003.39,18.76,1
34.35,63.6,993.76,9.93,0
29.13,86.67,990.74,22.09,1
38.68,86.24,1016.24,27.01,1
32.59,96.25,1009.81,9.56,0
27.47,61.38,1007.4,9.85,0
36.21,51.58,1015.83,22.06,0
31.5,48.52,990.0,28.91,1
39.94,42.13,1007.96,5.67,0
31.36,81.47,1012.43,4.24,0
31.79,83.44,1016.28,10.92,0
21.65,63.77,998.6,22.45,0
28.73,53.26,1007.25,24.62,0
31.63,75.56,1008.5,5.7,0
23.07,63.1,1019.25,17.77,0
30.74,58.94,1015.14,13.38,0
34.84,59.28,994.19,2.47,0
30.38,68.52,1018.09,14.39,0
23.07,59.58,1017.35,21.97,0
20.8,74.84,1013.1,25.43,0
36.81,97.09,1006.3,18.12,1
39.46,68.31,995.62,5.54,0
30.45,63.58,994.73,4.51,0
24.38,71.27,1005.7,29.18,0
35.02,53.98,999.57,10.21,0
20.78,70.63,1016.53,9.85,0
24.71,77.52,1016.2,3.56,0
22.85,87.69,1014.98,17.54,0
29.57,45.81,1018.88,22.02,0
29.95,82.92,1017.29,28.94,1
28.06,47.88,990.16,6.02,0
37.35,95.6,1011.8,2.61,0
23.9,55.77,991.86,2.48,0
26.66,72.51,1001.21,18.67,0
37.39,98.8,992.92,8.1,1
26.57,84.73,1011.66,6.33,0
28.46,93.65,1012.44,25.33,1
28.67,42.48,994.25,29.34,1
31.73,63.9,1001.14,25.0,1
33.12,48.7,992.2,17.75,1
30.9,99.44,1012.32,11.26,0
25.02,83.8,1011.43,5.41,0
20.57,58.61,1011.24,27.95,0
30.88,52.44,1010.35,22.49,0
20.4,71.1,1008.15,13.21,0
20.82,65.85,994.71,4.7,0
37.47,83.33,1016.44,10.01,0
39.36,51.04,1007.06,3.63,0
29.55,43.33,1014.87,8.66,0
36.2,79.56,1006.5,27.61,1
32.83,93.74,992.13,6.3,1
23.32,67.44,999.43,2.0,0
32.96,65.88,997.28,8.22,0
37.84,87.81,990.54,20.81,1
26.14,73.63,1015.25,5.34,0
27.03,70.2,992.27,27.92,0
21.77,44.62,1009.77,28.52,0
22.33,91.39,997.57,10.2,0
22.24,97.22,1016.11,11.0,0
39.21,40.7,993.6,17.14,1
23.58,84.19,1012.51,25.58,0
37.16,87.81,997.49,12.92,1
35.89,95.99,1008.0,26.17,1
30.56,84.51,990.57,20.91,1
25.56,87.05,995.88,16.02,1
34.65,93.63,1001.3,21.54,1
27.9,43.98,1012.73,17.25,0
23.12,49.86,993.91,25.92,0
29.85,53.57,1000.31,21.33,1
34.67,76.51,992.25,5.01,1
27.74,47.53,996.4,9.6,0
29.7,86.99,1008.43,9.58,0
28.26,50.21,994.5,21.37,1
38.99,55.65,998.31,2.84,0
38.0,78.23,1011.23,16.69,1
23.57,83.2,1010.9,14.92,0
30.52,67.62,992.85,12.42,1
35.39,74.57,995.85,17.96,1
28.21,93.08,1007.01,16.16,1
27.75,48.15,996.51,21.81,0
28.56,74.89,1013.67,28.58,0
28.41,61.99,990.57,8.52,0
22.45,71.71,1015.22,23.17,0
27.67,64.76,1001.59,11.58,0
23.85,62.78,994.7,14.9,0
24.49,79.15,995.66,4.81,0
25.91,97.49,993.76,22.91,1
23.88,61.46,1010.24,9.79,0
26.32,66.24,993.47,19.03,0
25.53,56.58,1002.57,5.16,0
33.82,84.12,991.83,7.97,1
38.89,48.36,1012.61,6.66,0
31.77,53.78,1005.68,2.98,0
25.5,77.07,999.79,24.19,1
23.62,54.55,1012.33,27.42,0
26.96,93.25,995.7,12.96,1
37.69,49.27,1014.73,20.32,0
38.77,84.25,996.6,24.46,1
31.82,61.94,993.79,29.16,1
31.84,68.7,1017.0,25.45,0
22.59,80.5,1009.01,6.48,0
22.91,51.53,994.73,22.37,0
29.7,98.19,1008.49,20.39,1
21.81,76.78,1003.2,18.65,1
29.89,43.06,1011.14,19.3,0
21.88,87.22,1009.47,10.61,0
29.76,55.64,1001.65,21.65,1
32.28,73.26,994.89,12.58,1
39.46,95.18,1010.74,18.47,1
38.57,43.21,990.69,9.96,0
21.36,63.2,1017.36,7.49,0
23.35,57.47,1009.99,13.89,0
26.95,60.04,996.71,23.28,0
23.74,82.0,992.94,8.84,0
29.11,66.76,992.88,14.68,1
34.49,56.77,996.06,6.92,0
36.59,85.02,991.01,10.58,1
25.15,85.66,1012.87,17.78,0
35.81,88.94,997.46,17.68,1
33.67,95.78,1013.7,26.63,1
36.93,85.11,1003.67,11.68,1
30.46,92.95,1010.08,27.3,1
38.66,98.84,1012.81,25.3,1
22.84,47.21,1014.03,11.17,0
38.98,80.04,1018.68,19.17,1
26.54,42.75,1011.05,8.79,0
30.31,51.32,1004.99,7.33,0
30.79,55.37,1019.38,25.71,0
39.4,40.43,1011.03,18.28,0
33.91,66.88,1015.63,19.77,0
22.08,70.91,1012.36,16.3,0
29.48,62.29,1015.14,11.79,0
23.9,76.59,1012.04,4.29,0
31.3,65.0,1014.73,24.49,0
26.23,96.04,992.42,22.56,1
39.21,42.94,1019.1,23.44,0
28.17,92.2,1011.38,8.45,0
20.43,59.73,990.76,22.76,0
37.25,40.64,1004.75,15.89,1
25.62,53.44,1005.38,9.21,0
32.86,75.39,1015.78,17.59,1
29.95,41.99,1012.34,23.34,0
28.81,99.01,1009.68,25.02,1
30.83,50.82,1000.77,28.29,1
20.66,97.4,1002.38,4.5,0
30.34,99.41,993.77,19.53,1
36.36,54.22,1006.77,4.21,0
36.63,52.07,1016.57,8.25,0
36.39,47.43,994.57,11.36,0
22.47,50.26,1011.92,6.01,0
36.72,52.54,1010.34,24.56,0
26.36,51.41,992.1,14.89,0
24.54,91.87,990.76,9.09,0
36.12,65.56,1019.21,25.59,0
26.52,72.19,990.67,18.76,0
38.59,81.17,996.72,2.85,1
33.6,45.23,1010.05,24.96,0
35.02,47.68,1006.29,20.39,0
27.61,61.9,1011.97,17.57,0
39.19,67.02,1015.92,27.27,0
39.97,63.82,995.81,3.9,0
30.0,73.37,1005.91,21.47,0
30.06,63.47,1001.79,19.62,1
32.73,88.54,1000.67,10.18,1
38.49,60.01,1005.35,23.46,0
33.22,91.82,1011.19,19.4,1
32.13,63.2,1008.4,25.91,0
24.45,80.12,1012.59,11.07,0
27.19,60.88,992.28,29.99,0
20.12,65.92,994.63,2.26,0
26.56,64.37,1016.05,8.07,0
22.08,95.87,1013.53,15.75,0
21.6,75.55,1014.39,14.58,0
39.33,82.58,1014.56,16.76,1
25.77,66.34,1000.45,2.28,0
34.21,45.53,993.11,10.81,0
21.94,94.89,1008.46,9.14,0
35.27,61.28,1019.16,2.65,0
38.06,74.53,1001.37,21.74,1
25.82,89.4,999.65,3.82,0
30.15,79.73,1005.27,16.61,1
29.29,61.24,1002.56,13.46,1
22.44,87.33,1016.58,13.95,0
38.23,87.24,1013.28,22.16,1
33.87,86.67,1010.93,17.38,1
35.37,59.66,1001.62,3.49,0
27.85,72.81,1016.36,9.83,0
34.72,76.75,1006.62,10.19,0
33.03,48.54,1019.21,17.03,0
27.14,52.14,1014.39,4.44,0
34.07,99.29,993.2,15.0,1
20.18,59.09,992.57,20.82,0
25.03,41.03,995.19,27.85,0
30.86,55.81,1011.05,23.74,0
26.78,75.77,1010.42,11.58,0
26.21,87.7,1013.29,14.42,0
36.61,87.84,998.1,11.51,1
27.84,58.02,1013.42,12.12,0
22.45,61.57,1004.1,17.49,0
25.87,82.11,997.25,24.43,1
25.22,46.97,1005.43,13.07,0
22.72,66.26,1007.92,17.27,0
24.5,55.97,995.39,11.29,0
29.7,55.56,1012.72,12.26,0
27.57,64.74,1000.16,13.64,0
22.94,68.16,998.19,5.96,0
29.36,95.21,1019.66,15.25,1
28.67,47.2,1013.5,6.42,0
20.78,44.29,1008.23,19.53,0
39.16,73.82,1003.62,5.65,0
38.12,63.06,1018.53,4.17,0
28.66,67.54,1011.0,14.94,0
34.41,73.81,1012.84,16.82,0
38.29,82.23,996.02,8.2,1
22.59,82.8,992.34,14.07,1
39.73,92.74,1006.87,9.78,0
37.66,73.79,1014.95,4.0,0
34.6,59.85,1006.38,26.67,0
34.61,88.95,1010.29,14.08,1
39.44,96.09,990.76,18.17,1
28.92,82.99,1002.82,22.75,1
26.27,73.41,1001.83,29.94,0
36.41,53.38,990.42,19.05,1
34.48,83.58,1003.8,14.67,1
27.49,80.66,1006.85,5.66,0
39.51,46.31,1018.62,20.12,0
33.97,44.67,1015.27,15.43,0
24.82,44.0,994.8,20.56,0
37.92,59.52,996.07,29.46,1
22.6,81.43,1007.87,27.04,0
20.55,68.07,1009.95,24.94,0
25.98,43.49,997.25,19.09,0
29.26,99.33,1008.21,12.62,1
29.78,96.37,1014.76,23.32,1
34.79,42.79,1015.53,2.47,0
27.83,60.72,992.47,10.38,0
36.66,97.5,1005.89,8.17,0
32.56,56.79,1002.53,5.12,0
30.04,88.88,1011.41,25.64,1
38.03,65.53,1013.54,18.05,0
38.11,75.26,1001.21,8.99,1
28.02,65.26,1018.96,26.86,0
39.26,50.97,1016.35,14.43,0
36.17,50.03,1000.55,3.75,0
35.07,58.49,1000.37,8.19,0
35.58,86.72,997.45,10.77,1
24.48,40.03,990.7,17.95,0
23.37,44.21,1018.4,25.67,0
26.99,82.39,991.27,18.49,1
21.08,50.31,1001.02,25.73,0
39.56,94.81,991.29,15.44,1
35.84,71.53,999.75,15.8,1
23.57,64.22,1001.39,6.08,0
33.97,71.6,998.65,27.25,1
35.36,69.77,1014.65,23.8,0
31.61,55.91,998.37,25.46,1
38.85,96.58,1019.48,20.72,1
25.48,67.67,994.03,27.16,0
38.13,99.95,1015.82,3.43,0
32.13,61.23,1017.45,16.1,0
22.3,66.77,1019.83,19.56,0
29.75,57.15,992.41,3.33,0
24.04,71.25,1017.09,29.08,0
39.59,65.18,991.89,27.97,1
25.42,85.78,1016.03,26.45,0
34.87,86.27,1011.35,10.11,0
31.24,92.97,994.56,15.63,1
36.85,70.7,1014.4,19.53,0
22.03,50.74,1000.19,8.05,0
34.59,79.79,996.17,7.54,1
21.11,60.39,990.54,8.74,0
38.71,91.46,1018.77,9.92,0
28.53,91.46,999.63,5.16,1
25.52,46.47,1011.5,27.6,0
20.88,98.11,1005.28,19.53,0
36.23,87.58,1003.76,28.14,1
25.66,86.23,1002.62,4.5,0
37.54,47.72,1017.13,18.22,0
33.03,79.05,999.84,6.09,1
35.18,80.05,1006.98,24.36,1
32.09,87.71,999.29,21.88,1
37.93,71.3,1001.51,13.07,1
22.57,40.5,1005.77,13.94,0
20.28,61.37,992.33,24.08,0
22.19,67.12,1005.69,9.37,0
22.0,42.56,1007.67,3.54,0
33.12,67.73,1007.08,7.69,0
29.63,49.69,1012.51,27.65,0
33.34,67.16,1012.14,11.88,0
28.21,86.11,1009.83,19.67,1
33.6,93.27,1019.98,16.0,1
21.74,76.95,1000.24,4.54,0
37.87,65.55,1011.07,22.21,0
31.38,96.14,1004.07,12.38,1
37.5,87.34,990.76,22.15,1
21.8,41.26,1017.32,5.66,0
28.58,94.67,1001.67,13.27,1
35.41,90.43,1001.14,26.31,1
30.0,79.87,1005.33,26.45,1
32.0,45.96,997.16,26.67,1
23.79,94.73,990.65,20.94,1
20.92,45.07,1010.18,18.2,0
26.65,52.67,1015.95,27.29,0
24.58,51.34,1017.58,28.56,0
32.09,89.1,1000.62,29.1,1
33.14,78.23,1009.24,20.47,1
36.31,45.59,1011.52,2.34,0
23.52,84.13,994.23,15.51,1
22.19,68.62,995.14,8.09,0
37.24,47.01,1000.63,3.21,0
20.01,70.28,1005.26,20.79,0
33.76,72.25,1007.11,22.53,0
38.26,93.88,1017.87,9.86,0
27.96,78.56,1005.76,27.56,0
21.95,98.58,1016.19,21.89,0
29.63,62.06,1006.57,16.88,0
21.87,72.0,1001.71,3.81,0
27.42,85.32,994.61,16.64,1
34.67,63.74,1018.62,26.25,0
33.83,86.18,1010.15,11.25,0
26.17,46.58,993.36,13.47,0
37.82,99.82,1015.54,19.19,1
39.94,82.06,995.66,28.38,1
30.22,72.13,996.09,7.4,0
23.88,58.54,995.29,29.03,0
31.66,64.51,1002.73,2.89,0
37.2,51.62,1012.2,23.95,0
37.03,44.27,995.2,19.85,1
20.73,52.66,1011.02,9.99,0
31.14,49.86,1007.03,25.34,0
34.05,85.35,1011.63,28.48,1
28.65,56.38,1002.24,14.06,1
24.55,52.23,1019.65,27.45,0
28.85,92.78,991.52,21.06,1
24.67,83.58,1019.53,19.51,0
26.23,89.43,1006.51,10.73,0
25.89,82.35,998.39,4.52,0
27.32,68.24,1019.62,24.54,0
25.92,76.89,992.03,10.97,0
35.12,89.17,1008.31,7.42,0
30.64,69.09,1018.38,2.57,0
30.24,49.42,1006.61,4.85,0
29.02,73.43,998.67,4.39,0
28.87,82.88,1004.98,29.81,1
30.63,86.62,998.74,8.29,1
24.16,54.56,1008.47,11.93,0
30.71,88.36,1016.53,25.94,1
25.84,72.95,1008.53,23.12,0
32.01,53.42,1010.88,18.2,0
21.75,47.4,996.24,17.87,0
24.87,62.49,1001.71,17.75,0
24.09,98.66,1007.66,10.3,0
24.32,56.48,1009.18,7.07,0
37.09,93.47,991.42,7.07,1
31.43,80.49,1009.02,8.5,0
30.8,84.0,1004.83,7.97,1
34.36,54.09,1019.96,21.48,0
34.98,87.57,991.21,29.31,1
28.27,94.1,990.94,8.95,1
26.74,58.86,1019.68,24.79,0
38.38,66.18,996.32,20.73,1
33.72,57.68,1018.18,13.98,0
27.24,99.64,1005.92,7.31,0
23.05,49.22,1019.18,22.57,0
35.63,60.57,994.41,29.43,1
24.99,73.21,1000.39,2.08,0
25.51,99.42,1006.8,21.14,0
24.29,93.42,1017.63,10.41,0
32.14,44.4,1018.9,23.52,0
33.41,53.96,1006.43,27.82,0
20.32,68.13,998.39,20.91,0
31.37,95.95,1009.87,26.99,1
31.88,44.21,1007.71,4.09,0
33.84,57.81,1006.45,29.15,0
26.94,41.93,990.12,20.42,0
39.42,50.28,1002.96,23.67,1
36.22,84.11,1015.14,15.98,1
22.98,43.33,993.11,25.52,0
20.12,81.24,994.88,17.16,1
30.63,95.76,996.16,10.86,1
20.68,96.85,995.87,6.04,0
23.24,46.73,990.79,12.98,0
30.92,79.57,1013.83,10.1,0
29.39,46.91,1017.08,10.89,0
26.42,63.56,997.39,26.46,0
39.69,81.45,996.33,8.09,1
24.59,66.15,1017.67,9.69,0
23.01,93.84,1007.09,22.34,0
32.68,92.21,996.44,10.13,1
28.91,72.93,1016.44,20.95,0
35.76,96.9,1013.81,12.26,1
26.42,51.27,990.74,25.47,0
21.71,67.35,996.86,26.03,0
23.23,98.86,1005.18,25.14,0
35.17,90.51,996.55,17.5,1
35.62,71.02,1001.54,8.92,0
28.67,46.06,1011.82,11.64,0
35.47,41.2,995.76,13.94,1
38.02,47.6,1003.15,24.59,1
38.12,93.36,992.75,15.92,1
20.12,72.94,996.4,24.39,0
23.14,92.21,1001.37,11.15,0
29.9,48.0,1009.43,20.38,0
39.67,96.48,1005.66,23.6,1
33.98,76.43,1010.93,5.26,0
36.98,67.64,1002.74,9.42,0
31.72,79.66,999.31,12.23,1
29.95,72.68,1002.0,20.0,1
22.52,79.57,1008.41,2.07,0
38.75,80.25,1012.8,18.7,1
24.25,64.68,1001.95,2.03,0
32.38,62.14,1009.6,5.99,0
21.35,96.12,1016.66,3.41,0
29.72,63.1,1012.93,23.89,0
23.15,70.48,1007.62,14.42,0
33.67,73.75,1014.94,14.3,0
20.71,53.44,1003.19,21.94,0
32.6,40.19,994.23,2.48,0
35.3,95.65,1001.6,10.6,1
37.12,59.59,1001.48,25.5,1
24.65,82.38,1009.72,4.59,0
36.95,60.14,1006.66,19.21,0
34.75,54.81,997.8,12.29,1
29.35,90.96,1005.6,25.91,1
38.34,63.58,1017.37,5.81,0
32.87,76.88,1003.83,9.07,1
24.69,78.54,1010.94,3.42,0
33.83,67.25,1012.81,26.02,0
30.82,86.21,993.42,28.89,1
28.9,68.71,990.93,14.84,1
31.86,85.2,1011.83,16.41,1
31.95,77.19,1000.2,24.92,1
35.87,62.75,992.14,3.99,0
38.5,83.18,992.66,28.05,1
32.71,48.29,1019.38,21.6,0
25.45,55.54,1005.68,23.56,0
20.03,43.22,991.18,18.68,0
23.44,87.86,998.19,28.88,1
35.05,97.66,1010.64,14.51,1
20.74,75.51,995.45,29.89,1
20.17,92.29,1007.39,29.06,0
39.78,54.06,1011.15,22.42,0
20.43,43.28,1012.49,19.83,0
22.75,77.95,1005.11,26.15,0
22.74,65.01,1004.95,5.97,0
32.88,62.12,1001.85,27.97,1
31.58,52.02,1012.76,8.25,0
27.94,46.15,1008.55,12.87,0
30.58,56.75,996.37,13.29,1
24.96,83.76,990.62,15.47,1
36.49,53.15,1013.13,12.25,0
21.6,62.78,1017.1,20.29,0
20.41,64.61,1010.19,25.95,0
34.64,50.33,995.27,5.24,0
37.44,50.01,1009.28,12.58,0
36.18,40.12,1002.3,22.37,1
21.1,44.88,1012.63,6.2,0
28.07,77.58,990.04,3.47,1
27.95,49.06,1016.41,28.23,0
26.01,95.83,1015.94,25.32,0
26.31,96.33,997.67,24.71,1
28.09,80.83,996.08,10.81,1
24.09,83.67,1007.26,10.75,0
27.84,63.17,991.1,16.71,0
36.66,54.49,1004.0,9.03,0
22.8,98.04,1013.46,29.42,0
22.64,61.48,1001.43,23.42,0
23.98,82.29,1019.14,14.6,0
37.51,79.45,1006.28,4.39,0
27.86,40.61,1007.95,16.34,0
31.06,44.78,1002.24,26.86,1
37.03,71.31,998.31,23.76,1
38.47,54.61,1001.63,3.73,0
24.21,84.36,990.15,7.2,0
30.83,99.88,993.94,25.75,1
28.96,53.46,1014.55,6.46,0
34.74,93.66,1009.0,26.71,1
21.28,83.57,995.79,6.45,0
37.54,79.29,1009.27,22.95,1
23.23,64.97,1014.19,17.76,0
20.02,98.85,1007.49,23.16,0
28.72,78.93,1001.06,7.24,1
22.04,68.16,992.4,21.65,0
35.22,44.86,1011.72,14.59,0
22.91,90.74,1008.05,22.9,0
31.72,57.24,993.57,15.22,1
20.09,50.95,1005.11,8.19,0
34.41,79.33,1008.97,12.59,1
28.66,74.0,1017.24,15.27,0
35.82,87.92,1004.33,5.85,1
32.39,84.06,1017.61,2.65,0
25.44,60.96,1007.46,10.87,0
27.92,41.77,995.58,3.1,0
23.62,45.45,1006.74,11.21,0
33.28,57.63,990.29,5.67,0
25.59,98.66,990.62,18.38,1
38.43,92.35,1002.3,3.18,1
36.93,76.77,1004.26,13.32,1
27.38,86.62,1006.48,4.63,0
22.24,68.5,1003.9,14.0,0
29.13,82.4,1013.38,15.68,1
32.4,82.7,999.05,8.06,1
39.65,55.56,995.72,14.04,1
27.03,69.45,990.32,11.76,0
37.51,87.65,1011.52,12.5,1
30.23,43.61,1010.09,20.07,0
27.7,82.34,992.02,21.3,1
32.46,42.68,1017.27,27.76,0
23.9,62.59,997.13,27.49,0
31.74,73.33,1005.49,25.85,0
27.44,72.44,1010.07,4.26,0
27.2,97.0,1006.27,7.3,0
23.87,94.7,1010.09,5.65,0
38.81,52.02,1013.08,24.05,0
23.03,91.65,1016.45,18.26,0
39.88,66.87,990.33,22.93,1
24.96,78.13,1011.82,10.63,0
32.12,45.6,1007.78,7.11,0
28.05,46.61,1018.55,6.47,0
23.56,97.33,1010.27,7.36,0
36.91,61.72,1000.93,20.78,1
29.03,49.68,993.33,6.52,0
21.54,90.82,1009.1,21.47,0
22.55,70.64,998.96,24.13,0
23.85,66.41,1013.02,2.55,0
27.79,49.64,1016.6,22.36,0
23.55,72.34,990.34,19.85,0
32.05,56.18,1007.34,12.92,0
23.18,44.3,1018.52,24.1,0
34.34,65.84,1008.99,23.22,0
30.64,80.46,1009.76,20.85,1
25.73,77.53,1008.25,27.17,0
20.92,94.85,991.88,12.72,1
21.24,48.48,1007.91,24.55,0
25.63,82.74,1015.51,5.36,0
24.81,89.38,992.0,13.7,1
30.06,52.19,1009.91,21.49,0
37.74,87.47,1008.89,11.55,0
36.0,78.03,990.11,24.49,1
38.5,87.13,1013.67,13.95,1
20.33,88.13,990.97,29.27,1
29.22,83.86,1015.84,2.04,0
22.01,81.23,1014.21,9.73,0
38.09,58.13,990.74,19.05,1
31.55,59.77,1005.45,5.34,0
33.92,95.17,994.88,2.77,1
25.3,41.05,994.71,11.25,0
25.16,63.74,999.6,2.85,0
39.43,47.2,991.82,24.72,1
37.63,53.58,1012.45,15.22,0
34.66,56.2,997.65,20.93,1
37.51,50.92,993.99,20.01,1
27.84,55.59,1006.68,25.85,0
32.34,61.59,991.43,11.5,0
37.77,46.64,996.83,12.39,1
27.01,95.7,1008.77,29.98,0
20.52,57.66,1018.56,26.35,0
29.85,50.13,993.91,25.76,1
26.41,81.57,1001.57,15.88,1
28.82,46.68,1017.48,26.54,0
33.32,53.73,1016.74,16.5,0
23.03,79.06,1016.89,16.57,0
24.99,61.16,998.0,29.92,0
36.92,65.45,1000.94,17.39,1
39.53,69.0,1000.04,15.83,1
30.11,51.12,1011.01,22.12,0
24.44,54.21,1002.3,16.07,0
28.67,82.38,991.65,14.44,1
24.94,44.91,1017.62,27.28,0
21.66,41.24,1019.14,12.14,0
33.09,96.49,1016.56,17.84,1
36.21,79.22,1018.04,3.92,0
22.04,48.47,995.68,19.98,0
36.02,87.83,1009.7,14.34,1
22.77,64.99,1006.86,27.92,0
25.8,80.02,991.07,4.18,0
34.35,51.26,990.54,2.52,0
23.77,96.56,1004.14,14.44,1
35.04,45.05,1009.27,29.19,0
39.96,83.13,996.12,16.5,1
36.77,86.24,1010.33,13.58,1
37.64,69.57,1001.69,27.64,1
39.69,60.83,1016.37,3.73,0
25.52,41.78,999.75,2.86,0
28.16,67.56,1002.74,2.74,0
29.64,89.23,993.41,27.69,1
38.34,81.96,1017.99,27.55,1
39.2,62.15,1010.98,22.49,0
21.5,51.95,1013.99,20.65,0
29.12,66.18,992.6,9.0,0
24.47,96.36,1006.67,22.18,0
32.79,51.45,1010.84,22.25,0
39.93,42.79,1005.57,10.84,0
30.8,95.59,1003.97,9.26,1
30.35,47.63,996.07,16.67,1
35.5,57.07,1001.51,29.91,1
33.17,82.89,1010.46,7.33,0
37.58,51.61,1009.61,25.5,0
36.08,70.03,998.36,9.37,0
27.26,98.26,1015.79,16.54,0
37.58,95.78,1013.15,26.58,1
22.88,56.29,1005.34,9.93,0
29.26,67.24,994.58,7.62,0
34.26,50.41,991.79,11.21,0
33.01,87.68,993.8,4.39,1
20.59,94.02,993.57,2.35,0
23.04,47.16,1005.59,15.61,0
21.22,80.37,1018.79,3.34,0
32.67,78.35,1007.69,8.83,0
35.5,60.2,991.03,2.31,0
37.9,83.65,994.54,28.54,1
36.64,99.37,1019.32,7.23,0
22.02,63.44,1016.9,6.66,0
33.77,45.06,990.83,4.93,0
36.8,84.6,1007.62,27.95,1
24.53,98.6,995.22,6.93,0
39.08,91.87,998.86,9.62,1
29.86,90.9,1014.96,8.67,0
38.59,81.56,1001.89,10.07,1
20.81,99.98,1016.74,29.72,0
21.85,51.08,994.9,29.37,0
32.82,70.81,1013.95,6.34,0
20.3,58.18,1016.97,7.92,0
38.24,84.51,1016.0,22.7,1
30.23,88.46,994.29,23.88,1
33.24,86.83,1010.6,8.68,0
35.1,50.11,1004.54,13.89,1
37.77,54.17,1002.52,18.75,1
35.05,73.24,1016.62,25.29,0
29.92,55.16,1018.07,4.89,0
22.01,43.01,1004.63,24.09,0
24.07,66.53,1001.23,11.2,0
23.11,70.62,999.09,24.71,0
22.32,44.48,1014.02,3.9,0
36.89,97.67,1000.91,18.47,1
34.93,51.4,1001.65,7.18,0
25.97,98.28,1001.44,4.89,0
33.51,64.94,1000.73,6.74,0
30.84,92.18,990.66,3.55,1
36.84,62.41,1006.44,13.15,0
32.91,70.86,998.93,21.0,1
39.19,94.23,992.28,28.11,1
34.69,74.26,1001.83,11.21,0
34.85,66.56,1000.3,18.47,1
27.27,40.55,1012.92,10.91,0
21.14,70.23,1018.35,3.79,0
23.61,62.11,997.41,4.75,0
38.95,86.44,1004.1,19.74,1
23.48,50.19,990.7,27.88,0
25.56,53.73,1011.93,24.65,0
27.37,57.67,1006.79,23.45,0
29.24,93.99,1002.7,24.15,1
37.11,84.75,1005.71,4.0,0
31.84,94.61,990.57,8.49,1
23.5,66.02,1016.85,19.13,0
29.22,59.7,994.78,9.39,0
39.88,56.95,1000.93,25.58,1
26.31,77.3,991.39,4.01,0
32.59,45.03,1006.94,18.37,0
22.51,67.47,995.25,6.55,0
20.73,93.63,1001.2,8.24,0
27.7,52.76,1015.42,6.81,0
29.64,42.67,1016.39,14.47,0
23.92,52.44,999.34,21.73,0
27.86,74.6,993.67,14.22,0
25.71,52.26,997.88,21.42,0
26.8,68.07,1016.35,13.3,0
29.52,59.04,1005.19,16.67,0
21.09,59.65,993.6,21.24,0
37.61,40.65,1007.27,15.38,0
33.53,97.11,1001.2,12.03,1
33.88,46.75,1019.18,24.71,0
33.91,45.39,996.99,18.03,1
29.86,86.6,1003.25,8.09,1
39.9,86.39,1018.75,22.76,1
31.05,72.59,1014.2,4.68,0
24.72,81.92,990.64,25.11,1
27.68,96.04,1002.79,28.41,1
26.47,75.67,1018.81,29.96,0
32.71,65.25,998.4,22.66,1
20.2,59.16,1014.52,23.31,0
28.53,41.48,1001.98,10.07,0
39.43,45.01,1008.24,13.54,0
39.18,69.42,1018.4,5.16,0
26.33,42.74,1017.21,25.32,0
33.43,64.87,995.34,2.13,0
34.15,93.89,1011.2,8.55,0
25.71,58.61,1006.46,14.55,0
27.75,49.46,993.4,6.57,0
31.65,50.62,993.09,24.15,1
34.27,75.73,996.03,26.7,1
37.64,77.6,1009.94,7.71,0
35.06,62.04,1001.61,12.01,1
33.68,60.77,994.48,11.64,0
29.73,81.74,993.35,3.73,1
27.59,77.59,1019.63,9.71,0
28.75,71.04,992.79,26.27,1
36.83,64.42,1009.87,24.52,0
33.82,74.16,1019.05,4.22,0
33.02,65.53,1002.08,19.78,1
20.75,81.16,996.2,16.72,1
29.83,80.19,1018.93,26.84,1
32.71,77.41,1012.56,14.94,1
37.64,70.32,1010.27,5.35,0
37.42,79.09,1004.14,11.03,1
29.34,68.23,994.72,5.44,0
24.6,61.13,995.27,23.73,0
21.79,45.74,1013.5,28.49,0
27.53,52.05,1016.61,23.56,0
25.66,78.88,1014.14,3.73,0
30.53,48.65,1008.3,4.73,0
26.09,73.52,1015.96,28.64,0
36.96,52.97,1000.9,24.94,1
27.27,71.27,995.75,25.64,0
28.17,88.46,993.58,14.44,1
37.07,86.2,998.97,28.73,1
29.63,80.82,1013.6,18.98,1
23.46,63.43,1005.59,16.21,0
36.67,76.45,1004.68,16.78,1
29.6,75.46,1004.25,16.0,1
20.99,53.56,1008.39,20.31,0
22.98,48.97,1017.72,2.71,0
32.27,74.28,1013.92,17.89,0
28.04,42.99,1009.3,3.21,0
24.91,63.34,1001.69,28.6,0
22.31,86.31,1007.24,23.75,0
25.54,68.44,1005.15,16.34,0
28.94,66.28,1016.78,26.07,0
32.94,87.44,992.12,6.73,1
21.75,52.26,994.62,7.55,0
29.51,69.13,1011.07,16.59,0
25.09,40.87,1006.84,19.4,0
38.49,64.72,1003.33,2.15,0
38.22,80.24,995.25,4.69,1
35.04,90.18,990.46,22.76,1
33.67,59.15,991.06,6.1,0
34.15,52.18,990.94,25.32,1
27.59,53.6,996.73,10.57,0
21.98,59.48,999.99,3.61,0
36.23,93.06,1008.26,12.7,1
30.02,87.34,1002.1,5.52,1
39.88,68.05,995.76,29.67,1
36.49,97.61,1000.11,27.51,1
23.32,65.78,1009.82,17.21,0
22.23,78.08,1002.41,7.8,0
31.24,93.53,999.21,25.45,1
31.36,79.49,1003.39,16.58,1
38.05,56.02,995.35,23.36,1
38.72,78.16,1012.49,17.35,1
23.17,84.9,1009.51,6.38,0
27.04,64.87,1002.57,2.37,0
38.62,40.05,991.65,13.82,1
37.66,41.23,1011.25,22.5,0
25.2,76.32,1008.66,5.97,0
22.08,47.11,990.58,11.58,0
36.07,83.85,1006.19,19.89,1
30.24,64.5,1018.7,14.18,0
31.22,92.12,1006.36,18.44,1
22.93,51.6,998.66,6.14,0
38.04,80.77,999.68,29.67,1
22.23,81.46,1002.09,16.2,1
21.79,69.31,990.0,4.6,0
37.96,76.93,994.65,5.35,1
35.6,69.81,1006.74,25.61,0
32.57,73.35,996.14,29.71,1
21.76,66.58,1017.51,11.09,0
24.04,95.38,995.69,6.43,0
21.51,50.6,997.75,21.85,0
34.19,47.43,999.48,7.93,0
27.72,59.3,1008.81,13.65,0
27.01,59.27,998.28,16.64,0
39.52,63.25,1013.41,11.43,0
27.49,45.93,1007.03,17.25,0
29.21,57.9,1013.03,3.47,0
39.49,54.25,991.19,25.4,1
32.72,44.96,1001.65,23.37,1
34.03,85.76,1015.9,2.89,0
22.5,42.66,1012.39,7.13,0
36.52,43.69,1015.53,6.26,0
23.34,98.28,1002.57,6.75,0
24.06,57.14,1000.14,13.35,0
39.35,98.07,1017.0,4.02,0
23.78,93.78,1003.37,14.83,1
37.52,78.58,1005.98,11.14,0
27.92,71.46,1004.33,27.62,0
26.4,82.33,996.23,12.22,1
27.49,77.94,1009.1,22.43,0
23.66,42.61,1017.4,24.92,0
34.25,45.02,1014.12,22.03,0
35.97,84.0,993.15,19.82,1
20.78,76.65,996.39,27.06,1
36.77,55.49,1000.06,2.65,0
21.02,87.4,1012.85,21.36,0
39.42,65.76,1005.61,28.27,0
30.85,57.8,1003.77,27.27,1
37.75,96.25,1006.56,5.36,0
33.14,53.45,1002.77,18.59,1
21.3,52.91,1005.98,18.47,0
30.74,89.66,1011.98,16.95,1
23.61,62.81,993.73,26.61,0
35.35,58.9,996.96,20.87,1
37.19,95.14,1001.03,12.5,1
31.13,49.62,998.93,11.93,0
31.28,54.98,1000.15,12.43,1
26.21,56.76,1006.36,14.99,0
30.24,66.25,1008.18,16.8,0
35.78,94.54,1016.57,23.0,1
33.83,57.69,1017.23,5.31,0
20.06,53.49,1001.96,24.05,0
26.07,70.57,1005.41,22.11,0
21.24,61.98,1006.24,12.58,0
26.58,97.4,996.92,11.13,0
31.65,58.37,999.8,2.07,0
28.14,80.95,996.54,5.01,1
34.38,84.22,1005.57,18.18,1
34.27,56.9,1003.56,26.17,1
32.43,67.24,1019.65,5.69,0
26.56,56.47,992.72,26.94,0
20.17,80.9,1003.5,5.67,0
30.52,44.09,1013.26,24.71,0
37.48,50.27,1004.56,14.02,1
39.38,92.68,1017.77,15.69,1
35.3,61.66,1002.74,8.67,0
36.39,76.18,1001.0,13.46,1
32.7,43.95,994.14,24.33,1
25.37,40.12,990.05,29.53,0
32.98,64.07,1016.66,18.34,0
20.22,95.9,1003.58,14.69,1
30.44,59.04,1003.01,2.58,0
31.39,77.15,993.19,25.7,1
31.15,43.15,1013.8,19.1,0
23.4,45.33,996.0,7.3,0
27.96,90.92,1014.32,2.92,0
31.21,53.76,1016.65,12.26,0
39.23,92.71,993.25,19.19,1
21.64,51.87,1005.95,2.43,0
28.78,51.51,1015.03,26.38,0
25.87,59.14,1018.26,7.77,0
31.39,86.93,1010.28,25.03,1
36.34,83.67,1000.2,12.16,1
34.78,92.54,1004.76,20.37,1
29.92,59.02,1015.87,3.32,0
21.92,61.28,1015.75,8.71,0
29.05,41.92,991.34,8.84,0
23.13,59.53,992.71,13.42,0
22.41,68.64,995.56,7.51,0
32.54,56.67,1017.98,16.36,0
34.95,74.57,996.64,13.55,1
25.19,63.47,1013.42,19.22,0
28.37,49.6,997.16,17.94,1
38.95,78.74,1005.3,29.0,1
31.0,48.57,1014.14,24.49,0
34.57,80.0,1000.82,8.26,1
32.87,63.98,992.2,8.29,0
20.53,54.27,1010.38,16.65,0
28.63,47.27,1005.87,5.07,0
28.19,64.98,1006.12,26.18,0
20.32,73.78,1004.73,14.64,0
24.62,86.32,997.12,10.76,0
22.2,52.58,1006.47,9.39,0
34.08,71.21,995.15,15.67,1
37.7,49.7,1012.19,14.64,0
35.34,77.95,1000.39,14.03,1
37.9,44.97,1010.1,22.76,0
29.44,56.13,991.83,12.13,1
25.9,83.58,993.24,5.38,0
31.82,51.64,1006.53,2.78,0
23.31,42.39,1003.76,29.37,0
33.34,60.84,991.23,5.94,0
21.21,84.17,1015.05,17.47,0
21.21,43.99,1001.93,10.71,0
28.55,94.33,991.82,20.56,1
39.3,59.09,1019.95,28.82,0
35.14,68.37,1001.11,8.99,0
27.2,53.29,1002.75,6.1,0
38.7,49.86,1002.87,14.36,1
21.75,52.15,1015.34,23.86,0
39.6,49.67,998.14,22.84,1
31.84,81.43,1015.43,15.63,1
21.44,79.31,1002.53,7.64,0
23.58,55.56,1007.93,5.94,0
24.62,78.37,1001.7,21.91,1
38.11,43.78,995.4,3.99,0
23.65,93.32,992.42,26.25,1
29.37,97.09,998.34,26.85,1
31.29,53.95,991.09,28.73,1
39.93,41.68,1015.34,12.55,0
31.48,80.65,997.03,2.57,1
25.4,70.68,1010.81,7.5,0
21.33,80.52,1001.0,6.65,0
21.78,100.0,1010.25,17.91,0
23.05,85.97,1013.27,15.83,0
27.81,69.7,1010.54,13.22,0
22.47,60.7,1000.32,8.26,0
22.15,56.26,991.37,24.14,0
24.23,69.46,1008.81,10.16,0
30.77,61.55,1012.0,16.26,0
36.72,82.17,999.8,2.94,1
31.35,49.05,997.54,25.97,1
37.64,49.57,1019.75,25.68,0
36.2,56.17,1015.23,26.29,0
36.27,77.3,992.03,26.71,1
33.33,84.9,1005.62,4.63,0
35.44,75.13,1000.75,25.05,1
39.64,94.88,998.36,24.23,1
34.25,50.89,1011.04,15.98,0
23.21,47.32,1002.69,8.15,0
35.21,72.67,991.37,11.41,0
25.17,53.95,1001.54,3.69,0
30.22,70.61,997.53,15.84,1
31.99,53.13,1009.06,27.86,0
23.26,86.77,1016.95,29.54,0
22.94,75.18,1001.54,6.61,0
31.68,53.96,995.45,14.72,1
36.45,78.58,1005.13,16.58,1
34.04,68.67,1013.09,10.51,0
36.33,65.71,992.54,3.41,0
33.36,52.02,1016.86,13.58,0
32.57,95.99,1011.1,24.5,1
34.62,53.21,1004.7,26.08,1
37.94,60.85,1014.16,13.98,0
24.8,54.05,1001.14,24.15,0
36.95,83.76,1015.41,19.63,1
32.77,84.78,998.95,17.02,1
25.0,52.86,1009.72,13.23,0
31.74,97.4,1009.42,18.69,1
38.32,98.29,995.15,16.28,1
36.97,92.37,1007.25,26.66,1
38.2,73.46,1011.2,13.47,0
29.04,96.03,1004.84,4.56,1
37.24,92.42,1016.95,4.07,0
31.44,96.34,1006.25,23.91,1
33.85,56.05,1009.75,18.83,0
26.43,75.63,1019.88,11.31,0
30.32,80.09,999.08,12.09,1
21.3,71.37,1011.08,28.27,0
37.32,65.18,1000.77,18.87,1
39.23,64.01,1001.11,15.45,1
34.41,96.31,999.42,12.39,1
34.22,50.08,1016.56,29.61,0
35.02,77.72,1009.98,17.56,1
33.52,45.66,1005.39,2.73,0
28.44,79.75,1014.77,15.52,1
22.37,46.72,1000.51,20.14,0
37.69,53.74,1007.24,5.24,0
28.61,42.5,1018.09,12.61,0
37.41,77.06,993.96,24.5,1
25.53,80.68,996.8,26.98,1
39.77,89.37,1013.79,18.73,1
36.14,75.07,1014.46,3.67,0
28.33,54.58,995.14,8.03,0
30.05,62.95,1000.26,20.4,1
22.58,43.38,1015.74,2.36,0
36.94,43.07,1010.65,17.7,0
37.98,47.3,1016.77,17.08,0
30.4,69.51,1007.12,6.81,0
30.85,68.98,1003.12,15.76,1
27.58,55.8,993.1,24.51,0
24.39,58.89,1013.62,27.08,0
25.52,45.59,993.34,12.77,0
26.69,99.53,994.73,9.07,0
24.68,61.47,992.16,20.94,0
30.54,70.35,994.09,3.31,0
30.13,74.67,993.7,29.23,1
36.52,92.57,995.85,21.8,1
29.61,62.87,997.05,6.1,0
35.55,54.99,1006.46,20.75,0
30.53,50.12,1005.6,4.15,0
21.2,99.15,995.95,12.69,1
26.32,58.79,1015.57,11.86,0
22.56,65.53,1000.35,22.93,0
20.68,97.55,1008.19,10.95,0
27.8,87.96,1018.25,23.29,0
29.67,74.46,991.03,11.36,0
20.61,79.36,1004.99,18.85,1
34.49,65.86,1016.78,12.23,0
26.03,49.34,997.96,3.31,0
24.49,51.63,993.6,19.53,0
29.04,47.22,990.1,12.48,1
25.73,97.29,1001.25,3.42,0
34.54,68.2,999.42,2.85,0
27.84,49.83,1017.32,23.17,0
29.52,53.7,1013.89,10.12,0
39.7,81.65,993.62,21.24,1
39.61,54.65,1000.39,3.21,0
24.79,61.88,1006.61,20.98,0
23.43,41.59,1011.34,18.76,0
22.69,99.38,998.25,13.59,1
34.98,80.41,1007.61,20.79,1
27.6,42.43,1019.61,10.9,0
25.25,41.19,996.3,13.27,0
22.14,70.34,996.58,16.66,0
20.24,67.56,1014.12,15.4,0
32.4,86.21,997.65,14.3,1
33.93,43.15,1006.18,21.07,0
39.36,96.42,1008.67,4.43,0
31.15,70.62,1000.35,25.79,1
23.74,99.16,1012.76,24.49,0
20.52,58.59,1009.99,13.0,0
24.5,62.41,995.74,27.89,0
28.07,76.12,1013.8,27.7,1
26.99,59.49,1017.21,21.53,0
29.99,80.78,1015.19,13.99,1
25.59,56.81,994.76,20.51,0
22.8,55.73,1003.45,2.68,0
39.71,90.42,1011.76,29.91,1
20.3,53.28,993.22,10.51,0
29.56,46.68,990.54,5.83,0
20.01,93.6,998.9,13.21,1
21.2,44.14,995.09,5.29,0
25.65,53.19,1000.17,11.33,0
26.64,97.01,1012.72,2.43,0
27.86,62.6,1003.58,7.47,0
28.98,97.01,1016.5,25.97,1
36.79,77.81,999.27,14.77,1
23.04,66.33,990.8,25.89,0
24.35,41.76,1015.41,19.48,0
23.3,66.59,1013.73,4.01,0
28.7,83.53,1001.52,22.82,1
29.81,45.1,991.4,10.0,0
21.76,77.15,993.93,5.49,0
23.88,45.91,996.18,26.31,0
28.66,60.23,992.2,8.67,0
37.21,78.52,990.43,15.51,1
24.36,68.49,1011.06,6.75,0
25.44,84.9,992.41,19.48,1
28.87,89.52,1015.18,21.23,1
21.16,53.76,1002.83,27.48,0
34.99,45.95,1003.32,18.65,1
32.5,89.69,1006.45,19.5,1
32.18,83.74,1017.96,10.84,0
24.43,50.42,1017.42,16.96,0
21.35,88.11,993.46,20.19,1
24.39,60.92,1003.53,8.0,0
29.08,82.58,997.31,9.05,1
30.81,99.85,1013.01,13.83,1
22.42,91.49,1000.19,6.74,0
36.18,40.08,1012.3,13.21,0
28.55,70.09,1002.51,27.17,1
33.92,67.19,1003.7,13.74,1
34.51,52.89,1018.36,28.65,0
27.49,41.08,1009.44,7.5,0
36.61,44.11,1003.92,18.92,1
20.98,92.44,1019.8,29.99,0
30.93,78.05,1018.42,19.81,1
21.53,85.71,998.56,29.79,1
37.18,93.87,1011.4,24.91,1
25.77,87.03,1019.56,27.13,0
20.26,77.8,991.65,8.52,0
27.84,69.09,998.36,13.29,0
29.12,78.19,1001.4,20.12,1
38.46,91.21,1017.18,4.86,0
23.77,95.7,993.84,26.56,1
20.53,99.97,1002.81,12.95,1
36.37,55.99,1005.81,14.27,0
35.77,40.59,1007.76,28.58,0
33.09,60.62,1013.07,27.42,0
35.59,81.7,996.54,20.58,1
23.06,87.26,1007.26,3.28,0
36.03,40.24,995.53,25.0,1
32.36,46.57,1015.36,26.56,0
35.47,51.2,991.83,9.7,0
27.57,47.04,991.33,4.66,0
21.5,83.43,1019.88,24.48,0
20.25,48.3,990.23,23.19,0
37.22,96.2,991.06,21.16,1
28.28,72.6,1012.1,18.31,0
26.65,59.17,1004.99,20.27,0
34.01,63.34,996.85,26.86,1
39.76,64.55,1016.02,29.83,0
35.31,80.72,1009.16,26.79,1
27.51,79.11,1018.67,24.2,0
36.76,89.01,994.5,2.11,1
38.55,51.88,1002.61,15.1,1
21.4,77.03,992.67,2.41,0
25.75,41.19,1009.62,26.5,0
24.79,65.61,1006.75,16.41,0
23.86,95.19,1018.58,18.57,0
33.24,83.41,1014.32,26.87,1
36.76,59.21,1014.86,20.62,0
31.71,97.75,993.49,3.55,1
28.39,75.4,994.87,29.92,1
37.01,71.89,994.73,16.43,1
21.07,80.66,1019.64,19.98,0
33.0,65.45,1017.87,26.84,0
22.64,47.72,992.7,27.01,0
28.12,45.07,1003.02,25.64,1
20.5,85.8,993.68,24.45,1
33.36,78.02,1013.94,9.34,0
34.49,73.1,1003.02,18.69,1
22.97,71.93,999.79,7.89,0
33.69,56.21,1002.82,23.91,1
28.04,53.98,1008.79,13.71,0
20.02,64.28,992.2,8.11,0
35.99,72.06,1006.8,14.07,0
38.54,56.57,1008.39,14.31,0
35.32,53.95,1014.57,12.51,0
25.35,86.56,997.12,22.25,1
32.67,86.61,1014.84,25.18,1
33.41,70.68,1014.34,14.28,0
27.76,75.03,1012.95,2.31,0
25.3,97.88,1001.71,23.39,1
34.75,57.13,1007.33,11.84,0
35.59,81.5,995.34,27.8,1
33.09,85.94,1008.89,6.0,0
32.58,84.6,992.67,14.74,1
27.93,69.81,999.31,21.41,0
25.89,49.71,991.86,28.98,0
29.24,79.32,1015.01,28.52,1
30.83,51.65,1013.27,24.57,0
37.58,63.53,1016.96,5.5,0
27.38,68.71,1012.86,4.09,0
22.93,42.57,1015.77,25.63,0
22.7,99.64,1001.86,29.43,1
30.1,60.21,996.85,23.41,1
26.33,90.55,996.75,2.73,0
20.88,63.54,1011.54,5.93,0
24.94,62.5,996.42,15.63,0
34.92,89.41,991.8,29.07,1
36.08,85.19,1019.02,5.14,0
34.73,67.88,1000.74,21.3,1
30.39,92.33,1010.51,6.09,0
31.1,88.92,993.53,4.21,1
24.56,52.38,1008.89,27.34,0
24.65,91.75,1018.61,3.09,0
34.39,93.62,990.56,17.08,1
29.03,44.97,1018.89,7.46,0
30.93,47.9,1007.08,24.11,0
24.39,61.68,1009.8,9.8,0
29.44,70.86,1000.89,2.36,0
27.89,81.36,1019.92,12.89,0
38.94,64.91,1011.87,6.91,0
36.9,83.32,1008.76,12.34,1
21.39,64.49,1003.35,8.19,0
20.76,63.35,997.36,14.07,0
21.79,47.28,1001.83,8.88,0
30.83,66.24,992.41,28.44,1
22.03,92.36,999.4,25.92,1
27.8,86.75,1019.72,15.46,0
36.44,50.51,1003.46,6.25,0
31.61,88.87,1008.6,23.11,1
35.21,40.72,990.21,16.05,1
24.05,44.82,1012.41,29.88,0
21.13,67.26,991.53,8.37,0
35.47,49.01,1018.03,11.38,0
27.16,55.8,1004.12,25.72,0
23.9,49.25,997.98,20.34,0
30.67,88.03,1015.99,14.8,1
28.32,67.27,1003.59,16.53,1
29.05,42.93,997.68,8.52,0
32.87,77.23,1013.28,21.48,1
38.61,95.09,1001.2,28.14,1
32.09,44.88,1009.65,24.97,0
28.35,94.24,1004.37,4.02,1
23.18,69.77,1019.39,5.31,0
36.05,41.33,1015.19,29.78,0
28.95,87.76,1001.12,25.51,1
34.2,44.44,1010.71,5.97,0
25.84,63.91,1006.72,29.12,0
20.11,57.79,1012.71,27.03,0
23.44,67.03,1013.25,24.8,0
35.97,61.29,1017.32,5.52,0
21.74,67.52,1000.41,27.93,0
33.37,97.08,1009.22,19.28,1
26.3,55.73,1006.17,10.99,0
26.92,56.45,1015.51,22.38,0
27.6,62.79,998.29,5.09,0
27.54,72.11,1001.8,12.39,0
28.32,94.81,1002.82,11.25,1
20.85,95.71,1004.64,29.32,1
38.39,46.4,993.81,25.3,1
23.84,60.55,1012.47,8.82,0
26.62,99.4,997.28,5.02,0
20.48,90.52,1014.06,11.44,0
28.43,60.47,991.51,5.13,0
39.92,48.5,992.5,12.66,1
37.0,94.7,1014.44,25.62,1
34.77,80.41,1010.23,7.83,0
26.3,53.73,990.46,19.18,0
25.17,51.1,1002.96,17.37,0
31.0,55.31,1000.47,21.36,1
29.83,74.68,1018.76,2.17,0
34.94,67.25,990.19,22.9,1
29.32,70.07,996.49,26.34,1
34.8,73.33,1006.3,9.11,0
21.72,52.92,1006.45,10.8,0
25.35,80.26,1003.52,23.27,1
22.29,85.4,1019.95,9.36,0
28.59,52.78,1010.21,15.81,0
31.98,53.64,1019.34,5.23,0
32.85,81.34,1007.43,23.43,1
35.8,91.94,995.3,13.72,1
31.74,68.37,1001.1,20.85,1
36.27,48.95,1018.61,27.7,0
26.06,78.5,992.07,18.85,1
36.99,77.33,1001.85,8.91,1
31.58,43.48,993.09,12.57,1
24.82,76.86,992.2,7.15,0
20.15,61.66,1006.61,21.61,0
24.88,79.7,1002.72,2.78,0
20.79,66.08,1006.52,26.88,0
30.85,53.0,993.06,3.87,0
34.79,50.45,999.17,5.93,0
33.49,83.56,1001.95,29.46,1
30.94,59.53,992.72,18.2,1
28.33,62.96,1018.06,11.41,0
27.78,47.72,996.0,8.14,0
28.65,77.3,1006.1,28.7,1
22.4,57.8,992.37,18.14,0
22.75,91.4,1015.16,22.27,0
22.61,71.87,1008.6,9.54,0
31.41,89.98,1014.18,5.4,0
28.39,79.47,1002.65,21.25,1
26.49,65.45,1014.36,15.4,0
31.84,59.04,1009.54,17.61,0
34.16,57.98,1001.1,12.09,1
34.04,61.09,999.9,26.61,1
35.67,91.09,998.53,21.8,1
21.75,82.71,993.53,9.28,0
35.49,59.77,1016.77,23.44,0
20.6,53.42,999.52,6.6,0
23.2,56.53,994.68,25.84,0
33.42,91.03,1004.5,18.97,1
25.75,51.74,1000.6,8.29,0
39.38,56.94,1009.37,8.53,0
25.22,77.09,1012.93,16.42,0
37.27,73.43,1017.01,28.95,0
21.25,81.44,1019.87,5.01,0
30.37,89.31,997.94,23.91,1
35.02,44.27,1009.87,9.41,0
38.13,63.57,1017.22,16.02,0
32.71,83.62,1017.03,13.73,1
36.83,40.67,1010.77,20.01,0
31.87,55.3,1007.96,16.87,0
34.76,72.85,991.35,6.71,0
24.69,61.97,1014.3,26.03,0
34.06,42.39,1001.68,8.17,0
39.9,93.05,1002.02,20.83,1
31.96,47.33,1016.6,17.08,0
25.34,54.12,1001.32,17.06,0
34.34,40.71,1019.18,21.04,0
21.31,71.2,1011.07,28.39,0
24.53,46.75,1000.61,2.2,0
26.77,70.03,992.05,11.32,0
30.67,80.74,995.88,28.84,1
24.97,67.24,995.03,24.72,0
26.22,62.61,993.42,9.25,0
21.63,55.51,1009.14,4.66,0
25.39,61.62,996.2,25.39,0
37.07,61.49,1007.16,15.8,0
25.25,87.3,1007.75,18.9,0
35.46,83.08,1006.85,8.67,0
38.64,92.7,990.35,4.89,1
35.9,73.26,994.29,3.2,0
32.75,55.04,1008.9,12.8,0
24.84,79.1,1018.4,16.8,0
30.32,42.78,1006.16,16.26,0
33.27,48.18,1019.71,28.23,0
38.68,85.65,997.98,4.62,1
37.67,44.59,1010.74,8.27,0
35.01,94.32,992.97,2.77,1
27.86,59.27,992.12,5.38,0
21.09,78.5,1018.06,15.99,0
25.51,45.62,1002.28,26.72,0
23.62,90.12,1019.96,5.65,0
39.75,48.36,1017.91,2.08,0
38.1,95.45,1002.74,18.44,1
27.67,42.11,992.26,24.02,0
24.53,53.55,1005.17,3.45,0
21.15,85.23,1013.62,9.55,0
31.16,69.28,1013.27,11.81,0
20.62,42.53,1010.98,25.14,0
20.3,89.56,1003.41,2.06,0
39.84,54.98,990.81,29.21,1
39.61,60.37,1016.81,26.14,0
35.69,54.36,1014.21,2.1,0
38.59,82.29,1013.4,2.3,0
24.25,77.93,1002.43,25.12,1
27.88,43.4,1015.27,6.84,0
33.82,55.94,997.53,25.97,1
29.26,90.59,990.9,25.98,1
20.84,93.13,1018.73,12.56,0
38.72,69.37,995.34,5.95,0
22.99,66.09,999.76,25.44,0
22.78,82.02,998.57,16.64,1
27.5,61.85,994.26,5.39,0
27.98,72.51,1007.1,5.55,0
26.05,68.12,1013.37,19.72,0
34.79,74.11,998.36,15.66,1
28.55,59.81,1003.07,24.21,1
20.54,52.07,990.86,4.91,0
26.54,80.28,1015.33,28.5,0
28.26,42.55,999.1,25.95,1
33.56,68.04,997.49,13.09,1
25.35,40.13,1006.87,21.77,0
21.32,92.7,1016.44,29.12,0
36.68,67.47,996.68,16.85,1
29.54,82.42,993.04,9.66,1
38.13,60.33,1010.02,8.02,0
24.05,52.15,1009.4,2.24,0
39.21,61.73,1010.41,9.05,0
38.09,91.21,1002.52,22.06,1
35.97,52.51,1018.45,24.67,0
23.39,44.76,999.43,29.45,0
39.09,66.65,1011.43,23.9,0
22.13,56.2,1016.53,12.89,0
38.37,71.64,1019.07,15.37,0
39.42,64.94,1007.74,5.8,0
33.92,62.03,1017.87,20.1,0
23.5,76.7,1000.37,8.69,0
32.46,92.4,1008.08,16.09,1
26.79,61.49,1007.87,22.68,0
26.35,78.86,1000.04,14.1,1
37.65,47.92,1011.85,12.56,0
24.12,70.63,1003.8,7.17,0
31.95,67.1,1018.37,24.31,0
38.25,45.24,1009.23,7.19,0
32.25,59.22,994.65,24.47,1
30.45,99.42,1015.01,11.34,0
23.76,50.39,1003.82,15.65,0
29.82,50.49,1013.65,5.2,0
27.73,84.88,1017.62,28.06,0
21.24,72.79,1018.63,25.42,0
38.01,70.5,1016.98,12.33,0
27.97,66.59,1005.29,27.71,0
28.3,44.25,1017.36,16.01,0
26.33,75.95,1012.41,21.11,0
36.03,54.8,991.48,11.52,0
28.26,72.06,1016.02,6.76,0
35.59,45.53,998.4,21.21,1
27.54,93.24,1008.44,11.06,0
38.86,54.58,991.3,22.5,1
29.6,48.21,1018.1,17.41,0
28.0,99.89,1010.55,11.08,0
35.15,57.92,1016.46,3.0,0
31.92,66.96,991.51,23.64,1
33.75,82.09,1010.35,28.46,1
34.78,99.22,1014.28,14.39,1
31.49,72.19,1016.52,11.14,0
22.04,50.35,1004.08,8.52,0
33.61,89.25,1011.69,15.48,1
26.14,69.61,1013.02,12.5,0
28.85,81.18,1002.42,25.69,1
22.74,64.23,991.47,8.47,0
32.13,63.14,1017.08,3.63,0
31.53,46.78,996.34,24.88,1
31.7,81.78,1007.99,26.43,1
38.73,71.71,1012.49,18.5,0
36.78,95.4,998.75,2.79,1
24.81,60.17,992.18,27.3,0
37.75,79.67,994.31,2.07,1
29.86,54.55,1013.73,25.44,0
24.46,53.15,1002.98,15.64,0
23.47,76.83,1001.48,20.52,1
20.93,84.55,1013.19,22.52,0
24.96,42.92,1003.36,9.57,0
27.48,92.63,1005.69,26.9,0
24.56,65.06,998.1,27.89,0
22.13,82.76,1011.45,23.25,0
27.49,95.81,1015.14,18.71,0
32.29,52.0,1010.44,14.75,0
20.18,67.09,1019.45,25.88,0
38.71,66.59,1013.49,9.12,0
24.59,94.27,994.74,14.3,1
39.05,87.18,1010.59,12.81,1
28.62,47.62,998.48,4.93,0
21.67,45.5,1006.79,10.65,0
23.79,53.5,1004.53,12.86,0
31.6,57.07,992.22,2.63,0
38.94,82.23,1005.57,27.0,1
21.11,84.59,1019.55,4.78,0
22.4,51.94,1002.05,10.84,0
30.27,62.43,993.37,18.58,1
32.0,98.17,999.03,23.08,1
31.91,86.07,1008.66,5.3,0
25.99,65.87,1015.5,9.5,0
29.2,89.75,1002.15,23.02,1
32.18,80.1,1008.72,12.23,1
35.34,89.23,999.63,26.21,1
21.75,72.76,1018.15,13.64,0
21.54,99.6,1006.58,21.66,0
22.65,50.93,992.8,5.89,0
28.75,49.19,997.53,16.79,1
31.84,78.7,1006.71,9.61,0
24.24,55.81,1007.16,21.94,0
24.16,90.99,991.32,12.94,1
25.71,89.54,1010.5,18.56,0
20.37,47.32,997.28,15.75,0
31.97,88.1,990.44,14.66,1
32.43,44.55,1011.64,6.8,0
31.82,93.82,1006.3,24.64,1
38.71,51.98,1003.57,15.83,1
24.12,82.93,1010.97,6.49,0
34.04,79.98,993.67,23.61,1
32.47,66.64,1015.95,4.13,0
25.92,82.54,1006.93,2.46,0
31.96,89.13,1015.88,10.43,0
33.66,61.82,1000.92,23.4,1
28.67,42.4,998.04,27.71,1
28.88,88.56,995.31,21.29,1
39.58,70.3,1018.13,22.78,0
26.18,74.86,1010.37,13.17,0
24.48,62.68,1010.81,4.05,0
33.13,77.61,992.66,9.28,1
27.68,56.96,992.24,27.34,0
25.68,58.05,1018.29,8.28,0
39.19,65.49,1019.48,5.88,0
24.57,96.58,1012.32,21.68,0
28.01,41.3,994.07,27.01,1
36.66,88.43,996.32,29.38,1
30.46,65.77,1019.8,7.65,0
21.15,76.35,1009.45,15.56,0
35.32,94.76,995.02,22.39,1
32.19,82.09,1012.14,26.57,1
21.82,90.37,1010.53,3.92,0
21.77,90.27,990.65,29.27,1
34.51,79.51,996.07,13.39,1
24.88,49.09,1004.23,14.42,0
31.61,90.82,993.04,19.37,1
24.4,97.24,1005.95,26.52,0
36.23,81.42,996.07,8.19,1
23.18,87.38,1006.07,21.96,0
23.21,41.67,1019.76,19.0,0
30.53,70.78,1001.45,26.8,1
36.66,74.22,992.46,9.05,0
28.22,62.13,1003.24,25.31,1
20.96,81.19,1002.39,29.82,1
39.06,87.53,995.45,27.42,1
30.59,73.1,1015.93,15.45,0
33.45,61.63,1004.22,9.17,0
23.75,74.17,997.42,9.83,0
35.39,52.03,1003.95,27.73,1
20.87,84.86,1018.1,18.12,0
20.58,70.34,1011.88,29.74,0
35.7,86.99,996.33,15.51,1
38.47,76.51,1017.08,23.07,1
39.22,99.24,1010.63,10.89,0
21.25,65.12,1014.71,14.01,0
27.06,60.96,1002.8,9.22,0
25.24,58.09,1004.45,3.26,0
35.86,64.97,1008.33,19.22,0
30.87,82.71,1005.28,3.19,0
33.63,80.76,1005.65,9.26,0
24.75,56.64,1003.23,25.45,0
20.66,82.73,1017.69,9.84,0
37.89,46.72,990.09,23.1,1
23.79,87.5,1000.66,28.47,1
24.46,90.1,1001.03,2.57,0
35.72,96.41,1016.04,23.89,1
31.73,49.89,1005.03,29.49,0
24.79,75.32,1007.04,2.15,0
33.41,57.49,1009.79,8.34,0
36.81,77.92,1019.74,4.03,0
21.26,58.42,1013.29,11.13,0
38.54,46.33,1004.2,9.86,0
24.59,66.02,1008.92,23.63,0
22.48,96.45,1015.85,10.99,0
31.5,84.36,1013.79,28.77,1
25.61,79.51,1017.42,19.76,0
26.77,87.9,1003.29,6.88,0
20.5,95.89,998.24,29.75,1
27.5,46.99,998.65,10.74,0
27.18,44.51,993.91,14.57,0
30.38,80.28,1002.87,11.11,1
36.88,82.94,995.1,6.45,1
37.05,53.67,1014.17,10.95,0
23.99,97.38,995.35,26.41,1
32.13,97.73,1015.59,10.43,0
38.92,49.93,992.43,10.69,0
28.93,91.95,1013.42,12.35,1
34.45,44.64,995.81,18.67,1
33.18,84.92,1009.71,4.44,0
30.1,71.81,1017.61,26.89,0
22.71,71.38,1000.39,9.39,0
37.3,40.83,1003.86,24.29,1
36.3,99.37,1012.38,14.0,1
27.81,58.19,995.95,13.6,0
23.83,40.28,1016.99,29.16,0
38.86,40.18,996.01,22.83,1
32.23,73.75,1017.86,5.7,0
25.69,95.69,996.49,20.47,1
25.52,44.08,1016.83,25.69,0
35.81,82.08,998.98,11.68,1
31.78,79.21,1015.81,27.77,1
27.21,58.39,1000.08,28.72,0
38.6,48.08,999.97,6.99,0
39.5,51.79,999.51,10.22,0
24.37,89.19,991.57,12.54,1
23.1,42.41,1001.93,29.37,0
27.95,41.68,996.6,11.92,0
35.62,51.68,1005.74,4.3,0
29.42,73.88,1000.01,22.95,1
20.78,65.65,1006.08,15.68,0
39.18,50.56,1010.57,9.21,0
30.85,56.99,1016.43,6.42,0
23.15,69.24,990.24,24.49,0
37.82,99.09,1014.62,29.78,1
35.05,47.48,995.3,24.68,1
27.99,59.42,1013.58,9.58,0
24.62,72.53,1004.34,13.94,0
33.59,98.36,1011.19,17.26,1
32.07,89.68,1016.91,12.1,1
33.74,95.01,1010.79,16.48,1
33.59,47.64,1017.66,17.05,0
33.19,50.72,1001.03,23.09,1
34.27,68.08,1015.01,17.67,0
29.33,75.5,1008.8,4.39,0
35.14,56.3,1002.5,16.39,1
33.09,74.25,1018.57,3.93,0
37.58,81.7,1014.78,18.05,1
26.9,98.65,1017.56,14.16,0
33.21,65.42,993.56,6.18,0
30.75,50.29,1003.78,7.97,0
36.81,85.71,995.47,12.3,1
37.35,78.52,990.57,2.67,1
31.03,86.92,1003.15,21.39,1
31.42,61.06,1001.66,5.29,0
36.97,86.81,999.33,23.7,1
25.39,82.99,995.0,13.27,1
39.57,65.92,1004.9,4.64,0
20.97,65.23,994.81,12.16,0
39.04,75.44,1019.76,28.03,1
27.56,45.74,993.49,12.97,0
21.82,55.02,1009.94,26.01,0
34.07,52.95,999.38,22.0,1
20.93,80.46,994.8,2.02,0
25.08,45.84,1017.62,6.99,0
31.9,67.92,992.21,10.59,0
39.24,46.06,1009.97,17.73,0
27.96,92.81,1007.35,27.81,0
38.7,68.16,1002.91,2.95,0
38.48,44.0,1006.76,4.84,0
28.3,93.16,1006.65,15.79,1
32.54,49.81,1005.19,11.66,0
30.75,60.63,992.3,22.32,1
26.03,81.21,1004.27,28.48,1
29.26,55.91,1009.82,13.15,0
33.92,50.71,1018.9,28.07,0
27.87,73.68,1019.63,20.86,0
21.56,42.6,1012.27,26.16,0
37.87,80.13,990.19,7.32,1
36.84,58.6,990.97,16.1,1
30.88,42.07,1004.05,13.35,1
29.16,73.7,997.55,15.1,1
31.36,79.32,1001.96,12.2,1
27.12,67.36,993.13,3.27,0
38.85,77.4,1013.14,4.48,0
26.97,45.98,1013.66,9.09,0
34.27,53.39,1017.99,12.7,0
32.43,98.99,996.57,7.53,1
25.08,88.98,1016.45,14.91,0
37.56,73.94,1004.33,5.06,0
27.71,82.9,1007.96,16.88,0
32.9,70.11,999.55,7.68,0
25.07,82.46,991.67,23.68,1
34.63,76.19,991.99,7.35,1
39.27,67.04,994.82,13.67,1
37.35,87.15,1010.89,28.45,1
27.36,73.81,1003.16,18.9,0
25.38,67.17,1010.95,27.42,0
24.74,43.83,1007.96,16.67,0
24.99,61.03,999.52,25.89,0
20.23,94.76,1016.83,17.93,0
39.4,53.92,999.74,27.33,1
29.33,46.76,997.58,28.49,1
23.68,51.68,999.72,14.11,0
38.93,66.59,1003.55,13.88,1
25.26,74.53,1000.67,29.78,0
29.45,84.67,1005.65,2.14,0
27.48,49.22,1017.95,13.8,0
32.02,70.76,1007.0,8.03,0
29.85,81.19,1012.91,20.22,1
39.72,94.48,1017.12,5.29,0
29.86,64.01,993.95,27.95,1
36.86,82.63,1012.72,4.41,0
20.24,86.22,1002.24,29.09,1
36.98,76.13,1003.98,25.39,1
23.28,47.79,1002.36,7.65,0
20.32,48.48,992.2,11.53,0
20.65,69.97,991.12,18.19,0
24.87,55.29,1011.61,16.94,0
35.4,64.43,998.58,15.05,1
34.76,43.03,1012.35,22.92,0
21.84,59.91,1013.53,7.93,0
39.58,99.86,998.52,2.3,1
21.13,82.1,1019.15,3.99,0
32.48,64.5,1004.54,29.72,1
24.07,98.97,1002.0,8.65,0
29.11,77.95,1016.19,5.68,0
37.57,46.49,999.58,22.79,1
35.9,45.26,1017.78,5.8,0
34.06,73.28,1003.2,3.51,0
32.38,53.27,1005.93,20.98,0
39.6,50.44,1002.55,28.81,1
24.55,54.82,993.86,9.31,0
32.37,46.4,1007.72,10.25,0
27.61,91.69,1014.27,20.88,0
22.12,79.29,1000.87,14.4,1
21.13,56.73,1015.98,13.39,0
26.87,65.81,1013.57,10.09,0
37.29,96.41,998.98,18.75,1
27.64,55.59,1016.75,19.09,0
25.68,51.13,999.41,27.47,0
25.48,94.28,1011.05,13.35,0
30.48,76.14,997.36,17.78,1
34.4,56.42,1017.57,4.52,0
32.7,89.23,1014.42,9.3,0
21.98,99.34,1003.04,28.2,1
26.15,66.12,995.07,6.84,0
23.07,48.64,997.08,5.15,0
28.46,82.09,990.51,25.65,1
37.13,48.53,1013.07,28.1,0
33.76,40.87,1005.2,27.42,0
38.73,90.21,990.44,18.08,1
23.62,47.89,1011.03,12.06,0
34.94,64.52,992.2,28.64,1
37.0,95.72,1016.42,3.28,0
23.7,74.34,991.67,6.89,0
28.08,86.52,1015.63,27.51,1
29.91,76.31,1014.78,6.7,0
35.73,54.69,1004.21,13.11,1
35.19,79.47,1002.0,7.32,1
25.95,92.05,1013.95,4.24,0
35.29,98.93,1005.71,29.04,1
28.87,47.74,1003.46,3.31,0
34.26,45.43,1008.07,3.42,0
24.77,50.87,1007.8,16.77,0
32.43,58.35,1010.43,27.88,0
24.75,40.1,1001.7,9.52,0
27.97,89.76,994.67,2.51,0
20.24,55.88,1011.86,28.82,0
25.17,87.43,1000.07,2.63,0
36.03,49.09,1019.41,3.75,0
23.43,74.83,1001.87,3.19,0
30.02,73.2,1008.56,28.2,0
21.99,88.17,1004.96,15.51,1
27.29,99.64,994.39,17.03,1
28.11,80.05,1007.73,24.31,1
37.83,54.32,1011.37,27.5,0
24.68,68.52,1015.98,28.23,0
21.31,76.67,998.7,27.29,1
38.25,68.91,1002.52,13.47,1
26.72,49.19,1005.97,18.92,0
36.13,75.98,1016.06,21.16,1
24.76,92.25,996.78,22.91,1
34.65,73.86,1002.92,11.55,0
33.39,42.23,997.52,11.05,0
34.76,86.78,1009.55,14.07,1
33.04,55.67,1009.77,18.5,0
33.89,53.78,1008.33,18.72,0
31.21,96.63,1000.5,19.3,1
34.68,92.08,1009.56,4.3,0
34.29,71.4,993.93,3.4,0
35.98,65.8,995.13,4.77,0
20.06,78.25,1018.18,19.31,0
29.08,94.73,991.76,6.71,1
20.09,97.36,997.25,26.47,1
31.16,77.8,1006.0,25.31,1
29.45,88.76,1003.98,14.64,1
20.74,43.3,1001.03,27.22,0
33.28,60.28,995.97,2.2,0
24.02,52.37,1004.82,18.26,0
30.22,75.12,996.81,20.23,1
32.04,78.25,995.41,24.77,1
21.58,57.85,1006.48,27.13,0
38.97,85.61,1009.67,20.89,1
23.78,63.24,995.34,19.8,0
30.35,85.34,1009.55,28.64,1
22.05,65.36,1012.8,25.52,0
25.42,67.75,1003.14,10.99,0
31.72,80.84,992.02,26.94,1
20.88,55.73,1012.55,12.73,0
24.78,67.12,1013.66,22.57,0
31.93,92.73,1013.58,14.82,1
25.09,43.66,1006.51,18.1,0
34.27,50.32,1011.01,16.4,0
39.35,54.23,1012.19,16.45,0
31.66,65.08,1017.65,22.37,0
34.08,74.64,992.31,27.12,1
23.92,71.25,995.29,25.7,0
22.88,86.94,1009.53,14.88,0
22.69,43.5,1003.64,29.26,0
23.61,49.07,1006.61,26.92,0
30.16,48.68,991.44,15.36,1
20.98,67.53,1001.99,17.14,0
26.47,51.7,991.08,11.09,0
36.6,94.21,1016.15,14.41,1
29.6,90.06,1006.26,17.82,1
25.46,41.72,1013.81,4.93,0
33.69,61.25,993.46,12.3,1
20.24,83.56,1012.31,12.49,0
23.96,52.18,995.66,16.22,0
24.55,42.99,1004.36,25.07,0
36.99,99.5,1008.99,8.12,0
21.75,65.29,996.98,28.85,0
28.31,49.01,996.14,21.31,1
32.56,72.81,997.48,14.4,1
36.02,88.49,1008.76,3.6,0
35.69,68.73,999.83,4.71,0
30.66,62.82,1000.63,2.61,0
34.52,46.2,1015.97,11.65,0
28.27,48.28,991.72,8.46,0
32.75,97.14,990.17,19.82,1
23.36,67.0,1011.75,14.04,0
24.79,60.3,992.35,22.32,0
31.15,88.29,990.53,25.75,1
33.88,85.95,995.31,8.72,1
33.78,72.08,1013.77,29.98,0
27.59,81.33,1006.81,14.03,0
35.05,76.06,996.15,21.52,1
34.12,41.53,1006.56,21.11,0
20.84,53.43,996.36,28.57,0
34.95,87.69,995.1,13.56,1
38.59,56.62,998.94,13.75,1
32.39,50.6,1002.79,11.93,0
23.61,58.53,1014.5,3.09,0
25.97,51.21,1006.1,26.63,0
39.04,68.44,998.21,26.04,1
30.64,67.15,1007.74,16.51,0
20.89,56.74,1003.36,20.55,0
23.93,45.32,1017.32,3.64,0
36.26,84.07,999.81,14.07,1
36.33,75.43,1001.95,17.29,1
34.87,71.62,1016.54,2.27,0
29.41,76.57,1002.85,6.43,1
39.26,91.07,1014.1,28.92,1
21.64,49.76,1012.92,12.82,0
33.8,44.76,999.25,3.33,0
31.63,89.61,991.33,24.48,1
26.02,85.66,1010.81,3.23,0
23.4,57.42,1015.8,5.87,0
29.64,67.95,1000.38,14.77,1
23.95,49.21,1006.42,18.53,0
34.01,64.76,1009.0,6.83,0
24.57,47.64,1016.95,3.58,0
36.67,54.4,1013.73,28.24,0
28.14,67.89,1010.1,18.67,0
23.66,92.53,994.22,6.94,0
27.81,51.8,992.02,20.34,0
28.39,40.36,1006.84,5.65,0
33.4,84.46,1004.95,29.5,1
26.07,50.27,990.52,29.94,0
37.69,48.85,997.9,19.22,1
32.86,46.95,1008.38,5.71,0
31.7,65.9,996.89,26.75,1
25.75,76.25,993.02,7.26,0
25.52,84.37,995.69,6.86,0
34.31,95.34,1003.06,8.1,1
23.05,41.82,1006.41,5.41,0
36.7,78.26,1018.32,2.94,0
34.49,79.84,999.85,20.88,1
26.99,81.8,1012.88,29.22,0
32.57,86.32,1007.55,14.79,1
38.62,47.62,997.23,20.4,1
39.61,71.87,997.61,24.61,1
20.46,99.17,1009.34,26.46,0
37.33,49.65,1006.36,7.95,0
22.81,54.64,998.84,26.05,0
25.59,72.92,1008.11,19.19,0
28.23,72.77,998.2,27.37,1
34.6,87.39,992.42,9.74,1
30.02,51.33,1005.0,21.85,0
22.18,71.16,1016.05,3.59,0
39.79,66.67,1018.91,9.61,0
37.45,91.23,998.5,3.21,1
32.83,84.65,1019.0,10.62,0
22.8,52.39,1018.05,10.8,0
22.63,75.22,1001.84,14.07,1
39.24,94.73,1002.85,23.46,1
31.02,49.99,1014.46,23.79,0
29.38,60.08,998.7,28.43,1
22.04,81.04,1009.56,14.06,0
22.64,43.84,996.63,3.03,0
27.6,76.86,1013.83,27.9,0
23.64,48.7,1009.64,24.19,0
37.04,48.63,1015.37,25.33,0
33.73,86.96,1001.48,9.61,1
27.75,44.99,1006.24,12.11,0
21.01,52.88,994.11,23.94,0
27.18,56.57,1019.16,19.43,0
36.49,90.23,1013.49,5.51,0
35.68,52.55,996.52,26.06,1
20.96,99.54,1003.98,13.57,1
37.88,44.38,1011.52,11.32,0
39.81,79.4,1017.14,9.38,0
35.13,65.06,1016.94,5.05,0
39.43,64.7,1012.73,26.35,0
34.28,44.22,999.16,17.23,1
36.94,86.94,1003.81,9.48,1
33.8,56.43,1008.7,4.71,0
38.08,96.82,1014.12,13.63,1
34.75,43.34,996.64,27.98,1
30.34,91.36,1005.76,7.13,0
27.35,93.71,1004.99,2.96,0
22.84,67.2,1006.38,19.7,0
32.96,56.64,1006.98,14.17,0
31.67,99.27,997.92,4.42,1
29.93,51.11,1005.52,6.52,0
26.34,96.0,1019.68,4.84,0
37.77,81.29,998.6,12.88,1
36.09,57.85,1018.57,21.14,0
29.82,72.9,991.52,23.41,1
33.4,44.39,990.74,11.33,0
29.34,65.12,991.78,20.17,1
22.62,84.33,1001.56,29.49,1
31.36,79.34,1010.75,12.01,1
25.09,87.65,996.87,18.65,1
23.61,69.11,1009.16,4.84,0
32.8,50.22,1008.42,14.08,0
27.3,74.33,1012.68,12.36,0
26.41,55.31,1000.99,8.13,0
21.99,41.14,1014.19,20.35,0
38.74,81.23,1012.85,9.21,0
39.26,98.42,1012.42,4.77,0
39.6,50.43,1015.73,6.38,0
34.12,87.63,1011.05,29.56,1
39.35,87.99,1008.15,2.94,0
39.21,66.27,1012.98,14.62,0
25.27,88.38,1008.78,3.58,0
38.09,88.08,1010.6,27.25,1
30.49,93.63,1010.95,6.79,0
23.86,90.73,1008.92,7.47,0
34.02,80.75,995.57,21.21,1
21.19,78.97,1007.95,18.68,0
21.24,87.88,1006.15,2.21,0
22.27,81.67,1013.82,2.34,0
28.39,79.55,1005.47,4.47,0
25.96,71.69,1000.78,17.86,0
28.82,45.58,1019.66,27.4,0
38.49,66.41,1002.13,18.8,1
24.48,51.85,994.62,17.25,0
20.7,79.6,992.34,17.5,1
24.52,97.45,991.36,22.84,1
24.44,54.4,1007.44,20.84,0
22.66,85.43,1005.89,18.84,0
33.9,83.81,994.7,15.34,1
26.1,80.33,1004.86,3.34,0
21.09,42.31,1013.71,27.87,0
29.34,84.62,997.61,12.02,1
35.14,76.72,1017.31,6.04,0
21.31,94.82,1002.05,6.16,0
31.26,56.45,1001.83,9.96,0
26.31,93.77,1017.91,13.95,0
24.42,96.54,992.1,25.37,1
32.26,65.38,1001.93,4.13,0
29.3,46.76,995.64,7.85,0
26.46,71.29,1011.24,5.73,0
34.16,43.34,1015.67,11.68,0
23.34,92.73,1002.55,29.67,1
22.99,44.14,1018.56,25.28,0
27.23,86.44,1015.71,3.04,0
35.87,60.79,1019.38,27.52,0
34.75,46.78,1012.44,9.02,0
32.39,94.7,1003.02,29.19,1
26.49,76.15,1016.46,3.1,0
21.53,60.48,1004.62,24.74,0
33.16,72.32,993.75,4.86,0
26.06,86.21,1016.42,23.63,0
20.16,81.76,1002.38,22.09,1
20.37,85.53,1019.99,11.52,0
38.01,46.17,1001.61,5.62,0
31.6,99.99,1002.67,7.28,1
31.98,42.79,993.04,2.67,0
33.91,48.32,994.26,5.18,0
32.03,78.87,1010.58,10.56,0
28.84,58.99,1006.93,6.94,0
29.54,72.85,994.45,18.19,1
20.06,82.44,997.5,8.74,0
24.23,75.17,1011.88,7.5,0
24.1,72.09,1001.76,13.74,0
21.69,78.58,1001.5,22.52,1
35.34,82.56,995.41,21.83,1
22.85,66.69,1018.4,26.86,0
36.44,78.66,1013.34,28.89,1
36.37,69.36,1018.74,8.62,0
28.78,49.47,1016.28,9.57,0
33.09,90.12,1007.26,28.17,1
25.16,79.27,1003.61,7.69,0
35.32,85.77,1010.15,3.49,0
34.94,57.42,1002.74,10.12,0
28.86,42.27,1000.42,26.65,1
26.22,86.87,1004.66,14.45,1
21.89,99.19,1009.78,9.38,0
33.51,49.85,1002.11,24.39,1
24.17,74.61,1012.61,20.71,0
27.31,48.61,1015.69,2.47,0
25.71,95.63,1019.33,17.6,0
36.05,74.6,991.95,18.58,1
35.84,76.26,990.7,23.93,1
35.5,79.19,991.58,13.73,1
21.25,54.42,1008.95,10.58,0
33.77,47.96,1014.92,22.75,0
26.01,66.89,1017.1,10.95,0
36.85,76.71,1005.91,12.19,1
21.62,69.38,1009.75,22.21,0
24.89,95.0,1011.71,12.73,0
36.1,41.6,991.6,9.71,0
35.7,98.0,1014.23,8.74,0
28.54,81.11,1009.24,20.75,1
29.2,40.93,996.14,6.53,0
37.58,75.32,1002.55,15.73,1
39.16,57.95,1010.17,24.3,0
39.52,48.72,990.43,7.88,0
29.93,83.64,998.01,19.41,1
20.17,61.52,998.25,24.11,0
27.94,88.69,996.75,6.89,0
31.37,56.86,999.43,24.59,1
35.71,64.0,1001.79,2.62,0
39.51,77.94,996.66,19.51,1
36.3,97.77,1010.49,25.64,1
36.78,77.63,1001.53,2.47,1
24.52,79.87,1003.91,15.63,1
39.49,63.6,996.13,13.29,1
36.6,86.42,1016.66,4.08,0
24.18,80.36,1017.16,17.17,0
31.62,55.41,1005.38,26.05,0
35.41,90.12,1004.48,11.4,1
32.41,95.27,992.66,11.06,1
36.3,67.86,1017.99,24.93,0
32.35,54.97,1018.51,3.87,0
33.11,44.22,1015.54,11.15,0
37.68,60.16,992.46,22.62,1
29.44,47.98,995.58,5.46,0
37.28,56.64,1009.06,9.04,0
29.25,42.12,1010.67,13.35,0
25.06,77.49,995.59,21.72,1
23.9,72.24,1017.28,23.71,0
26.75,61.53,1016.94,7.82,0
34.17,46.87,1018.97,9.79,0
29.34,65.36,994.27,26.43,1
33.51,48.46,994.95,22.95,1
31.92,54.41,1010.84,16.3,0
39.46,62.79,1012.17,16.89,0
39.66,59.15,1010.05,22.72,0
27.72,98.92,993.34,15.14,1
25.36,82.84,996.54,23.88,1
24.8,48.52,1003.73,12.57,0
27.1,49.86,1011.66,18.24,0
29.54,64.14,1019.92,13.28,0
34.38,74.58,1006.37,5.46,0
25.05,87.42,1008.81,20.89,0
35.41,66.95,993.42,3.83,0
34.13,99.34,1001.0,20.98,1
21.1,85.46,1002.37,13.95,1
29.94,43.18,1018.22,21.58,0
33.91,62.65,992.97,6.83,0
26.95,66.78,1007.94,25.88,0
38.95,62.02,990.51,27.59,1
31.94,61.04,996.35,20.09,1
26.76,82.62,997.58,7.21,0
36.81,62.45,995.11,12.79,1
20.83,96.71,1010.18,16.45,0
23.24,50.14,994.39,3.77,0
32.41,95.33,1015.17,9.3,0
37.19,45.61,1013.37,18.61,0
38.72,91.09,1012.78,16.95,1
34.36,87.23,1005.81,8.17,0
32.31,71.1,1003.6,11.5,0
25.86,68.92,1002.81,20.91,0
39.23,65.03,1001.86,21.17,1
24.29,41.06,1010.01,23.16,0
23.09,99.77,1000.74,21.47,1
21.13,95.97,1003.44,24.21,1
21.31,61.72,1015.99,29.86,0
22.93,95.41,1012.79,12.32,0
37.37,45.68,1016.13,24.0,0
20.58,91.92,1018.63,6.46,0
36.24,79.29,1015.03,22.77,1
24.62,51.91,993.43,9.86,0
29.35,71.77,994.7,22.64,1
39.7,49.84,1019.21,29.07,0
39.39,83.72,999.29,2.91,1
38.04,45.29,998.4,4.54,0
33.41,97.1,1000.55,14.81,1
22.22,87.86,1003.35,29.4,1
39.95,63.22,994.52,20.27,1
39.77,99.21,990.88,29.92,1
29.06,95.44,1015.19,6.42,0
36.81,50.77,993.19,3.6,0
32.45,62.57,991.66,18.45,1
20.83,61.68,997.69,22.68,0
29.43,99.39,995.0,25.0,1
23.17,70.3,999.51,23.57,0
38.34,90.35,1003.04,14.01,1
28.0,54.8,1003.59,3.09,0
37.38,94.5,990.66,13.96,1
31.26,53.13,1011.33,4.12,0
26.13,73.49,997.93,10.84,0
23.9,59.95,1005.97,26.69,0
26.62,75.75,1015.07,8.79,0
35.34,46.77,1014.21,10.5,0
34.13,58.17,991.41,5.25,0
26.89,85.27,994.22,13.74,1
20.47,61.62,1004.0,26.35,0
33.28,52.69,1006.93,12.64,0
37.16,42.15,990.77,2.35,0
31.59,60.62,1015.57,7.83,0
31.36,47.96,1015.96,16.46,0
29.93,64.87,1003.67,18.78,1
37.42,80.36,999.9,8.63,1
32.19,52.47,1016.78,16.77,0
30.03,83.44,1006.18,15.77,1
28.92,49.88,1002.95,16.98,1
20.21,49.43,995.29,17.35,0
24.64,62.32,999.65,7.58,0
37.58,44.9,1015.84,21.1,0
31.72,66.9,1009.87,19.34,0
28.17,74.51,1003.62,13.46,1
31.14,47.36,991.32,23.32,1
37.8,67.3,1010.13,8.02,0
21.37,86.26,1000.68,8.6,0
36.2,97.85,992.86,8.14,1
22.41,70.14,1006.05,12.69,0
29.57,77.72,1008.92,17.08,1
24.5,77.91,1013.92,24.88,0
38.14,81.93,1013.8,28.31,1
25.32,90.44,993.9,11.65,0
25.63,85.95,996.6,27.25,1
36.04,90.72,1000.92,6.77,1
22.8,74.16,1014.66,17.25,0
39.26,48.36,1010.26,16.54,0
25.92,86.19,1008.63,2.46,0
21.4,72.05,1019.7,14.21,0
32.21,42.66,1010.5,25.68,0
38.94,56.15,996.27,15.43,1
24.52,88.25,1008.99,29.35,0
34.0,63.13,1016.82,16.76,0
35.79,58.27,990.22,24.68,1
24.3,54.09,993.57,9.99,0
36.8,56.72,995.66,25.26,1
22.44,93.37,1007.0,28.14,0
36.29,56.33,991.14,14.14,1
31.16,78.29,1019.84,14.6,1
35.13,82.88,997.68,11.5,1
31.47,57.99,997.67,29.79,1
36.57,67.77,1006.99,15.6,0
37.31,52.64,992.33,4.3,0
33.97,47.65,1018.43,20.01,0
37.01,41.24,1017.42,3.49,0
25.6,97.18,1000.7,20.03,1
24.15,79.98,999.78,29.67,1
29.4,48.98,998.67,14.36,1
34.41,67.83,1001.7,10.37,0
24.13,51.57,1013.55,3.88,0
26.07,83.2,1000.77,15.35,1
36.19,66.53,1000.74,5.51,0
29.67,56.97,1004.8,7.65,0
24.93,78.89,1008.18,28.75,0
29.93,84.26,991.36,6.82,1
28.44,75.49,1010.11,26.45,1
31.76,80.22,1001.56,16.75,1
23.29,64.51,1006.01,20.75,0
29.93,76.25,1012.05,16.87,1
34.35,70.85,1002.11,28.39,1
36.63,66.97,1015.63,14.51,0
37.23,42.35,996.43,23.47,1
39.0,62.24,1006.27,21.92,0
26.44,57.63,1018.88,10.89,0
29.34,85.96,997.35,5.87,1
24.0,63.71,994.67,27.83,0
35.68,62.76,996.8,5.16,0
21.39,41.71,1007.3,6.95,0
25.69,76.56,1019.07,16.03,0
28.41,48.75,996.92,28.25,1
32.32,44.19,1008.14,17.86,0
28.17,64.14,1013.26,18.18,0
29.27,49.74,991.22,15.46,1
33.82,43.29,1006.72,7.16,0
21.54,65.87,1017.23,6.36,0
25.65,67.51,1015.45,22.9,0
20.35,69.87,990.07,19.13,0
36.59,90.53,995.29,17.94,1
21.31,59.98,996.35,19.42,0
32.66,95.14,1008.33,19.74,1
21.64,55.61,1000.55,9.96,0
33.46,56.49,1001.41,5.66,0
28.34,43.04,1019.38,20.43,0
35.89,41.58,1011.57,20.09,0
39.1,81.47,990.16,27.78,1
22.63,88.4,1019.9,22.88,0
39.61,81.8,1005.91,12.6,1
35.82,58.24,1009.41,5.21,0
22.83,62.31,1008.98,22.74,0
22.93,95.08,1003.44,19.83,1
36.25,86.69,1002.53,22.91,1
32.07,94.55,1019.59,29.7,1
29.1,76.71,994.35,23.79,1
30.68,66.01,1000.33,14.6,1
28.62,89.75,997.29,4.19,1
30.35,46.15,1007.81,23.55,0
29.44,44.28,1000.35,17.19,1
36.9,91.81,1002.77,24.7,1
35.5,43.36,1012.01,23.43,0
36.61,55.37,1010.35,12.46,0
31.21,66.66,996.03,20.53,1
34.06,76.44,1017.85,29.52,1
31.89,61.32,1002.1,9.6,0
33.66,97.17,999.11,25.91,1
28.75,43.04,1013.7,4.85,0
21.84,81.67,995.91,22.57,1
36.01,92.95,1007.04,21.07,1
34.14,64.22,1006.81,14.96,0
32.5,60.04,1001.52,24.46,1
27.46,72.68,1000.42,12.46,0
20.76,97.06,990.99,18.5,1
21.88,64.23,1002.93,6.16,0
24.06,44.79,1004.16,27.36,0
25.18,47.99,995.84,10.42,0
26.72,65.45,990.83,2.37,0
21.47,80.71,1000.89,25.37,1
37.13,51.54,991.5,9.92,0
32.19,53.65,1015.39,26.13,0
32.96,86.61,1008.49,25.42,1
28.78,88.84,997.34,7.93,1
31.6,57.29,1014.75,5.24,0
20.85,45.17,997.98,12.91,0
27.84,95.92,1004.11,26.94,1
32.96,85.6,1002.19,23.39,1
23.97,77.03,1001.09,3.49,0
22.98,98.7,1011.81,2.07,0
33.41,68.02,1019.67,3.2,0
33.13,76.71,1011.15,2.77,0
29.47,82.3,997.14,6.3,1
24.47,50.17,990.0,24.43,0
32.82,84.16,1011.18,2.29,0
34.19,63.45,1010.61,17.53,0
31.37,53.79,1011.35,11.6,0
29.84,87.38,1014.86,16.95,1
31.68,69.76,999.8,28.63,1
31.13,74.63,994.68,22.48,1
28.21,74.4,998.19,8.42,0
24.71,59.94,1012.35,29.73,0
20.31,68.45,1007.97,19.78,0
37.44,41.83,1016.27,17.88,0
36.35,69.52,1017.39,19.0,0
32.09,49.55,1007.98,24.52,0
35.52,40.58,1004.51,11.63,0
34.07,95.9,996.72,22.66,1
35.55,45.22,1006.51,18.25,0
21.14,94.6,997.11,23.05,1
35.31,46.75,1003.37,24.2,1
37.48,80.5,1009.18,11.54,0
23.59,78.82,990.58,23.55,1
37.46,89.04,1016.64,4.0,0
39.72,47.39,1014.46,16.47,0
27.56,73.34,1016.51,6.61,0
26.23,57.71,1000.37,4.64,0
38.36,44.28,1011.31,19.01,0
25.26,70.79,1002.65,26.3,0
28.39,45.02,1017.97,9.06,0
38.55,66.11,1011.79,11.46,0
31.79,67.98,1001.33,16.2,1
38.11,52.95,991.8,29.36,1
37.64,66.98,994.91,15.93,1
22.77,68.04,1015.17,6.98,0
27.21,83.5,1011.19,25.39,0
28.23,50.65,1013.8,15.82,0
22.69,57.93,1004.15,14.53,0
31.73,65.0,997.75,2.39,0
29.34,75.78,1006.05,10.14,0
28.76,45.69,998.33,19.13,1
21.24,69.59,1017.99,3.89,0
35.03,83.49,996.21,3.84,1
20.94,80.73,994.15,7.17,0
28.9,83.83,993.38,13.72,1
30.99,83.79,1010.49,19.68,1
36.42,82.32,1007.06,12.79,1
37.25,84.42,992.2,12.72,1
28.4,45.47,1014.76,14.56,0
22.27,44.9,1003.69,15.65,0
27.44,43.41,1000.15,26.3,0
20.36,83.14,996.41,26.48,1
31.14,82.32,995.1,10.65,1
37.45,47.99,993.71,23.64,1
36.61,51.91,990.2,2.43,0
26.56,86.6,1002.21,13.39,1
28.68,64.65,996.95,14.77,1
26.29,68.02,1014.86,3.54,0
39.31,40.12,997.12,26.1,1
31.76,86.96,1002.16,9.68,1
30.43,98.13,1016.79,27.68,1
39.0,69.82,1001.96,24.45,1
31.82,79.83,1018.64,3.12,0
27.07,66.41,1006.12,26.82,0
20.4,45.85,1008.25,13.08,0
23.3,90.79,991.58,19.54,1
26.53,81.64,995.26,12.74,1
20.38,57.11,1004.97,8.4,0
23.39,77.75,1009.09,20.96,0
22.43,60.6,1018.04,20.64,0
22.13,55.77,1014.14,15.37,0
37.17,58.82,990.6,13.46,1
36.67,58.48,1012.1,5.58,0
34.53,60.72,997.99,28.61,1
33.13,89.19,1009.42,11.03,0
38.11,90.39,1011.02,20.47,1
27.56,79.63,1013.57,10.4,0
32.31,56.26,1018.39,23.25,0
27.26,52.96,1001.92,29.33,0
26.14,59.71,999.3,13.57,0
22.44,65.88,1012.38,7.3,0
27.22,72.32,1000.86,13.35,0
22.24,99.38,1014.88,20.23,0
31.09,94.99,1006.21,7.44,0
37.01,82.06,1003.97,23.93,1
22.26,78.43,1000.78,12.39,1
21.36,87.23,1017.18,14.44,0
36.92,56.15,1004.73,2.8,0
21.15,40.01,992.23,21.66,0
36.17,83.74,1013.13,22.17,1
36.14,73.64,1015.19,23.85,0
34.66,63.68,1018.88,29.59,0
26.76,72.39,1011.55,16.06,0
39.84,83.06,1011.47,21.95,1
24.21,89.92,1012.86,9.37,0
32.38,82.44,1006.19,11.84,0
39.06,74.46,1012.91,28.68,0
33.99,75.26,998.53,24.23,1
28.11,53.07,1013.02,29.4,0
32.78,45.92,994.67,21.36,1
23.89,74.05,1015.97,17.21,0
35.43,97.6,994.91,23.06,1
25.47,43.72,1007.21,26.36,0
26.02,97.62,1007.5,16.66,0
33.38,85.87,995.79,10.22,1
29.31,53.68,1002.2,7.97,0
29.58,92.68,1007.53,27.62,1
30.55,50.57,1014.59,20.93,0
28.26,94.33,996.84,13.8,1
35.08,66.38,994.55,28.07,1
30.09,89.0,990.56,5.53,1
25.41,65.9,1006.06,13.7,0
22.12,47.99,1003.29,7.55,0
31.04,77.64,995.85,27.57,1
26.79,44.78,998.97,14.98,0
27.52,48.77,1007.05,3.16,0
27.86,60.62,1015.91,18.43,0
24.97,52.13,993.33,15.28,0
23.75,83.8,1004.43,27.33,1
32.59,48.92,999.2,5.91,0
29.35,55.09,1004.07,3.6,0
29.44,67.99,997.97,16.74,1
31.45,45.6,1004.82,24.64,1
20.66,65.65,1014.78,28.01,0
30.37,71.24,994.53,9.35,0
35.19,40.5,1014.18,11.72,0
38.17,67.65,997.69,11.79,0
38.99,42.84,1001.05,18.34,1
25.33,68.61,993.2,16.81,0
38.64,85.24,1018.62,3.22,0
20.38,75.03,1000.28,14.18,1
21.7,79.06,1015.42,16.19,0
24.17,79.84,1011.63,14.61,0
24.45,92.66,1012.48,7.02,0
23.6,92.24,996.75,3.75,0
22.49,64.0,995.14,25.81,0
38.23,81.0,991.94,10.36,1
29.61,99.38,1013.82,3.8,0
35.16,76.96,1003.21,27.7,1
23.81,98.7,1006.44,20.09,0
20.93,51.81,1009.66,23.08,0
34.53,53.4,996.39,8.91,0
32.71,83.11,1005.86,14.4,1
25.05,64.85,1019.01,22.52,0
22.09,60.49,1017.4,22.08,0
31.93,81.43,1018.63,28.92,1
28.4,89.26,1002.71,12.75,1
27.54,49.28,1004.42,9.03,0
32.03,96.15,1003.7,19.52,1
35.57,50.59,1014.98,19.22,0
27.07,80.5,997.95,20.25,1
26.95,60.27,997.2,25.54,0
36.45,48.92,1003.1,3.52,0
39.37,81.11,999.99,5.59,1
23.68,69.28,994.56,24.7,0
26.11,43.75,1017.72,21.48,0
37.53,48.9,1003.79,16.84,1
25.88,69.08,994.47,2.22,0
39.83,82.59,1003.94,20.55,1
25.71,79.39,1016.53,8.87,0
33.67,46.97,1001.78,23.76,1
35.39,61.37,1001.58,27.62,1
39.97,96.4,1011.7,20.24,1
26.43,48.04,990.44,6.35,0
25.6,45.77,1003.84,18.32,0
34.86,40.29,1000.86,26.62,1
22.21,63.31,998.92,15.27,0
24.94,41.44,1019.44,29.37,0
28.98,51.42,1013.96,10.45,0
30.19,68.99,1000.96,8.09,0
23.84,87.27,994.4,29.12,1
27.95,53.46,1011.64,26.01,0
37.84,46.61,1009.28,3.66,0
33.1,66.74,994.65,3.89,0
34.01,56.55,1015.01,29.52,0
24.89,54.74,1008.29,16.4,0
27.56,41.0,998.27,20.99,0
31.63,57.92,1011.77,17.53,0
38.17,88.82,996.99,28.97,1
26.41,83.49,995.55,14.3,1
31.92,45.87,990.88,19.14,1
25.97,89.74,1004.79,4.93,0
37.5,79.98,1019.98,21.85,1
38.8,47.29,1014.17,11.07,0
25.97,79.29,1019.78,20.82,0
35.73,81.4,1000.01,24.3,1
21.67,97.02,1007.41,27.89,0
23.29,71.35,1010.96,8.6,0
33.01,89.59,1018.54,3.55,0
27.86,69.5,1003.79,22.45,0
20.4,53.48,1002.26,9.63,0
22.24,72.86,1000.41,25.22,0
31.51,63.01,1009.77,9.83,0
32.15,55.34,996.19,10.14,0
22.63,86.17,1012.59,20.65,0
26.15,59.47,1005.74,2.01,0
23.94,52.11,1011.54,8.48,0
26.08,52.2,1017.56,22.1,0
23.29,67.88,998.46,16.48,0
29.53,59.32,1010.89,11.41,0
28.21,88.95,992.33,3.48,1
32.15,96.78,1013.99,25.33,1
22.07,93.41,997.32,4.49,0
26.04,58.58,1018.72,9.86,0
34.81,75.77,1006.54,13.97,1
29.77,61.66,1007.88,17.41,0
35.11,65.66,999.45,16.05,1
25.9,75.02,1003.31,12.98,1
26.59,64.32,1012.67,6.88,0
28.7,41.54,1004.22,26.66,1
28.24,47.89,1010.79,16.97,0
38.08,76.24,991.78,29.81,1
38.94,74.92,1011.0,5.98,0
28.93,56.57,1019.35,25.21,0
26.8,87.0,997.89,8.93,0
23.25,66.9,1013.55,22.86,0
35.37,71.05,1012.7,29.88,0
31.32,82.79,1015.03,8.35,0
33.17,87.11,1012.52,15.05,1
36.3,62.96,1001.72,14.24,1
38.1,73.41,1008.56,20.98,0
35.87,91.84,996.49,27.14,1
30.6,51.63,1019.25,22.84,0
24.13,92.8,995.43,14.83,1
24.54,97.21,998.13,5.06,0
30.71,61.72,1013.74,3.14,0
30.41,53.83,1015.47,3.69,0
31.83,71.17,1010.61,14.59,0
30.49,51.01,1009.97,21.27,0
25.24,53.9,1006.75,6.05,0
34.28,55.51,1003.18,26.82,1
32.44,91.62,1018.3,29.01,1
21.53,80.58,1019.58,23.94,0
22.25,67.73,1000.12,16.32,0
28.85,50.41,1000.1,5.51,0
29.36,62.72,1013.3,24.54,0
35.94,65.74,995.22,18.26,1
28.85,50.09,997.04,25.0,1
32.34,78.67,1001.52,10.18,1
36.04,51.13,1009.73,16.99,0
36.83,70.7,996.86,23.81,1
35.54,73.07,995.47,6.92,0
26.4,82.54,997.22,20.23,1
25.36,47.09,995.94,25.7,0
35.14,54.7,1002.24,4.82,0
27.38,87.11,1016.27,12.05,0
38.28,78.17,1001.8,20.99,1
23.62,42.97,1004.77,7.0,0
20.74,50.99,997.28,8.1,0
33.79,69.25,1013.33,18.74,0
35.5,54.64,1002.9,26.12,1
29.37,75.23,998.74,12.25,1
20.61,94.14,1015.4,8.53,0
29.72,67.25,1006.66,27.2,0
32.2,62.87,999.23,2.45,0
25.18,78.13,1017.61,3.81,0
38.79,56.58,1003.81,10.13,0
21.76,45.02,1017.41,7.34,0
24.14,77.35,1005.32,2.49,0
28.03,45.17,1017.93,4.92,0
29.76,64.6,1005.3,15.89,0
36.49,50.81,996.19,5.62,0
29.14,75.39,1000.42,13.66,1
30.48,84.76,1003.89,24.33,1
36.29,58.97,1002.84,26.74,1
24.1,84.44,994.04,18.79,1
28.52,41.2,991.79,2.51,0
34.29,86.22,990.82,10.57,1
25.95,80.56,1011.56,26.56,0
24.21,76.93,995.9,11.35,0
30.46,59.05,1007.78,15.9,0
31.02,90.3,1005.79,28.68,1
20.52,60.02,1017.23,9.38,0
27.12,52.77,1013.67,8.74,0
21.28,75.61,993.6,4.07,0
36.88,84.73,998.66,5.29,1
35.59,82.66,992.93,27.67,1
28.53,64.4,1012.51,23.91,0
35.85,73.67,1007.92,9.65,0
31.74,90.67,999.85,27.14,1
39.8,81.07,1004.46,20.52,1
30.59,94.75,994.55,27.99,1
35.03,93.5,1005.94,27.62,1
27.2,70.15,1015.17,25.69,0
33.19,41.18,1008.76,14.48,0
37.9,59.49,1018.24,13.97,0
20.08,71.04,1003.36,8.87,0
37.47,82.12,1003.18,10.79,1
30.44,84.93,992.97,24.99,1
22.55,91.64,1007.78,8.34,0
22.27,48.75,1006.96,23.04,0
34.97,56.15,1008.97,27.3,0
28.2,76.77,1003.81,5.67,1
35.97,74.48,990.05,11.93,0
24.71,76.27,1019.39,2.22,0
22.21,96.24,994.05,7.64,0
21.66,40.54,1002.79,17.21,0
29.27,71.23,998.92,5.59,0
39.97,89.57,1014.77,6.74,0
39.13,56.85,994.68,10.1,0
21.68,48.75,1011.31,17.17,0
22.3,67.49,1014.69,5.93,0
23.73,56.67,991.73,2.03,0
31.59,87.62,1017.06,21.39,1
39.8,50.86,1004.91,23.46,1
22.94,46.16,999.13,25.9,0
20.59,42.05,991.67,17.53,0
22.89,63.26,1006.45,11.76,0
39.25,53.12,1017.09,2.71,0
21.16,67.04,1013.96,2.54,0
38.97,95.93,1015.29,9.08,0
28.83,45.82,1003.49,27.96,1
23.54,56.88,1005.06,16.25,0
27.81,55.45,1005.96,6.61,0
29.49,84.78,1007.86,12.6,1
29.06,42.49,1011.74,11.16,0
27.44,86.81,1018.48,18.88,0
26.53,74.0,998.19,27.64,0
25.41,88.59,1006.77,27.77,0
38.4,42.25,1012.82,4.46,0
27.47,58.73,1014.08,22.25,0
25.57,74.16,1003.61,25.48,0
33.25,77.3,1009.62,15.38,1
39.49,57.9,1014.76,6.5,0
20.18,51.03,994.67,19.1,0
32.02,91.83,1002.67,28.45,1
25.83,84.0,1004.31,22.13,1
20.54,84.28,1016.32,14.72,0
20.2,58.51,992.67,18.09,0
33.14,46.1,1004.4,13.42,1
39.62,69.7,1005.88,24.08,0
22.32,74.13,1015.69,25.79,0
20.85,58.87,1002.24,4.5,0
36.2,95.4,996.01,5.65,1
36.67,81.35,1012.82,22.69,1
30.68,64.74,1002.89,19.81,1
36.53,75.05,1019.43,20.98,1
32.37,49.37,1003.91,26.89,1
21.74,86.29,1013.5,22.89,0
30.23,82.33,1006.08,26.44,1
28.36,65.46,1002.75,4.12,0
26.12,65.34,991.24,5.98,0
27.0,87.71,1017.03,22.04,0
23.61,76.59,1018.42,25.8,0
36.43,96.56,992.97,11.86,1
22.36,93.81,1011.95,7.35,0
25.05,83.75,1009.62,2.13,0
35.84,56.97,1015.99,29.02,0
34.73,67.16,996.87,20.83,1
25.05,60.86,1011.56,22.73,0
34.17,89.44,1012.75,24.99,1
26.08,46.39,1008.49,10.65,0
21.18,46.82,1017.2,15.49,0
23.65,85.27,1013.51,27.47,0
34.9,47.73,1001.56,15.09,1
22.69,90.82,1007.07,22.0,0
23.39,91.99,1000.21,11.85,0
33.29,75.61,1012.0,14.43,1
30.82,53.03,1003.33,7.6,0
25.4,76.25,1018.37,10.85,0
25.04,52.64,995.26,25.36,0
20.15,93.69,1000.78,11.39,0
26.92,73.03,998.31,13.96,0
21.1,43.03,1012.31,27.74,0
21.63,80.14,1007.5,12.25,0
22.93,72.44,996.95,18.47,0
39.68,64.96,1011.5,11.76,0
30.28,80.1,1018.47,5.37,0
36.64,73.32,1009.1,13.68,0
35.3,55.07,1003.63,16.79,1
24.97,95.37,1009.22,13.02,0
25.43,41.6,990.52,12.22,0
36.2,57.49,1004.92,19.41,1
22.6,66.55,1008.09,6.1,0
22.99,41.19,1014.14,6.53,0
32.68,87.0,1013.16,4.87,0
31.13,53.79,993.16,28.23,1
37.44,51.42,1019.77,24.24,0
25.31,50.28,1012.28,21.95,0
32.85,77.55,1010.73,12.15,1
31.34,76.57,993.95,11.57,1
33.02,58.6,999.63,4.45,0
36.43,69.96,1016.16,26.54,0
35.18,56.01,1010.94,22.0,0
39.47,53.85,991.68,9.08,0
27.91,42.57,1019.57,11.54,0
21.83,66.4,991.36,20.12,0
31.42,57.04,1010.43,6.5,0
36.17,42.05,997.05,10.6,0
26.98,40.78,1006.99,9.91,0
25.93,93.97,992.17,10.88,0
32.14,52.59,1010.63,18.44,0
24.95,93.62,1009.63,17.76,0
27.33,83.38,1018.2,13.31,0
20.91,64.85,1015.18,19.88,0
21.74,47.83,1000.31,19.12,0
34.73,92.42,1000.05,2.91,1
38.0,47.05,1016.73,20.87,0
36.74,87.58,1001.57,2.74,1
31.69,94.6,1012.79,15.51,1
29.3,53.25,1014.96,29.31,0
25.58,44.68,1019.26,28.65,0
37.34,66.65,1011.25,15.65,0
22.51,84.23,999.67,18.94,1
26.9,87.72,990.18,6.02,0
29.58,82.53,1016.92,11.22,0
26.87,56.7,995.19,13.55,0
31.24,99.14,993.69,26.1,1
35.38,74.03,1004.3,19.57,1
26.95,46.65,1000.5,10.16,0
29.25,56.05,994.69,3.49,0
31.47,56.94,995.17,18.58,1
37.78,66.86,1019.25,3.58,0
28.74,97.06,1019.05,12.45,1
30.19,40.73,1012.6,17.64,0
37.45,69.4,1019.45,14.84,0
21.86,43.07,1014.22,17.19,0
35.53,53.7,994.57,16.42,1
24.67,93.33,995.38,17.71,1
27.6,77.66,1019.54,22.55,0
20.34,66.86,995.96,6.95,0
24.78,64.18,993.46,25.28,0
21.42,70.81,1000.82,28.07,0
30.8,64.46,992.68,10.96,0
34.29,42.42,1011.79,17.89,0
36.53,50.89,1011.04,25.17,0
24.67,52.61,1011.57,20.12,0
30.52,43.31,1012.35,8.16,0
25.3,65.57,1007.06,17.53,0
25.78,59.58,993.15,11.13,0
32.18,53.59,1008.15,18.25,0
24.94,44.47,1018.21,19.17,0
32.36,92.21,990.66,24.82,1
25.33,63.63,1007.74,24.67,0
25.79,79.56,1011.01,25.4,0
24.71,42.21,1015.8,4.28,0
32.49,88.78,993.43,7.15,1
30.42,86.4,1017.7,25.92,1
25.27,54.49,1010.49,17.47,0
23.13,65.12,1003.31,24.58,0
23.85,66.21,1012.77,6.07,0
29.99,95.97,1011.54,15.95,1
29.32,40.81,1019.66,27.65,0
24.11,61.54,1002.94,5.97,0
23.49,67.02,995.03,22.68,0
21.66,88.86,1016.92,5.56,0
39.5,70.02,998.18,25.09,1
29.16,64.97,991.37,28.37,1
22.98,81.43,992.0,5.13,0
25.92,82.25,998.85,8.67,0
31.72,65.53,998.52,16.7,1
34.28,92.92,1010.46,24.95,1
23.02,43.76,998.42,21.47,0
34.37,75.98,1005.17,17.89,1
38.63,47.36,1008.73,12.33,0
24.07,84.69,1019.46,9.23,0
29.07,46.5,1011.71,12.69,0
30.18,69.94,992.42,3.31,0
31.08,91.75,1003.39,20.94,1
21.57,78.35,1012.77,3.89,0
27.12,83.51,1015.97,3.19,0
35.53,44.56,1001.37,3.82,0
32.06,45.51,1007.51,6.21,0
23.35,46.25,1018.35,9.0,0
22.28,95.78,1017.68,2.33,0
35.17,86.87,1018.89,13.03,1
33.03,70.0,1018.66,26.73,0
23.6,56.61,990.19,29.47,0
28.61,76.05,1004.38,23.84,1
29.02,75.07,1014.15,18.09,1
28.81,56.15,1011.68,20.81,0
25.95,49.66,1005.87,14.3,0
20.81,84.71,997.75,18.16,1
33.59,67.81,995.37,10.81,0
27.85,95.57,1000.35,4.5,0
23.71,42.62,991.89,23.06,0
36.68,60.48,1013.26,11.03,0
27.37,68.39,990.43,7.2,0
31.43,91.36,1011.6,15.06,1
36.42,79.69,1004.22,28.21,1
33.93,96.42,1010.69,20.21,1
30.98,82.95,1004.86,10.2,1
28.64,99.87,1005.18,7.84,0
21.14,97.23,1002.28,26.4,1
27.6,81.83,1019.55,13.39,0
21.64,87.17,1008.48,12.5,0
27.92,56.06,998.72,11.4,0
36.56,56.14,1015.72,13.26,0
27.58,89.61,1003.23,2.91,0
26.95,98.46,1014.44,5.62,0
26.67,96.15,1002.65,23.15,1
26.95,62.67,995.11,19.73,0
34.68,53.58,1001.2,15.46,1
38.3,71.29,1004.13,17.91,1
23.48,53.7,1013.18,4.28,0
35.51,51.31,1004.57,4.28,0
31.19,95.51,1011.44,27.52,1
30.12,50.86,996.21,23.89,1
37.19,71.58,1003.06,23.39,1
22.62,68.39,1001.86,18.02,0
27.31,65.75,1015.62,25.18,0
39.94,79.49,1011.69,25.9,1
25.64,89.55,1015.22,19.27,0
34.36,52.95,1018.2,13.45,0
38.52,54.89,1016.25,23.54,0
36.43,87.21,1002.44,25.42,1
25.63,47.52,1002.01,19.25,0
21.32,42.46,1004.48,21.98,0
31.21,47.75,1002.91,16.92,1
32.15,76.14,1013.08,15.02,1
39.77,41.52,1010.54,13.75,0
25.2,85.62,1014.34,5.35,0
23.25,57.34,1012.89,27.37,0
32.71,55.92,998.75,9.74,0
36.36,84.78,995.82,17.56,1
37.09,53.87,1015.14,14.85,0
26.19,99.11,995.7,29.55,1
38.31,66.61,990.67,23.4,1
26.33,84.35,1015.02,22.76,0
22.34,92.49,1017.74,24.78,0
31.37,92.65,1001.83,12.22,1
25.4,66.1,1015.53,14.94,0
31.02,96.14,1013.87,13.11,1
32.28,87.15,1017.63,4.47,0
37.58,90.43,1013.37,6.69,0
24.96,76.51,1009.23,5.36,0
28.3,70.38,991.62,27.82,1
26.64,85.33,990.15,21.1,1
23.62,98.78,990.49,7.4,0
27.74,46.65,1017.51,20.65,0
29.79,42.19,1016.53,10.37,0
34.83,65.07,993.21,25.79,1
35.92,80.83,1006.69,6.83,0
32.05,60.51,995.98,22.2,1
23.56,90.52,993.66,26.39,1
31.99,60.02,1006.74,16.61,0
37.27,70.09,1007.69,27.82,0
33.37,91.3,1005.15,5.12,0
31.54,63.21,1019.59,25.24,0
22.13,60.07,991.17,19.31,0
39.78,43.52,999.04,13.14,1
30.81,76.15,990.48,18.26,1
26.78,86.01,992.19,21.91,1
25.19,52.74,991.6,19.96,0
32.22,43.14,994.34,25.49,1
29.45,83.54,1009.29,2.0,0
29.36,64.35,1015.18,28.7,0
28.35,52.62,992.8,6.83,0
31.43,41.96,997.46,24.0,1
39.23,41.81,993.81,18.16,1
28.43,77.59,1017.18,15.05,1
31.85,67.58,999.31,10.38,0
34.11,62.95,1009.67,21.6,0
32.18,68.85,1014.97,3.7,0
38.15,74.24,1009.31,21.75,0
37.1,62.84,1002.71,3.85,0
26.47,69.69,1002.21,7.46,0
27.98,40.28,1002.02,24.6,0
24.44,82.85,1010.56,11.32,0
28.57,89.59,1012.07,9.07,0
33.4,41.62,1019.95,5.95,0
27.06,96.97,1013.69,8.77,0
30.86,89.05,1000.56,11.71,1
21.55,72.07,1011.26,28.91,0
37.99,85.23,995.68,6.07,1
36.02,60.29,1019.15,8.46,0
28.52,97.4,1012.2,8.23,0
20.48,42.1,1011.35,28.04,0
33.38,85.78,1007.28,18.29,1
39.87,74.37,1018.66,16.57,0
38.11,47.29,1006.38,24.44,0
37.47,63.46,1019.59,3.09,0
24.66,77.22,991.92,29.81,1
28.18,74.95,997.95,4.7,0
39.68,60.67,991.12,20.39,1
30.45,69.34,999.64,22.96,1
29.89,40.05,1011.39,16.49,0
32.82,85.77,996.1,3.78,1
28.57,63.21,1017.36,16.39,0
33.74,92.16,998.85,24.01,1
25.4,68.54,999.45,13.35,0
28.92,91.74,996.04,7.59,1
39.82,42.89,1009.59,24.31,0
24.2,66.86,999.59,21.16,0
32.77,63.77,1019.36,14.93,0
35.69,47.58,1015.18,10.94,0
25.37,54.5,1000.93,26.2,0
22.74,40.58,1006.41,14.99,0
24.67,73.1,1008.35,20.52,0
29.25,68.96,1003.77,25.53,1
37.31,62.2,1002.4,25.38,1
38.07,81.04,993.7,17.94,1
34.72,70.71,1005.16,29.64,0
38.53,52.58,1002.4,13.44,1
24.13,58.54,1006.82,8.22,0
28.36,61.98,1016.38,19.98,0
35.4,94.02,1012.28,13.88,1
31.77,97.88,1002.58,25.39,1
39.0,95.22,1005.47,2.47,0
34.97,48.45,994.66,19.73,1
25.58,70.04,993.2,5.52,0
32.75,73.02,1005.2,28.6,0
20.44,73.94,1014.08,14.99,0
22.56,82.59,1010.34,3.9,0
28.7,80.56,998.69,17.34,1
33.37,68.53,1010.01,15.34,0
21.67,65.99,1001.34,8.53,0
20.49,48.64,990.7,23.79,0
34.96,90.09,1011.61,27.42,1
27.75,89.94,1005.98,15.32,0
20.07,91.4,1001.03,21.82,1
21.61,79.53,1019.42,29.96,0
28.53,41.87,1014.87,17.44,0
29.83,59.31,1006.11,15.18,0
20.68,40.7,1012.71,16.09,0
32.77,51.38,1001.29,14.45,1
24.94,74.38,990.48,7.12,0
27.43,69.09,996.9,17.97,0
39.21,40.29,1009.87,18.7,0
39.11,73.2,1009.84,28.41,0
29.12,58.7,993.43,14.5,1
27.22,52.58,1007.82,20.16,0
28.0,63.3,1003.05,18.96,0
24.04,95.66,1012.52,29.04,0
33.67,45.68,992.46,28.92,1
27.61,47.26,1014.06,24.25,0
26.3,44.38,991.82,10.43,0
23.39,71.27,996.39,24.47,0
37.37,85.77,1015.04,9.28,0
39.52,48.59,991.35,24.91,1
29.94,73.81,1013.31,11.65,0
38.88,60.22,1006.26,25.98,0
32.51,68.79,1010.11,7.03,0
39.97,70.95,1005.79,20.0,0
22.99,71.22,1002.44,11.48,0
21.27,85.25,1008.4,16.6,0
35.34,88.68,1014.61,24.49,1
27.79,98.61,1015.81,20.86,0
26.44,42.55,1004.03,14.42,0
20.81,61.99,1009.26,26.67,0
23.32,85.04,1008.62,18.93,0
29.81,59.4,1006.36,27.98,0
35.54,70.51,995.21,4.93,0
36.83,80.38,999.01,3.41,1
35.38,69.96,1004.23,18.72,1
38.33,41.15,993.58,22.83,1
38.79,45.61,1009.31,9.6,0
26.3,70.07,1013.2,3.62,0
24.45,82.53,1018.71,21.45,0
25.31,45.18,1009.15,29.6,0
36.48,41.09,1002.77,15.67,1
26.19,56.23,1005.42,24.08,0
23.56,54.35,1002.64,19.93,0
34.32,62.17,1008.24,13.3,0
25.78,85.19,995.66,9.55,0
20.86,60.19,1005.91,15.07,0
30.6,86.77,1019.44,9.83,0
29.92,61.94,1000.32,10.59,0
30.78,96.17,1006.46,29.03,1
37.72,56.37,1013.01,6.24,0
37.41,97.03,1006.7,18.6,1
33.19,80.68,1016.33,29.12,1
39.67,66.54,995.13,29.12,1
28.32,41.93,996.12,8.63,0
32.92,90.34,1002.59,18.34,1
27.04,82.77,1008.38,8.82,0
33.64,58.07,1011.57,4.95,0
37.44,65.99,998.82,23.68,1
35.35,74.06,1006.87,21.89,0
24.48,85.87,998.08,11.8,0
33.0,70.44,991.34,28.03,1
39.37,77.98,1004.23,4.73,1
24.75,55.78,1013.37,6.87,0
22.93,51.56,1015.91,3.72,0
30.69,42.68,998.26,28.45,1
23.46,69.81,1009.25,16.74,0
24.43,80.24,1017.04,8.04,0
26.07,52.94,1012.2,5.81,0
29.99,41.52,995.75,5.03,0
24.2,73.7,1018.93,15.28,0
21.0,53.66,1012.05,8.27,0
36.93,92.33,1014.35,13.42,1
39.15,64.96,997.08,13.89,1
30.82,95.06,1017.29,8.95,0
36.85,98.92,992.77,19.51,1
34.88,85.89,1001.72,18.2,1
25.58,77.77,1017.09,6.89,0
37.63,87.03,1018.85,19.8,1
37.13,64.09,992.36,18.24,1
33.76,46.96,1005.57,17.95,0
25.8,89.11,1013.4,10.71,0
37.94,47.55,998.02,14.28,1
38.84,45.11,993.79,3.86,0
23.32,49.31,1009.39,17.48,0
31.67,50.62,1011.54,5.93,0
38.66,69.49,1008.01,28.24,0
37.74,99.23,1004.03,28.62,1
29.11,60.47,995.56,22.35,1
25.22,46.55,1012.06,15.39,0
23.01,83.2,1000.17,26.71,1
29.97,75.81,995.0,11.77,1
38.39,80.17,1000.53,17.96,1
23.88,92.82,995.66,29.78,1
31.53,45.59,992.87,22.92,1
31.31,83.35,997.66,25.77,1
36.74,45.34,1017.19,2.43,0
39.79,87.17,993.79,27.94,1
38.54,75.74,1008.32,18.77,1
37.73,94.11,991.9,5.98,1
31.62,46.18,1019.13,19.84,0
33.73,84.44,990.14,7.51,1
33.52,72.87,1001.03,17.02,1
27.65,99.6,999.97,12.97,1
30.26,88.28,1005.99,23.98,1
25.53,92.49,990.71,13.93,1
33.56,57.16,991.84,11.65,0
25.52,84.11,1017.22,13.99,0
26.56,57.27,1014.87,23.92,0
26.65,90.37,992.4,27.77,1
23.4,52.19,1002.55,9.0,0
38.62,72.11,1006.99,14.01,0
27.22,46.3,1007.85,17.23,0
28.59,75.41,994.41,15.76,1
26.21,58.38,1019.43,29.17,0
38.65,42.58,993.09,22.62,1
39.41,62.67,1010.21,28.75,0
35.2,96.91,1011.22,8.49,0
39.19,71.12,998.87,19.06,1
29.3,90.82,993.36,15.97,1
35.33,66.04,1016.05,16.21,0
37.63,65.75,1000.06,14.36,1
32.44,74.1,1010.76,21.62,0
29.53,76.94,1008.76,16.42,1
37.0,81.0,990.99,12.96,1
37.88,59.98,1015.26,14.78,0
35.95,41.83,1000.81,9.82,0
21.39,45.78,1019.6,6.68,0
35.6,54.7,997.51,26.35,1
28.89,57.99,991.65,23.6,1
22.21,47.86,999.52,10.93,0
39.92,60.04,1009.95,29.77,0
20.17,74.13,1002.03,14.9,0
33.41,94.58,1004.94,25.32,1
24.45,49.29,1008.31,6.5,0
37.66,93.82,1006.83,23.73,1
34.97,54.13,1008.92,5.79,0
35.58,87.64,994.57,15.7,1
25.51,47.07,1012.4,28.1,0
21.92,59.31,1008.56,17.54,0
34.71,77.7,990.74,12.99,1
20.41,90.35,1012.05,5.96,0
35.82,50.37,1006.59,16.28,0
23.71,60.36,1004.92,9.11,0
31.92,94.03,1014.17,19.25,1
21.0,40.58,998.4,21.46,0
39.12,53.04,1018.2,9.66,0
28.24,43.39,997.97,23.77,1
31.98,80.9,1010.07,18.15,1
20.59,93.53,1003.55,17.52,1
37.76,74.3,999.12,29.04,1
35.12,66.41,991.35,15.45,1
38.95,43.72,1018.81,4.83,0
21.86,45.02,1004.73,29.63,0
34.46,52.93,995.88,21.57,1
27.76,88.23,1019.83,19.91,0
28.33,45.42,1009.24,2.34,0
26.16,62.71,1012.97,9.19,0
39.48,66.32,994.43,13.93,1
30.75,55.6,1019.39,21.11,0
30.27,64.29,991.23,6.27,0
23.04,80.2,1008.34,2.66,0
25.69,70.3,996.41,8.14,0
24.9,42.75,1013.99,13.01,0
36.35,89.23,997.6,5.61,1
26.51,65.31,1018.47,13.63,0
21.99,84.79,995.73,8.73,0
33.82,54.96,997.8,16.27,1
30.82,65.85,1006.43,20.68,0
26.56,92.69,1008.18,9.99,0
24.78,71.1,997.13,7.62,0
30.15,44.3,993.04,14.73,1
36.53,71.94,1004.65,19.18,1
30.23,66.39,991.37,13.5,1
30.65,89.5,1019.98,21.72,1
32.95,54.04,990.34,10.73,0
33.22,52.16,999.57,20.67,1
31.93,87.15,1003.66,26.75,1
26.01,89.79,996.13,2.82,0
29.26,56.02,1006.94,19.87,0
25.58,92.76,998.06,11.93,0
22.81,95.6,1014.03,29.93,0
36.13,70.96,1005.69,2.66,0
32.03,84.78,995.8,4.78,1
33.26,82.9,1001.93,10.33,1
23.1,71.58,1001.47,8.17,0
29.1,69.1,1003.64,19.58,1
28.58,62.61,1014.27,14.82,0
33.86,57.68,1019.44,22.18,0
24.53,59.76,995.11,14.35,0
28.75,42.31,999.26,10.35,0
22.86,65.99,995.94,14.99,0
27.38,97.44,1019.08,16.79,0
31.32,68.91,991.78,7.82,0
30.2,79.76,1003.15,16.29,1
24.4,43.84,1004.04,15.23,0
31.24,58.88,1005.24,7.68,0
21.59,94.83,994.63,2.94,0
39.71,59.28,1017.77,28.65,0
32.42,61.71,1015.14,23.26,0
32.97,73.41,992.16,7.63,0
37.25,46.45,1005.6,12.91,0
26.31,73.31,1009.77,27.05,0
35.39,85.38,1007.16,12.41,1
33.51,83.92,1004.07,22.77,1
26.64,89.45,1006.37,2.93,0
22.73,77.43,1015.93,25.52,0
22.39,60.26,1011.01,24.34,0
38.17,91.35,998.58,2.13,1
30.67,70.33,1006.25,12.5,0
21.09,97.48,996.89,29.96,1
27.76,63.33,1006.01,19.15,0
20.45,44.53,993.86,29.74,0
24.32,56.52,1005.92,10.78,0
25.63,61.97,1006.38,20.58,0
39.86,47.98,1003.02,29.93,1
39.32,74.86,996.95,28.32,1
32.27,88.32,992.7,12.72,1
39.46,69.36,992.19,17.15,1
39.19,54.66,1009.35,9.88,0
29.48,93.03,990.77,23.24,1
37.95,76.43,1005.31,3.41,0
20.77,98.11,1015.98,4.16,0
32.12,59.63,998.15,10.72,0
25.38,63.62,1011.31,21.18,0
36.11,65.91,1012.44,14.15,0
38.34,59.71,1009.76,3.28,0
23.91,98.36,996.72,23.39,1
37.27,85.02,1003.16,21.65,1
22.68,83.96,1018.9,15.54,0
29.76,67.33,1018.69,25.98,0
38.75,92.7,1007.11,24.83,1
24.42,72.6,1010.57,7.38,0
28.34,71.28,1014.68,9.73,0
38.45,88.73,1003.04,10.85,1
30.45,82.64,998.35,5.57,1
26.23,42.02,991.61,12.68,0
36.82,49.2,1018.45,13.85,0
22.13,55.43,998.43,11.32,0
34.98,47.9,1001.22,9.06,0
30.79,86.1,1008.03,4.11,0
32.79,43.38,993.44,14.05,1
22.12,89.32,997.31,25.91,1
31.91,82.88,1005.5,9.06,0
32.18,40.21,992.63,17.75,1
20.02,64.42,1001.7,5.39,0
32.17,76.74,1003.83,24.2,1
37.93,71.9,1000.35,8.21,0
37.05,47.27,1000.63,20.32,1
38.15,96.13,1013.4,7.33,0
26.56,99.11,998.92,9.53,0
21.84,47.4,1018.45,19.41,0
39.34,91.23,1011.36,13.29,1
38.55,79.39,1016.35,10.91,0
22.58,72.95,1012.54,14.65,0
36.61,79.26,1017.07,10.09,0
20.29,51.27,1008.22,9.02,0
39.13,97.62,998.54,29.92,1
21.29,68.99,1006.86,13.69,0
28.97,58.51,999.32,6.73,0
28.29,48.56,995.22,26.79,1
22.62,77.44,1015.07,21.15,0
23.07,73.15,1002.51,5.95,0
31.53,53.41,998.92,22.67,1
32.44,47.82,1008.47,22.4,0
21.47,85.6,993.91,25.14,1
34.28,53.0,1005.04,18.16,0
31.21,72.44,997.87,7.35,0
23.06,46.93,999.88,17.27,0
21.55,73.42,998.93,25.38,0
26.05,85.53,994.64,3.75,0
32.09,50.45,1008.25,13.9,0
35.47,75.49,1009.92,7.48,0
24.07,97.97,994.34,5.29,0
27.27,85.31,990.44,4.63,0
26.63,56.38,1011.47,14.49,0
28.99,75.2,1008.83,15.04,1
36.25,77.1,1003.73,12.1,1
26.51,47.01,995.31,24.28,0
22.07,83.44,1004.06,5.27,0
33.88,66.57,1002.86,25.78,1
33.14,51.5,993.4,22.35,1
37.66,60.48,1015.52,13.69,0
38.42,72.65,1011.03,29.04,0
26.58,57.01,1012.73,21.17,0
33.37,48.07,1000.11,25.07,1
34.72,93.94,1014.7,25.06,1
35.73,61.02,1015.27,23.47,0
36.0,90.22,1010.8,26.15,1
25.7,71.53,1001.48,8.81,0
32.5,65.45,1004.72,20.73,1
36.56,80.11,1003.03,23.26,1
20.06,99.35,1011.32,28.57,0
28.09,42.02,1010.25,17.72,0
28.65,73.5,1013.94,27.73,0
23.42,83.25,1002.39,3.23,0
25.56,96.83,1012.73,7.91,0
33.13,81.43,1000.8,7.64,1
39.41,99.26,999.46,29.08,1
24.23,94.16,1005.11,15.56,0
28.72,75.68,1018.16,7.96,0
37.06,97.61,1017.46,19.45,1
24.57,41.24,991.41,19.02,0
31.16,72.69,1007.5,18.99,0
33.16,41.71,1009.66,16.25,0
30.86,98.31,1010.75,25.17,1
27.4,84.84,1012.44,26.41,0
36.8,61.38,1002.88,7.44,0
21.8,64.16,1003.53,9.26,0
33.4,60.16,1006.27,6.25,0
31.62,92.63,1015.1,19.96,1
39.53,41.71,1002.72,29.44,1
22.8,67.28,995.35,3.27,0
38.32,80.67,1005.84,27.17,1
38.08,45.63,1011.29,25.86,0
20.71,71.37,1002.87,3.91,0
31.16,63.55,1007.18,10.65,0
33.15,70.09,1004.66,19.29,1
22.2,59.09,1003.52,19.94,0
38.56,42.66,998.07,15.86,1
28.33,52.59,1019.04,5.44,0
23.72,66.84,990.26,24.65,0
25.34,79.92,1019.06,18.34,0
38.4,88.94,1015.75,7.71,0
24.15,50.78,990.25,8.61,0
26.83,79.5,1018.05,24.17,0
30.1,69.93,1019.86,23.94,0
36.62,95.38,1012.86,26.47,1
20.43,67.91,1004.65,14.85,0
22.65,43.38,1018.03,12.11,0
36.08,97.73,1012.11,3.3,0
29.07,63.9,1018.14,5.6,0
26.97,77.9,997.81,19.86,1
38.25,79.15,1018.66,13.81,1
37.11,89.53,1011.69,26.27,1
25.04,97.02,1012.46,19.43,0
30.26,88.88,1016.38,11.32,0
35.49,96.44,996.52,26.27,1
29.28,71.72,1014.14,18.6,0
36.54,45.85,997.13,20.41,1
23.47,92.31,1013.84,26.42,0
21.83,57.75,999.62,2.3,0
32.19,47.64,1006.81,21.67,0
21.4,96.05,1004.29,11.29,0
35.78,60.41,1013.56,3.92,0
39.4,94.28,1007.62,28.86,1
34.78,69.22,997.59,19.76,1
29.52,52.62,1006.73,25.48,0
31.61,82.4,1009.53,4.88,0
21.08,55.25,1018.16,6.76,0
35.23,55.5,1006.88,4.34,0
28.59,59.11,996.04,7.07,0
37.12,90.38,994.84,28.94,1
35.75,47.17,1015.28,29.96,0
35.77,96.55,993.47,6.93,1
38.47,91.01,994.66,22.49,1
39.04,53.68,1017.3,22.71,0
24.03,56.52,995.34,26.81,0
31.12,67.64,1000.98,4.75,0
26.35,70.53,1005.25,12.26,0
30.37,85.74,990.37,8.36,1
25.35,51.21,1010.85,19.85,0
31.83,61.25,1000.33,18.76,1
24.9,62.24,1017.52,14.51,0
24.35,42.19,1006.88,11.75,0
22.72,48.15,1009.92,15.85,0
34.56,83.24,1006.26,24.18,1
27.4,92.1,1014.49,12.69,0
33.27,41.06,1005.53,13.6,0
27.2,74.04,996.63,17.39,0
21.41,62.41,1014.26,22.84,0
21.93,79.38,1007.91,17.89,0
34.07,89.34,1012.13,16.75,1
39.11,99.95,992.75,22.8,1
22.88,91.39,1014.74,26.04,0
21.63,42.23,998.13,17.67,0
34.52,73.5,993.81,23.85,1
27.95,46.04,1007.85,28.8,0
29.86,62.23,1011.79,6.15,0
31.89,79.25,996.19,12.53,1
20.05,91.96,1017.83,25.02,0
35.38,50.59,1011.53,22.13,0
25.14,50.34,1014.34,22.01,0
27.29,64.08,1009.96,20.78,0
36.07,43.65,1007.25,10.65,0
21.73,54.18,1004.26,3.57,0
22.26,54.42,990.21,28.67,0
25.9,99.94,1006.81,6.55,0
23.74,85.59,1004.06,20.5,1
23.87,55.37,1003.61,8.44,0
25.69,50.94,1012.27,17.04,0
35.24,49.81,993.66,13.9,1
37.59,65.33,994.1,10.22,0
26.96,84.38,1015.43,23.72,0
38.34,47.0,1000.85,28.78,1
39.72,83.38,1009.13,14.69,1
34.55,91.23,1008.86,22.19,1
27.84,64.07,1015.06,8.28,0
21.82,61.44,1018.05,19.93,0
22.58,44.86,1003.36,5.68,0
20.19,66.0,994.63,19.67,0
20.05,99.34,1004.32,4.8,0
37.39,63.53,1003.31,14.74,1
35.52,40.05,990.21,18.64,1
38.5,93.63,1009.65,18.65,1
29.95,58.61,1003.65,10.19,0
25.06,49.43,995.9,7.52,0
34.26,95.05,1018.2,17.18,1
38.88,45.92,1010.66,8.86,0
32.93,45.65,1016.75,4.32,0
35.59,90.26,1002.11,15.67,1
22.53,72.56,1015.51,7.37,0
26.58,44.74,994.07,3.54,0
34.89,79.56,1014.16,7.1,0
31.56,75.36,1003.09,13.72,1
23.7,92.74,991.89,3.58,0
27.79,98.51,994.59,29.49,1
27.38,48.64,990.71,16.58,0
32.45,83.84,990.68,21.52,1
37.52,67.82,998.44,18.14,1
34.85,72.08,994.14,18.56,1
28.64,52.31,1012.76,14.84,0
37.97,74.89,1013.68,25.5,0
35.79,63.11,1019.9,29.92,0
31.5,86.33,1012.26,13.78,1
39.29,86.18,1010.13,26.69,1
31.49,45.15,1012.64,5.37,0
22.95,62.97,1002.46,5.67,0
20.72,87.91,1008.26,12.49,0
29.95,44.91,1007.6,23.46,0
39.13,56.1,1002.61,27.66,1
25.42,51.83,1005.83,11.91,0
24.13,92.64,1001.92,27.28,1
20.4,84.05,994.31,12.8,1
37.68,78.96,999.24,15.17,1
28.59,75.64,998.16,8.9,1
35.14,78.81,1018.05,10.79,0
32.44,81.9,1003.25,24.22,1
20.76,50.0,1010.86,9.44,0
23.3,70.59,991.88,6.2,0
20.83,40.8,1010.56,18.55,0
28.44,95.0,995.69,17.78,1
37.62,98.42,1007.38,8.84,0
24.25,72.75,1009.18,24.67,0
30.88,55.43,1007.81,22.92,0
24.77,72.52,1006.32,9.15,0
34.04,81.23,1008.09,6.74,0
23.21,77.99,1006.69,9.83,0
27.08,77.24,990.85,7.65,0
31.52,91.56,1018.68,23.6,1
29.67,47.89,1003.24,7.87,0
28.49,78.0,992.11,5.94,1
26.8,86.46,996.59,24.78,1
28.38,57.14,996.62,3.48,0
22.29,74.38,1003.2,5.63,0
31.11,62.69,1011.28,11.32,0
22.49,65.28,1005.92,17.16,0
33.31,76.31,997.27,11.43,1
34.65,50.68,1017.4,15.7,0
29.06,66.79,999.58,14.18,1
36.96,89.56,992.4,8.39,1
24.71,64.29,1003.07,28.23,0
35.19,62.02,1016.9,3.78,0
27.66,51.25,992.21,29.22,0
25.68,97.96,994.13,20.38,1
25.7,83.67,996.56,19.77,1
21.51,41.15,1016.95,24.67,0
29.85,86.74,993.64,2.8,1
22.84,49.19,1003.89,8.59,0
31.3,95.03,1013.34,21.43,1
35.67,58.1,999.44,19.75,1
30.97,80.26,1018.52,25.6,1
24.1,66.63,1011.04,22.74,0
39.3,49.99,1000.66,4.3,0
34.09,77.18,1015.07,5.08,0
20.82,77.56,990.31,27.73,1
34.17,65.09,997.09,18.18,1
21.53,48.69,997.96,14.18,0
24.93,95.28,1009.1,26.73,0
30.36,73.53,1000.85,25.25,1
20.64,90.96,1006.67,15.03,0
39.06,69.01,998.65,18.51,1
21.68,93.04,1001.08,11.66,0
36.42,78.79,1009.29,27.49,1
28.42,42.03,1017.5,2.17,0
28.84,57.04,1017.3,2.87,0
30.16,60.8,1001.87,29.8,1
37.47,50.03,1008.23,20.64,0
21.97,59.76,998.52,22.97,0
32.31,51.42,1001.77,15.44,1
38.2,85.32,1014.06,17.41,1
22.36,78.08,1009.14,13.64,0
35.69,70.83,997.72,14.17,1
22.89,52.24,1019.99,14.56,0
35.21,59.76,998.89,23.97,1
22.12,55.21,1015.7,19.34,0
22.96,65.71,1003.09,19.52,0
35.59,96.5,1017.92,29.42,1
33.38,62.99,994.55,12.33,1
21.53,56.92,1015.37,12.34,0
34.07,50.02,1018.32,17.15,0
25.03,94.71,1018.4,16.46,0
21.18,62.0,1014.06,29.66,0
28.97,44.3,1014.66,17.96,0
30.76,93.65,1012.99,23.92,1
35.64,42.91,1011.23,23.14,0
20.33,71.69,1015.48,19.3,0
25.91,60.42,992.54,24.89,0
36.84,77.42,1002.79,16.73,1
28.94,70.64,991.21,25.32,1
22.93,75.94,999.3,17.07,1
27.5,63.74,1006.05,9.3,0
39.91,93.33,1010.56,24.07,1
22.52,58.72,1007.91,11.47,0
30.0,45.23,1010.63,19.93,0
24.55,51.87,994.19,9.27,0
26.58,57.65,1016.67,14.81,0
27.77,46.17,1007.06,17.97,0
29.08,51.59,1011.99,11.62,0
23.26,49.45,1010.2,7.2,0
36.89,84.85,1019.84,17.4,1
28.74,53.1,1006.08,28.55,0
21.73,69.18,1000.15,21.53,0
24.32,61.91,1012.94,8.68,0
28.31,52.24,1006.86,23.25,0
20.32,46.62,1008.79,8.68,0
22.44,49.77,1005.27,24.29,0
35.25,81.88,997.72,23.04,1
21.24,74.99,1010.02,14.48,0
22.32,80.09,1000.32,3.77,0
38.15,90.85,1000.07,23.45,1
35.02,53.43,1007.28,5.26,0
39.59,74.45,996.25,22.2,1
28.54,48.79,1010.11,2.05,0
28.35,87.79,1018.84,28.16,1
28.88,94.01,998.44,29.81,1
21.68,63.23,1012.98,14.86,0
32.83,93.01,1017.75,7.6,0
36.41,98.8,1005.6,15.11,1
20.53,82.47,1012.66,12.48,0
39.33,93.22,1003.12,22.57,1
27.54,53.44,1002.35,19.15,0
28.8,87.92,994.59,24.75,1
37.68,77.28,1009.78,25.85,1
23.53,53.04,1002.81,8.77,0
25.2,93.02,1003.78,16.15,1
21.04,43.64,1011.84,24.96,0
28.64,74.79,1018.41,10.45,0
23.29,50.1,1017.35,15.14,0
20.06,92.56,996.45,7.42,0
38.92,87.44,1000.3,5.12,1
27.26,83.03,999.03,14.15,1
34.34,40.5,1012.95,17.03,0
31.27,70.22,1013.39,10.75,0
33.85,70.98,1007.61,14.15,0
36.05,40.81,999.67,5.35,0
22.3,66.82,993.66,19.73,0
28.06,80.71,1018.46,16.7,1
34.68,97.77,990.96,15.87,1
22.08,42.26,993.86,6.46,0
25.77,58.86,1018.37,25.75,0
28.51,85.91,991.9,26.26,1
25.31,57.67,1001.95,15.99,0
23.16,41.85,1007.62,2.99,0
33.06,80.75,1005.41,11.72,0
28.88,82.58,1005.51,3.79,0
31.57,61.34,1014.39,28.84,0
37.59,49.32,1001.42,26.16,1
30.69,95.82,1003.99,19.21,1
37.96,99.88,999.5,7.58,1
22.36,80.62,1000.74,20.48,1
35.55,88.98,1000.9,4.71,1
23.45,59.49,1008.49,15.89,0
29.21,51.02,1016.21,20.77,0
25.1,96.82,1013.0,17.04,0
33.8,63.84,1016.2,21.73,0
20.43,70.08,998.2,6.07,0
38.87,85.22,994.63,18.62,1
25.59,71.62,1015.37,28.52,0
25.83,59.56,997.37,13.55,0
20.02,66.15,994.81,16.08,0
29.92,60.77,1004.1,10.39,0
22.09,65.32,1003.53,11.26,0
23.15,49.77,998.75,16.88,0
28.5,94.67,999.53,8.63,1
29.15,68.15,993.78,12.66,1
20.48,42.98,1001.62,2.27,0
28.64,77.35,1008.07,4.15,0
23.27,69.7,1011.47,17.28,0
28.33,45.39,1012.31,4.74,0
28.97,84.26,1007.03,2.18,0
26.39,57.14,996.04,5.16,0
37.97,76.9,1000.95,28.91,1
30.24,47.76,1013.74,3.83,0
34.23,98.57,1015.38,8.01,0
36.5,64.56,993.22,25.06,1
38.81,42.54,996.18,2.51,0
29.36,47.68,1013.05,25.37,0
31.86,85.01,1006.71,23.78,1
34.45,80.14,999.01,28.82,1
25.9,71.63,1007.48,14.32,0
30.59,61.1,1009.91,21.64,0
28.72,71.67,1008.45,21.82,0
34.53,75.56,1002.85,7.12,1
34.36,51.54,1000.27,6.03,0
26.28,84.81,990.54,26.67,1
36.71,88.0,991.58,11.51,1
31.25,47.47,1001.2,23.06,1
27.9,77.2,1019.76,16.68,0
33.15,90.47,1011.46,13.25,1
26.57,98.14,1001.14,19.83,1
20.76,97.71,991.55,13.0,1
32.61,84.93,1013.3,15.01,1
36.63,48.4,1007.97,12.93,0
24.37,77.51,1010.91,18.73,0
27.51,98.91,1011.31,28.08,0
21.02,70.69,1006.71,16.77,0
35.59,70.83,995.58,3.73,0
26.68,59.37,1013.3,22.53,0
23.45,53.01,1018.54,12.36,0
28.1,54.58,998.13,12.45,1
34.57,79.1,997.09,29.66,1
26.08,65.24,990.87,19.42,0
35.58,49.81,1010.73,16.09,0
27.49,99.86,996.34,20.96,1
35.37,44.84,1019.68,16.56,0
33.51,43.23,994.04,27.36,1
33.57,96.89,1015.77,5.85,0
35.28,41.46,1019.25,15.23,0
22.46,51.53,1012.62,8.23,0
35.72,42.64,1018.04,20.49,0
29.73,95.85,1018.21,23.22,1
38.27,84.46,1016.94,8.61,0
23.66,52.62,1014.01,8.5,0
27.25,56.46,1011.58,15.79,0
34.64,81.37,1008.56,26.16,1
27.09,40.42,1012.37,11.32,0
21.73,95.4,1014.09,8.31,0
39.74,47.61,996.83,20.83,1
35.16,91.01,1000.54,23.2,1
25.23,96.95,1002.83,26.19,1
32.24,67.28,1005.38,17.43,0
31.06,89.88,1016.71,22.3,1
31.72,76.95,1000.78,6.08,1
26.85,99.03,993.17,5.18,0
39.49,72.75,1018.56,2.06,0
34.25,41.18,991.97,29.99,1
24.2,81.16,1009.17,10.34,0
38.68,65.89,997.93,27.54,1
36.32,59.89,1002.04,27.55,1
30.79,97.37,992.1,9.19,1
29.58,80.24,991.46,27.76,1
23.69,77.37,998.27,4.74,0
37.84,61.24,1006.32,23.63,0
39.8,54.29,994.93,25.68,1
29.78,57.72,994.02,22.79,1
27.26,52.56,1005.94,7.02,0
25.92,85.19,1008.72,14.95,0
31.0,51.35,1000.81,15.44,1
24.85,83.95,992.67,19.36,1
35.42,54.25,1003.26,13.43,1
27.65,76.02,992.94,15.03,1
33.04,46.48,1001.67,7.57,0
20.58,55.88,999.31,23.78,0
29.37,56.1,1008.62,8.93,0
24.69,96.57,998.7,4.19,0
28.21,66.32,995.99,15.83,1
25.52,50.49,1014.3,22.63,0
21.05,94.49,1014.07,7.82,0
36.94,61.72,1004.28,19.29,1
29.64,59.31,995.91,6.6,0
31.82,69.55,1008.54,9.12,0
20.46,95.26,1019.02,8.63,0
30.51,48.42,1007.95,17.6,0
28.89,44.07,1004.7,10.07,0
32.4,52.7,997.13,17.89,1
35.66,57.64,1016.69,8.52,0
35.02,62.26,1000.87,2.64,0
21.69,75.51,1010.91,22.84,0
29.6,92.94,1002.57,2.55,1
30.95,63.98,990.07,14.24,1
37.77,76.97,1019.49,2.51,0
22.42,47.9,1010.54,11.76,0
31.97,96.92,992.62,3.38,1
34.11,67.19,1019.85,11.91,0
26.92,96.76,1009.71,20.71,0
20.71,52.19,1002.25,24.2,0
30.97,80.98,1007.24,11.31,0
28.92,92.96,1010.36,9.73,0
24.2,93.31,1009.65,13.42,0
22.18,93.08,995.13,10.99,0
21.63,89.6,1005.67,24.58,0
29.02,99.49,997.0,22.03,1
26.49,82.19,1007.45,21.18,0
29.96,77.45,997.29,16.79,1
33.22,53.31,1008.11,4.74,0
38.66,52.79,1016.78,15.31,0
28.3,42.93,1017.88,14.26,0
37.09,79.53,993.8,7.87,1
36.03,92.9,995.89,6.11,1
30.43,66.76,991.49,11.38,0
30.16,59.99,1005.36,23.65,0
24.02,61.55,995.54,11.99,0
29.83,90.13,993.21,29.39,1
39.64,42.24,1014.07,16.12,0
29.85,97.47,1010.6,7.98,0
21.67,90.56,990.88,13.28,1
22.9,58.78,1001.56,24.89,0
39.05,60.15,1002.78,27.16,1
39.48,54.85,1015.08,29.54,0
25.32,56.15,1015.86,27.1,0
29.84,98.92,1009.14,6.16,0
23.66,64.57,990.14,9.14,0
28.81,97.37,1007.22,18.66,1
24.65,68.29,994.97,25.83,0
24.44,94.91,996.19,20.24,1
32.8,77.71,1019.44,9.1,0
38.58,62.73,1002.95,19.44,1
37.76,56.05,1011.2,17.16,0
33.81,92.78,1019.69,21.62,1
37.38,52.11,1014.18,18.68,0
34.77,84.59,996.87,20.29,1
29.4,98.42,991.75,15.93,1
26.76,54.96,1008.77,22.56,0
24.19,57.54,1009.97,10.45,0
36.77,90.36,1007.94,9.34,0
22.67,75.43,1003.73,8.5,0
39.56,74.91,996.48,25.94,1
39.75,93.43,1006.93,17.43,1
23.78,71.65,995.2,12.07,0
30.88,58.89,1007.08,2.31,0
29.17,44.76,1005.94,19.34,0
28.42,90.43,1000.16,21.43,1
27.33,55.67,1017.62,23.39,0
22.22,96.38,991.9,3.62,0
33.43,57.88,1011.76,25.11,0
34.02,54.97,998.99,19.59,1
27.26,71.77,1003.49,17.87,0
32.17,43.76,997.14,24.48,1
31.2,66.05,1005.82,5.24,0
33.34,91.6,997.4,6.33,1
25.4,54.9,992.56,14.84,0
35.81,86.13,1011.9,13.93,1
20.61,96.71,995.26,29.48,1
22.49,41.33,1007.43,21.15,0
21.65,80.06,992.79,20.8,1
37.95,51.4,991.66,23.81,1
26.16,86.98,990.6,11.57,0
22.67,84.95,994.44,3.97,0
38.38,90.48,1019.35,7.51,0
39.87,71.59,999.12,12.96,1
36.04,63.65,1009.82,10.58,0
38.5,72.52,1013.92,15.28,0
35.25,74.55,999.66,27.19,1
33.01,48.28,994.72,9.77,0
35.42,98.21,1001.28,22.29,1
28.49,89.86,996.15,28.08,1
28.38,48.92,1007.12,16.88,0
20.85,44.22,1018.6,22.53,0
26.26,43.57,991.6,27.26,0
33.76,66.47,997.03,8.63,0
38.26,83.97,1013.58,22.19,1
23.92,78.94,1005.98,10.14,0
29.26,41.82,995.39,7.69,0
26.39,75.67,991.58,28.43,1
27.48,88.57,992.18,27.79,1
34.51,64.38,998.75,3.9,0
38.96,66.55,998.96,2.71,0
29.9,65.46,1000.15,20.16,1
26.07,43.59,1007.36,28.75,0
32.81,70.94,1013.39,14.42,0
38.4,93.38,996.35,23.8,1
21.83,53.88,1016.34,2.96,0
35.3,60.15,1015.49,3.2,0
21.29,75.66,999.5,12.83,1
36.31,42.4,1001.81,5.55,0
21.56,92.41,999.91,8.31,0
26.5,83.54,998.24,12.06,1
20.04,42.93,1019.22,14.36,0
35.25,65.35,1003.46,5.45,0
31.21,96.16,1005.56,6.0,0
31.01,69.18,990.73,3.61,0
27.76,94.7,1001.23,19.62,1
39.25,94.99,1002.65,16.02,1
24.8,95.61,990.9,28.52,1
20.41,40.32,1005.15,22.14,0
38.21,56.71,993.32,19.91,1
35.51,72.36,993.38,24.11,1
38.7,49.86,999.27,23.17,1
20.97,94.25,999.54,14.63,1
35.54,67.44,1014.22,14.02,0
24.78,75.88,994.15,28.37,1
25.18,99.36,991.01,24.3,1
24.88,75.61,1005.42,21.6,0
29.23,74.87,1017.61,10.58,0
34.72,63.76,999.94,5.03,0
31.04,80.7,995.06,7.89,1
27.91,49.8,1016.53,28.71,0
34.29,68.76,1013.14,12.02,0
38.93,49.06,994.26,5.69,0
39.45,45.63,1017.68,11.99,0
24.35,77.07,1001.93,4.0,0
32.29,48.02,1019.74,3.31,0
20.43,48.68,992.59,23.13,0
37.63,82.63,1004.09,27.11,1
35.29,71.8,1013.71,28.34,0
29.91,74.08,1013.79,27.44,0
39.98,77.04,995.42,27.25,1
33.98,80.14,993.43,5.86,1
33.61,45.69,1005.79,24.09,0
24.34,77.69,992.3,27.93,1
36.95,84.53,1007.39,22.06,1
24.66,69.7,1002.36,16.7,0
31.42,67.09,996.17,18.74,1
29.68,52.48,1008.16,2.88,0
29.08,95.74,1005.14,29.97,1
20.87,81.05,993.28,21.15,1
27.53,66.77,994.83,12.06,0
34.14,86.86,999.86,4.38,1
22.92,90.82,1001.65,7.13,0
28.54,81.63,1012.78,19.4,1
26.66,59.2,990.23,26.37,0
21.96,61.44,992.23,16.3,0
36.48,59.18,1000.91,12.39,1
30.75,64.95,999.28,17.13,1
39.95,90.31,1005.01,5.45,0
32.22,69.77,1018.12,14.8,0
20.3,52.24,1000.9,28.62,0
33.36,76.39,994.09,17.4,1
26.12,43.97,1006.35,20.18,0
23.52,67.75,1014.87,9.17,0
25.92,99.66,1014.95,9.51,0
35.21,99.02,992.81,28.52,1
23.38,65.22,998.61,23.96,0
28.43,76.0,1009.71,27.88,1
33.26,78.72,1008.01,23.88,1
25.89,54.64,1012.44,24.3,0
27.06,49.76,1016.68,26.73,0
26.89,49.39,1018.12,4.94,0
28.15,94.13,1018.33,8.25,0
35.19,64.99,999.59,3.39,0
26.6,49.15,1007.35,8.99,0
35.99,72.09,990.71,2.37,0
35.16,67.08,993.35,8.27,0
24.45,62.06,1001.92,20.41,0
38.62,92.76,1009.57,4.03,0
31.29,63.77,990.01,13.18,1
23.69,98.4,1000.7,6.71,0
34.12,93.23,1014.41,9.22,0
36.11,95.45,1008.05,16.06,1
27.6,59.34,1013.43,7.83,0
26.28,41.9,1001.35,11.48,0
35.03,45.51,1004.92,11.63,0
23.68,89.25,1001.46,11.92,0
35.52,40.47,995.63,11.41,0
34.39,81.21,990.67,18.51,1
25.38,76.93,1002.68,8.85,0
22.14,97.3,1004.14,12.22,1
34.75,82.18,1006.16,8.77,0
21.45,43.16,1008.38,8.97,0
20.22,96.44,1003.25,12.53,1
38.21,97.57,995.2,16.82,1
32.86,77.54,1005.35,12.21,1
23.78,79.3,991.97,29.36,1
34.74,60.54,1007.15,18.79,0
35.58,42.01,1018.01,7.12,0
34.2,71.51,1008.89,29.73,0
37.11,58.94,994.38,25.06,1
35.1,89.93,1013.85,18.64,1
21.99,80.63,990.55,20.12,1
21.91,56.68,1013.96,11.72,0
28.55,96.66,993.48,10.31,1
23.48,53.35,1015.82,14.24,0
24.37,84.07,993.53,13.66,1
28.53,47.35,1011.72,18.2,0
20.57,67.21,1003.12,18.34,0
23.54,46.57,991.68,8.99,0
38.43,46.76,1008.63,23.43,0
24.71,49.68,1000.32,8.3,0
39.18,71.48,1004.07,17.31,1
25.87,85.43,1004.04,15.46,1
32.93,83.21,1018.82,25.33,1
20.57,64.39,1017.27,2.43,0
26.55,47.07,1009.96,21.49,0
31.19,45.12,1008.81,10.94,0
25.53,64.51,1005.89,2.68,0
33.83,80.97,990.23,20.31,1
38.75,78.87,1007.43,7.62,0
20.24,73.42,994.19,7.84,0
21.31,63.44,1017.81,16.98,0
36.04,97.05,1015.95,10.57,0
28.76,71.74,1001.89,16.0,1
37.9,96.32,1010.04,28.68,1
27.94,61.74,990.21,5.93,0
25.41,78.13,1018.27,21.26,0
35.85,86.98,1019.32,5.17,0
25.76,41.5,1014.55,6.83,0
26.32,95.41,1015.78,27.15,0
31.75,54.58,1019.45,23.84,0
22.38,53.03,996.41,9.23,0
21.35,40.32,991.13,15.09,0
33.24,46.27,1009.78,29.78,0
37.75,71.33,1015.36,18.03,0
26.97,66.54,1009.76,22.72,0
28.1,83.33,1012.33,11.29,0
22.52,64.67,1014.7,14.37,0
35.49,88.29,1006.71,11.71,0
26.31,60.13,1003.07,4.01,0
34.81,52.92,996.94,14.16,1
21.8,69.36,1016.9,10.31,0
20.56,94.23,992.42,20.45,1
34.61,68.46,992.08,24.82,1
21.96,69.93,995.3,22.35,0
27.58,69.26,1009.51,10.52,0
24.51,70.58,1005.72,21.32,0
33.13,64.54,997.67,22.05,1
36.52,66.09,1003.58,26.34,1
21.5,46.84,1016.47,25.22,0
26.3,41.18,1008.71,7.21,0
26.27,56.24,994.41,3.42,0
28.54,72.8,994.82,14.43,1
34.91,91.08,1008.57,7.66,0
28.35,69.24,1008.02,2.36,0
34.32,43.02,1011.34,8.24,0
30.83,74.6,1006.97,15.97,0
37.71,58.78,1013.11,26.18,0
24.77,45.84,1013.61,18.13,0
23.32,51.16,1017.82,24.53,0
38.36,45.96,996.09,8.81,0
23.78,65.6,1012.99,9.66,0
33.85,65.3,993.58,28.79,1
34.25,66.08,1015.04,11.37,0
23.82,98.62,1004.21,19.48,1
26.75,62.37,1011.37,11.69,0
31.87,47.04,1017.05,2.49,0
30.57,84.76,1015.68,11.28,0
26.24,42.66,995.66,23.29,0
26.32,74.19,1008.08,23.18,0
24.63,68.05,996.34,18.76,0
39.31,74.17,1003.24,21.13,1
27.0,67.61,1003.93,3.59,0
27.27,58.14,998.67,23.48,0
22.81,67.53,1012.5,24.57,0
32.85,68.95,993.74,2.86,0
36.98,85.07,1006.81,21.4,1
36.76,63.79,1000.13,13.48,1
29.33,94.67,1011.97,20.71,1
37.3,78.94,1006.17,3.24,0
28.81,93.13,1013.87,13.96,1
21.89,54.92,995.54,12.2,0
24.33,76.81,1010.17,16.88,0
30.46,82.54,1008.14,22.84,1
26.66,51.19,1000.79,16.47,0
32.56,71.93,1002.14,26.42,1
36.6,89.46,1013.11,24.3,1
32.53,83.5,991.11,17.47,1
25.88,46.62,995.46,27.41,0
22.89,92.67,1002.53,11.58,0
26.91,85.25,996.21,14.28,1
23.18,54.92,1016.22,17.84,0
26.96,77.68,999.86,24.56,1
34.69,74.09,995.8,13.04,1
20.66,71.3,1012.58,25.09,0
37.1,96.46,994.87,2.85,1
30.3,75.02,1005.12,28.78,1
21.66,89.79,1013.49,6.92,0
29.78,94.0,1006.82,13.22,1
27.31,58.79,1015.42,25.74,0
39.57,99.43,996.06,20.62,1
35.91,74.0,1011.61,19.85,0
30.35,81.25,1016.87,29.54,1
38.73,60.6,991.11,28.83,1
35.72,86.88,1005.32,25.83,1
39.54,47.37,995.32,8.03,0
32.31,75.06,1019.79,21.51,1
32.4,81.96,1019.81,8.63,0
23.17,55.86,1019.2,5.86,0
23.03,67.68,1000.99,2.18,0
20.23,50.01,1002.34,18.99,0
24.76,70.83,1002.01,3.21,0
28.47,77.02,1014.82,20.11,1
28.4,92.95,994.64,8.84,1
24.12,48.15,998.01,20.66,0
29.71,63.84,1006.17,4.99,0
33.77,98.85,991.21,18.36,1
34.99,93.09,998.89,11.24,1
33.39,74.0,999.48,22.01,1
29.46,66.1,1003.12,22.93,1
30.96,99.26,1008.14,10.7,0
34.25,70.78,1002.69,28.44,1
36.99,66.35,1012.89,21.89,0
31.93,82.22,1005.86,3.17,0
31.78,86.47,993.76,26.0,1
32.77,57.56,1007.79,27.85,0
22.28,69.4,1006.93,25.4,0
36.51,65.1,1003.55,20.41,1
20.68,84.07,1006.07,9.1,0
38.24,44.82,1018.58,3.57,0
20.36,65.9,1013.9,6.53,0
36.53,47.26,1017.02,29.02,0
21.63,85.64,991.04,13.1,1
27.11,58.27,1018.69,20.19,0
30.96,50.88,998.03,16.59,1
33.48,89.0,995.93,26.45,1
32.38,77.53,1006.27,16.83,1
34.91,86.79,1008.21,11.95,0
25.36,88.65,1007.66,26.84,0
26.36,90.68,994.89,4.51,0
25.64,72.62,1010.01,18.73,0
28.69,62.33,1002.93,26.66,1
37.02,53.17,991.51,20.33,1
20.69,72.92,1004.31,15.29,0
37.4,61.5,1000.14,14.57,1
34.84,84.99,1011.82,21.34,1
25.08,87.09,1003.12,2.0,0
20.7,51.32,1015.18,10.88,0
23.3,63.84,1007.32,2.58,0
28.32,61.67,998.05,6.42,0
31.78,96.6,1006.2,12.29,1
23.83,65.74,990.0,8.45,0
20.3,54.15,998.71,22.46,0
31.17,60.02,1007.84,25.25,0
33.65,69.58,1018.85,20.45,0
37.43,67.67,1010.1,11.58,0
36.5,46.8,1002.01,25.72,1
23.95,84.61,1011.54,3.44,0
22.91,69.7,1008.52,5.56,0
28.72,79.34,990.62,25.57,1
25.95,59.1,1003.71,17.82,0
24.9,72.11,1002.42,11.51,0
38.72,46.09,992.02,10.58,0
20.24,72.97,1003.52,27.9,0
25.88,97.72,1010.95,12.83,0
20.69,73.27,995.19,12.09,0
20.85,71.77,1006.41,16.04,0
31.56,62.13,1016.23,13.71,0
36.57,85.26,1015.67,13.09,1
30.65,74.44,1011.74,21.65,0
25.99,90.7,993.64,22.2,1
23.69,80.22,1016.11,21.16,0
23.34,57.3,998.52,26.6,0
23.19,51.76,993.93,15.79,0
34.15,65.68,1003.57,12.56,1
37.77,58.63,1004.38,27.95,1
29.69,83.68,997.28,28.85,1
32.18,55.89,995.55,18.93,1
30.3,44.71,1003.1,23.8,1
31.77,51.73,1006.08,20.84,0
25.45,53.07,998.72,12.61,0
21.58,42.21,992.82,26.83,0
35.09,99.72,996.0,3.11,1
34.26,60.68,994.32,15.22,1
23.28,92.14,990.23,4.59,0
37.14,90.82,1000.49,3.56,1
39.18,65.19,1017.88,26.58,0
39.94,54.86,1006.12,27.68,0
34.73,80.83,1002.39,25.37,1
36.27,50.29,1003.67,5.73,0
34.61,87.25,993.3,14.73,1
20.22,78.0,1013.09,13.53,0
20.44,97.34,1013.4,22.78,0
35.97,65.19,1001.58,18.78,1
24.5,71.52,994.57,21.26,0
29.98,49.91,1009.51,21.39,0
32.97,59.04,1010.65,9.02,0
29.04,88.51,1003.05,13.72,1
22.28,74.93,997.6,6.06,0
36.19,60.41,1004.68,15.65,1
22.7,57.46,1008.5,13.93,0
36.34,75.93,993.51,27.81,1
26.12,61.25,1001.55,21.01,0
28.4,48.9,1019.18,12.21,0
27.81,85.04,997.91,26.1,1
39.43,65.0,993.2,21.85,1
22.4,80.09,1010.95,27.02,0
23.62,44.59,1018.95,6.48,0
27.99,70.07,997.27,20.79,0
32.74,60.57,997.8,9.02,0
31.05,69.35,1009.78,5.93,0
28.24,65.02,1018.92,25.52,0
37.68,74.06,996.32,27.84,1
31.56,96.39,1005.35,26.09,1
30.7,76.78,996.88,15.58,1
28.74,65.48,1018.06,23.46,0
29.21,53.81,994.72,29.0,1
32.17,58.13,1015.13,14.71,0
29.11,61.59,1009.93,21.75,0
23.92,44.39,1012.13,28.46,0
39.73,92.98,994.35,4.65,1
21.32,54.22,990.87,2.98,0
32.87,82.07,1009.97,19.29,1
21.41,89.18,991.7,5.21,0
33.11,56.54,1017.6,5.97,0
36.73,75.92,1004.48,9.63,1
23.11,74.34,1009.5,13.17,0
36.75,99.43,1017.55,27.4,1
21.32,98.41,994.56,6.8,0
34.05,85.89,997.51,8.94,1
22.46,53.37,991.87,23.81,0
27.07,88.33,1012.65,19.29,0
36.98,54.97,1010.18,29.53,0
25.95,58.68,1018.34,12.94,0
36.75,53.78,1001.69,4.34,0
22.7,78.08,1005.16,19.16,0
24.64,55.49,998.64,14.02,0
38.71,88.99,1006.1,21.91,1
33.53,71.62,1004.77,17.37,1
36.99,69.28,997.99,24.07,1
37.9,59.35,1015.83,8.25,0
20.86,93.38,993.55,3.3,0
32.85,61.86,1010.16,10.41,0
36.33,52.42,1014.28,7.69,0
22.67,59.19,1010.84,11.29,0
21.32,71.89,993.51,16.65,0
25.42,43.61,999.72,7.13,0
28.53,71.72,1002.45,6.55,0
33.74,70.46,1014.88,4.81,0
39.32,49.83,1008.08,8.47,0
29.48,74.4,1010.9,19.43,0
25.57,58.99,1017.72,7.79,0
38.94,97.5,1003.36,28.98,1
35.38,83.08,1006.44,14.22,1
21.5,89.19,1008.8,18.88,0
23.64,57.07,1000.59,8.24,0
38.33,57.42,991.02,29.41,1
38.52,82.65,1015.63,10.26,0
31.89,82.0,1013.85,14.69,1
34.18,65.51,1016.66,14.65,0
26.13,70.37,995.2,21.47,0
24.97,95.54,1006.57,2.72,0
20.98,80.31,1007.49,29.34,0
24.98,54.33,995.53,28.04,0
33.49,76.8,1015.73,5.12,0
33.38,61.02,1013.29,5.84,0
22.76,64.71,1004.11,7.5,0
25.22,93.26,1019.36,5.84,0
29.49,79.36,1004.78,16.49,1
38.94,73.21,991.56,3.93,0
28.2,50.81,995.03,6.66,0
34.07,53.98,1007.4,7.39,0
33.11,93.48,1001.74,21.4,1
37.87,88.6,1010.08,26.4,1
33.84,62.0,995.45,8.46,0
22.33,52.63,1009.92,16.15,0
37.75,75.7,990.11,11.22,1
28.15,90.57,994.2,3.65,1
30.32,54.49,1008.37,17.28,0
28.59,40.49,1000.44,18.26,1
39.93,51.79,999.44,28.86,1
36.49,86.94,1018.07,17.81,1
31.17,91.57,1017.66,18.03,1
37.98,57.91,1001.61,6.08,0
31.76,59.7,1010.26,23.47,0
37.37,77.7,1009.42,8.57,0
32.66,57.74,999.04,7.1,0
25.68,46.01,1018.9,23.05,0
32.04,56.96,994.56,24.46,1
38.93,81.69,1002.54,8.44,1
23.98,60.33,1002.26,7.42,0
25.19,72.5,1017.09,19.56,0
22.35,99.1,1003.13,10.11,0
30.94,74.02,1010.2,13.77,0
33.77,43.53,1006.34,17.25,0
35.41,40.31,1018.77,15.32,0
37.22,58.45,1001.44,11.41,0
29.62,58.3,1013.83,19.48,0
33.73,71.11,1018.95,17.75,0
35.35,98.99,1008.67,9.44,0
20.97,56.22,1000.07,3.6,0
35.25,87.48,1012.81,24.98,1
21.31,81.95,1011.31,7.09,0
34.61,93.3,1001.15,9.41,1
36.5,84.76,1003.05,7.97,1
20.18,50.84,1016.42,16.18,0
21.65,83.57,1015.23,12.12,0
37.41,67.83,999.87,9.09,0
38.56,68.4,1006.43,19.37,0
38.11,41.63,1014.67,13.57,0
23.1,70.24,1002.27,28.65,0
33.42,82.28,997.9,27.1,1
23.51,70.18,1015.17,14.13,0
32.98,83.63,1012.48,18.19,1
23.11,87.14,992.49,20.26,1
29.3,94.44,993.37,29.99,1
34.07,40.56,992.13,17.36,1
27.37,76.04,1012.64,8.68,0
21.76,94.27,1008.61,27.57,0
34.24,50.82,1012.79,29.69,0
36.08,90.42,1015.71,25.61,1
32.78,62.35,1012.21,23.0,0
26.97,59.21,1015.86,20.16,0
33.91,60.54,1001.97,5.06,0
26.71,86.87,1014.76,29.89,0
26.7,85.5,990.95,4.22,0
36.15,68.02,1009.82,17.1,0
28.11,57.15,1008.13,4.92,0
20.65,77.5,1005.68,4.02,0
29.15,53.48,1008.56,15.48,0
34.13,90.53,1006.84,9.59,0
22.55,97.41,1009.97,20.92,0
34.74,51.88,1017.31,3.57,0
30.97,68.73,1015.63,21.8,0
35.89,90.74,998.13,15.64,1
27.66,47.81,1014.84,6.06,0
21.91,54.96,1016.51,12.57,0
39.57,42.93,1006.44,10.29,0
20.58,53.07,1000.94,12.54,0
35.16,85.87,1001.7,15.79,1
21.49,56.82,991.79,21.51,0
27.92,96.55,1015.02,13.38,0
35.6,72.28,993.12,13.75,1
31.73,44.97,1001.66,6.22,0
35.47,47.98,1018.84,7.85,0
22.25,43.46,1010.35,22.03,0
29.64,96.56,1006.71,4.35,0
21.73,45.08,992.5,22.22,0
22.83,56.65,1013.94,12.72,0
36.71,68.07,1014.47,17.53,0
33.28,52.11,1009.96,24.08,0
38.86,85.55,1004.26,27.58,1
31.19,76.57,1005.69,19.82,1
35.29,54.93,1008.92,15.62,0
37.82,44.81,996.44,13.92,1
37.34,81.78,1010.81,8.84,0
20.38,55.48,1003.9,2.58,0
38.41,42.35,1017.05,19.65,0
30.09,93.26,1009.96,20.39,1
36.09,65.28,1014.26,12.93,0
29.58,94.77,999.01,8.06,1
28.72,84.88,1005.77,16.52,1
36.73,62.09,1010.01,14.56,0
25.71,68.37,999.77,11.83,0
37.63,45.37,990.29,11.81,0
27.91,78.69,991.69,14.72,1
32.99,97.27,1011.91,25.44,1
30.37,89.52,1001.39,25.18,1
28.58,69.48,1002.81,28.88,1
26.48,73.39,1008.32,23.39,0
31.35,63.18,1010.95,9.78,0
30.89,95.41,1010.57,15.97,1
30.14,88.36,993.2,15.95,1
29.82,43.1,993.49,13.05,1
22.49,71.1,990.06,26.47,0
21.72,58.19,1001.71,29.77,0
27.26,40.36,1016.35,5.72,0
26.5,82.65,1012.89,11.03,0
20.6,53.15,993.86,13.16,0
24.55,95.44,992.7,23.4,1
29.48,93.25,1001.97,6.09,1
34.24,66.33,991.68,27.41,1
29.62,72.97,1013.33,25.83,0
39.24,89.58,997.43,17.35,1
32.68,53.89,1004.35,15.41,1
35.23,50.93,1014.03,2.68,0
36.76,56.57,1008.49,15.83,0
36.57,88.98,996.09,15.53,1
21.26,84.16,993.53,14.91,1
23.03,72.79,992.82,13.45,0
37.72,76.82,1012.5,13.86,1
34.38,97.63,1015.93,4.8,0
32.74,49.14,1013.26,11.17,0
23.76,55.55,995.49,23.39,0
24.51,94.79,1002.47,10.65,0
22.97,92.55,1014.74,7.31,0
32.88,65.03,1005.89,2.75,0
24.24,82.17,1001.56,7.43,0
36.2,49.19,1015.59,21.34,0
24.06,93.94,1005.35,11.52,0
39.38,51.75,1005.42,24.3,0
37.8,96.56,1006.25,13.83,1
37.03,50.21,1012.45,15.1,0
34.65,83.19,998.14,25.16,1
34.73,66.76,993.56,10.85,0
31.13,80.43,999.93,12.96,1
38.32,91.13,990.49,17.06,1
30.84,70.61,1015.05,2.88,0
37.41,77.64,1002.57,3.75,1
38.48,77.6,1005.44,23.96,1
31.61,54.2,1008.41,27.04,0
20.39,88.16,1011.61,24.77,0
36.63,89.74,996.24,12.56,1
26.61,81.75,1012.76,17.76,0
28.72,81.14,1012.61,10.66,0
33.59,62.39,1017.5,21.68,0
27.63,50.45,1018.12,15.36,0
27.98,84.34,1011.25,11.43,0
28.4,82.94,1011.66,27.37,1
22.79,99.94,1017.13,26.02,0
39.22,62.68,990.72,9.3,0
24.43,58.7,1019.78,7.73,0
30.53,41.44,999.84,10.12,0
22.47,69.23,1017.58,2.77,0
28.52,99.7,1002.07,4.89,1
26.27,98.36,1014.31,28.04,0
20.38,54.64,992.03,19.54,0
25.91,59.25,990.59,5.3,0
26.36,78.83,1007.14,14.51,0
37.95,42.32,1007.26,2.03,0
22.17,96.81,1005.8,13.7,0
34.16,90.1,998.3,26.93,1
36.59,62.26,1007.72,13.79,0
21.88,80.17,994.11,2.96,0
25.92,70.76,1010.3,11.27,0
28.98,42.21,1008.38,26.17,0
29.84,46.74,1015.97,23.63,0
37.39,97.16,1006.14,27.25,1
28.27,79.53,995.82,6.65,1
35.36,46.06,1011.14,22.88,0
21.2,43.38,993.18,26.94,0
39.56,45.23,1014.02,18.65,0
31.27,91.07,1006.96,15.71,1
38.65,97.92,990.94,7.81,1
35.31,83.85,1015.74,25.92,1
36.09,89.49,1006.24,23.41,1
33.85,76.0,1008.3,9.36,0
24.67,54.68,998.12,6.32,0
37.38,69.42,1000.68,14.9,1
29.13,60.39,1016.67,29.0,0
24.07,42.81,1014.45,18.84,0
28.02,85.89,1012.02,29.33,1
32.51,79.0,1001.68,13.38,1
31.5,66.83,990.4,11.71,0
32.84,98.51,1013.04,9.46,0
32.5,91.4,1005.47,24.19,1
25.0,87.23,1004.45,19.45,1
34.95,82.69,1016.81,29.45,1
22.98,69.8,1016.79,13.32,0
32.85,66.52,996.39,25.19,1
36.99,66.71,1004.69,2.1,0
25.03,94.48,1004.03,16.26,1
25.06,50.61,1014.53,9.51,0
36.76,46.67,1014.36,15.5,0
26.3,67.93,1010.61,12.46,0
34.92,57.24,1002.79,18.46,1
31.99,81.63,1001.55,23.31,1
28.82,68.85,994.56,20.47,1
37.26,81.28,993.59,10.19,1
36.02,50.72,1001.93,9.35,0
22.73,95.88,1009.05,13.8,0
33.13,91.46,997.88,9.79,1
33.91,81.46,1006.79,10.42,0
20.6,67.86,999.31,6.78,0
24.14,47.75,997.39,3.61,0
23.12,47.49,994.15,16.67,0
33.81,46.36,1001.43,23.77,1
28.65,73.26,1004.72,29.34,1
22.06,94.8,1015.09,15.86,0
21.66,88.77,1003.73,27.76,1
26.26,71.03,1009.74,18.99,0
37.87,99.55,991.01,3.13,1
27.69,74.18,1008.94,4.82,0
38.09,54.37,1019.25,13.86,0
25.71,80.54,1016.99,6.98,0
33.32,65.82,1015.91,3.59,0
32.96,49.66,996.0,6.33,0
35.47,41.5,1004.09,2.68,0
30.95,41.99,1010.2,16.76,0
27.78,43.03,1012.79,20.54,0
35.79,80.22,1008.43,27.42,1
31.89,62.29,997.95,12.64,1
34.1,85.6,998.37,10.44,1
22.37,90.72,1001.36,17.82,1
23.4,77.42,1013.0,26.66,0
20.48,97.73,1009.89,18.24,0
28.57,52.95,1001.46,2.57,0
37.27,87.85,1000.96,13.63,1
20.25,84.34,1013.88,22.7,0
20.23,41.6,1013.23,4.17,0
27.22,45.85,999.4,21.7,0
36.79,71.07,1001.42,2.82,0
39.89,46.66,1017.77,16.91,0
36.35,65.32,997.93,4.41,0
36.98,77.95,1007.46,16.24,1
35.96,52.48,1016.5,22.15,0
30.96,90.72,1011.16,3.55,0
31.15,51.73,1003.78,17.44,1
28.75,78.81,1007.2,28.34,1
25.69,62.16,1004.58,2.56,0
37.06,82.22,1016.7,22.37,1
30.26,62.69,1003.15,26.36,1
34.84,76.63,998.48,14.03,1
28.06,98.57,1014.02,5.85,0
24.96,56.79,991.78,24.47,0
21.64,68.97,1012.54,23.83,0
27.33,83.61,1001.77,28.62,1
38.51,61.21,1016.23,10.2,0
36.33,47.78,1014.77,2.42,0
27.33,88.11,1016.22,9.15,0
20.47,97.48,1013.42,25.86,0
23.87,47.31,1009.03,29.1,0
21.43,65.42,993.66,18.76,0
37.95,48.94,1013.73,25.12,0
22.7,61.8,992.38,14.33,0
28.08,61.43,992.1,22.63,1
31.34,41.58,995.89,29.03,1
26.36,57.65,1003.86,19.7,0
35.2,80.9,997.66,25.77,1
33.85,63.53,999.52,5.08,0
28.51,82.69,1010.78,15.36,1
36.08,88.77,1012.15,19.42,1
32.33,94.13,1007.4,20.51,1
26.72,84.2,1013.36,19.24,0
22.69,77.66,998.72,2.32,0
28.0,88.8,1008.02,6.28,0
24.52,61.83,999.29,16.23,0
32.76,68.28,1004.37,25.61,1
20.81,68.49,1002.45,25.42,0
39.4,92.42,996.13,22.26,1
24.64,42.03,992.94,7.91,0
31.79,77.22,996.56,8.21,1
26.39,95.36,1003.67,22.42,1
23.88,55.14,1014.5,25.4,0
28.36,68.38,1008.1,7.09,0
34.07,46.37,1017.47,3.46,0
32.04,69.21,996.58,23.17,1
26.76,88.57,1010.06,8.62,0
33.58,77.01,1019.19,10.12,0
35.76,78.88,998.6,17.57,1
35.8,41.82,991.07,9.06,0
31.15,45.34,995.17,29.6,1
30.58,44.99,1015.07,18.53,0
34.8,54.43,1003.33,19.53,1
23.47,68.63,1000.16,13.9,0
38.68,86.58,1015.2,2.78,0
37.19,76.48,1013.28,8.16,0
39.59,83.5,1008.84,4.65,0
39.3,84.78,993.72,21.19,1
34.9,75.88,1002.91,24.58,1
26.43,65.96,998.36,18.13,0
32.67,73.24,1003.01,23.89,1
29.03,80.17,1006.95,26.85,1
25.24,82.67,1014.98,17.32,0
35.3,54.66,993.33,6.6,0
28.47,53.14,1006.57,27.29,0
28.45,89.85,1015.22,12.89,1
33.36,85.18,1005.99,19.37,1
30.99,51.09,1009.36,26.74,0
25.76,80.46,1015.89,11.28,0
31.69,83.94,990.2,4.4,1
34.95,76.58,1000.71,19.47,1
23.43,76.79,993.48,19.22,1
31.28,64.59,1015.52,12.87,0
27.44,40.72,1007.15,29.46,0
27.24,40.35,1018.67,22.05,0
22.59,67.48,999.03,17.44,0
22.64,78.27,1005.89,12.19,0
39.77,86.85,1018.8,6.33,0
21.31,50.16,1019.13,2.56,0
22.98,48.61,999.83,6.23,0
38.72,83.79,996.07,21.38,1
30.95,96.45,1015.49,15.23,1
39.24,81.16,1019.01,23.82,1
32.67,44.05,990.68,17.96,1
27.93,94.18,1014.07,18.12,0
33.85,47.61,1006.96,5.63,0
27.64,50.65,1002.29,20.72,0
38.17,53.95,1017.46,4.71,0
38.4,47.65,993.85,24.87,1
39.41,82.55,993.45,26.05,1
38.78,90.87,1005.42,19.16,1
29.33,78.39,991.25,28.81,1
30.0,74.94,1004.89,12.47,1
29.89,49.58,1010.58,9.48,0
31.87,51.04,996.36,14.0,1
39.03,49.66,999.51,17.5,1
28.21,83.85,1008.44,11.16,0
37.96,47.82,1014.95,25.29,0
31.71,93.56,1019.91,26.99,1
36.02,49.73,1018.81,3.44,0
21.25,62.97,1012.47,10.82,0
35.91,48.0,992.39,19.03,1
31.26,94.34,995.45,5.15,1
26.61,77.7,1002.13,11.06,0
28.99,67.79,1010.77,21.63,0
29.52,50.28,1009.66,26.14,0
33.24,76.94,1018.4,23.58,1
25.27,71.05,997.15,21.54,0
30.12,75.83,996.0,19.98,1
36.89,97.9,1006.98,27.69,1
39.12,45.62,1011.97,5.36,0
23.44,63.82,1013.25,17.18,0
28.87,86.38,995.97,22.5,1
26.4,45.41,1016.4,25.48,0
25.24,49.94,993.87,18.37,0
30.31,99.81,998.65,28.01,1
38.82,91.97,1007.68,3.12,0
32.73,94.69,995.54,19.69,1
28.69,44.51,999.58,22.95,1
24.08,70.89,1019.76,15.27,0
32.95,79.66,995.54,29.63,1
31.31,52.84,1003.21,4.2,0
28.98,90.22,1000.27,16.79,1
25.44,68.59,1006.12,11.75,0
22.25,46.15,1018.94,26.73,0
33.13,57.34,994.67,27.47,1
26.13,73.92,998.89,6.1,0
34.81,88.08,1009.36,28.12,1
27.8,93.59,1013.56,25.98,0
25.16,72.96,998.7,2.74,0
39.82,56.36,1004.15,24.21,1
23.52,79.04,1005.36,6.53,0
36.26,83.2,1001.77,24.21,1
35.97,75.22,994.86,6.2,1
28.3,53.46,1018.71,12.18,0
31.65,59.42,995.29,16.52,1
32.66,54.52,1018.46,23.15,0
37.25,72.24,1009.54,23.89,0
32.68,70.47,999.79,8.91,0
27.64,96.42,994.05,15.04,1
26.01,46.3,1007.72,25.61,0
35.97,74.18,998.63,11.09,0
33.23,43.98,1019.48,17.46,0
34.26,42.47,996.08,11.52,0
32.1,74.56,998.83,14.32,1
28.91,62.09,996.9,27.41,1
39.99,62.94,1000.1,14.76,1
39.88,64.77,995.48,28.89,1
27.3,63.12,1018.23,29.66,0
30.28,62.11,994.38,9.47,0
38.45,96.74,993.21,10.6,1
30.81,65.14,991.22,7.76,0
30.03,59.26,991.7,23.67,1
28.82,71.99,1016.0,19.93,0
22.71,89.75,996.82,15.88,1
34.62,88.18,998.8,2.94,1
34.77,78.32,1003.34,14.13,1
34.99,47.68,1012.66,16.54,0
37.27,96.93,1014.34,16.57,1
32.28,66.32,1011.09,7.22,0
38.59,94.81,1015.39,22.47,1
22.4,70.78,1017.57,19.16,0
39.97,52.73,1009.73,10.36,0
37.71,47.48,993.61,2.15,0
33.04,73.21,997.37,2.34,0
22.06,57.04,998.84,8.93,0
27.18,48.67,1009.1,6.45,0
25.51,92.18,999.01,29.37,1
27.72,91.09,996.35,18.45,1
33.68,71.08,1001.16,24.98,1
28.9,58.64,1013.59,6.88,0
29.15,42.87,1014.29,2.97,0
30.05,43.15,991.91,15.51,1
38.05,96.14,1006.52,29.85,1
34.63,77.44,993.17,26.82,1
20.76,47.19,996.13,29.14,0
29.37,97.5,998.25,20.59,1
25.34,81.17,998.99,7.54,0
25.7,51.78,1006.24,28.75,0
20.46,57.8,1002.76,10.64,0
26.21,94.18,1002.02,9.27,0
29.28,66.37,1005.59,13.32,0
28.43,70.04,1007.0,28.51,0
37.7,62.62,1003.29,16.53,1
21.16,86.22,992.84,24.53,1
36.11,62.97,1001.92,10.77,0
39.05,58.28,1017.23,8.0,0
25.65,47.64,1008.48,13.47,0
22.83,83.33,1009.75,3.12,0
24.54,46.3,991.23,13.3,0
20.98,40.88,1007.71,8.39,0
33.8,53.01,1012.56,24.56,0
35.9,77.94,1017.32,2.59,0
33.33,76.84,1008.53,18.84,1
22.35,87.93,1007.9,18.87,0
20.44,65.31,999.78,5.44,0
22.96,40.82,996.07,12.82,0
26.25,57.52,990.0,15.38,0
25.32,71.66,1010.84,28.43,0
34.88,67.63,1006.6,22.67,0
26.03,75.54,991.36,22.62,1
35.78,97.04,994.56,12.59,1
38.75,72.78,1010.26,8.78,0
38.13,75.96,995.99,10.01,1
38.56,76.56,1011.66,11.81,0
29.07,54.32,1004.22,7.67,0
37.26,63.89,1009.48,2.22,0
30.32,86.44,1001.2,23.71,1
24.27,73.94,1010.95,18.88,0
28.76,41.39,1014.18,12.0,0
23.16,92.92,992.24,11.44,0
36.55,53.35,1001.49,23.26,1
25.16,99.58,993.48,25.17,1
37.23,70.99,1009.47,19.87,0
36.57,64.7,1015.62,9.49,0
38.15,65.98,1014.81,6.11,0
24.03,47.43,1018.77,28.37,0
31.38,99.75,1008.69,25.28,1
37.67,80.91,995.4,22.85,1
32.18,76.04,1012.19,10.52,0
22.46,71.98,1014.64,17.98,0
37.05,63.97,1006.93,15.81,0
33.84,77.69,1017.09,21.0,1
26.43,50.17,1013.17,12.7,0
35.94,52.63,1018.0,4.94,0
35.19,84.73,994.07,15.22,1
38.2,91.5,1009.65,27.28,1
36.27,89.26,1012.71,10.21,0
39.89,93.96,1003.77,13.85,1
28.98,45.82,1000.87,16.84,1
35.03,97.57,999.0,26.58,1
24.54,97.29,1005.74,3.56,0
32.23,66.98,1005.83,21.33,0
37.07,47.89,1008.18,8.63,0
31.76,89.29,1012.74,26.6,1
25.12,41.69,992.11,29.58,0
32.63,45.54,994.34,14.77,1
34.03,63.81,994.47,28.9,1
21.32,96.48,1004.54,5.78,0
37.22,92.85,998.11,15.4,1
22.63,98.58,1002.92,17.77,1
25.01,54.86,1004.73,28.09,0
34.67,45.94,993.25,25.01,1
29.15,72.35,1006.81,27.45,0
23.66,65.53,996.09,4.35,0
25.95,87.88,1009.64,20.05,0
36.6,69.06,1011.32,19.87,0
20.06,79.39,997.56,6.17,0
34.17,66.61,998.27,24.91,1
34.66,61.81,1002.7,21.39,1
28.09,63.21,993.81,9.39,0
30.19,73.45,1008.07,19.06,0
20.89,46.62,996.48,4.2,0
23.1,40.56,1007.08,20.0,0
31.92,61.68,1000.67,4.09,0
31.12,85.22,1011.69,12.43,1
28.12,95.34,993.68,15.35,1
22.81,97.13,1005.15,29.62,0
37.51,70.35,994.61,10.34,0
31.01,62.38,1019.19,15.21,0
28.28,70.35,1005.46,22.38,0
33.62,61.79,1005.81,6.73,0
26.51,58.52,1001.28,12.52,0
24.94,63.48,1018.78,22.38,0
23.81,43.87,997.6,2.75,0
22.9,99.53,1006.15,29.36,0
20.81,76.63,1018.18,27.87,0
25.65,83.05,1018.69,20.76,0
20.86,68.22,994.5,20.91,0
34.83,42.55,1001.12,4.09,0
22.2,86.31,996.67,23.52,1
35.39,52.77,1000.01,29.45,1
28.96,89.82,991.42,23.88,1
22.27,91.18,1003.7,25.51,1
32.98,97.81,990.11,24.95,1
39.16,61.19,991.48,23.93,1
35.41,60.07,1017.02,20.55,0
21.53,73.78,995.46,8.52,0
35.45,52.75,1011.91,25.25,0
33.7,92.49,1006.38,15.78,1
26.98,86.24,995.12,29.24,1
36.93,60.82,1010.89,13.46,0
28.0,83.59,1015.58,8.31,0
24.77,77.37,993.01,25.88,1
24.01,80.45,991.24,20.39,1
32.63,89.39,1015.04,25.41,1
36.97,67.98,1005.26,21.38,0
30.98,64.75,994.49,19.86,1
29.07,42.28,1002.78,24.12,1
35.14,45.76,1017.76,12.13,0
28.18,52.05,1013.35,9.62,0
32.2,85.38,1008.63,8.99,0
37.8,52.23,1012.86,12.85,0
29.46,87.46,1000.33,6.39,1
21.92,46.88,1002.07,8.05,0
36.43,56.28,1016.61,26.03,0
22.61,93.26,1014.65,2.93,0
22.35,82.81,1000.64,4.65,0
21.75,62.38,1002.57,13.48,0
33.92,91.47,1005.71,2.57,0
24.46,75.84,1002.84,5.31,0
27.8,52.31,1008.56,22.91,0
24.95,65.41,1010.71,12.01,0
22.09,54.07,1003.04,25.71,0
37.13,96.05,1001.38,11.04,1
31.83,97.76,1002.41,23.65,1
35.16,65.56,1005.35,21.76,0
39.79,60.37,1016.46,5.48,0
38.72,77.3,1000.7,12.02,1
20.38,90.09,1012.57,22.6,0
25.36,67.31,1007.52,6.82,0
33.83,59.71,1005.62,19.0,0
22.64,52.73,1002.15,8.07,0
39.47,90.87,991.59,26.72,1
39.56,81.77,1013.59,5.72,0
21.62,67.98,1000.78,28.8,0
22.96,86.76,1010.54,19.66,0
33.77,51.71,1010.55,14.3,0
39.0,50.76,1006.35,5.94,0
32.24,49.9,998.34,24.97,1
40.0,77.68,1012.73,20.85,1
34.2,62.04,997.23,10.19,0
39.66,62.18,1006.05,6.31,0
22.48,67.69,1007.1,20.7,0
24.18,49.52,1006.75,27.38,0
34.45,91.2,1000.18,5.89,1
33.41,67.48,995.47,3.27,0
33.91,40.7,1013.52,7.1,0
25.87,78.48,997.61,12.08,1
37.21,98.02,1003.63,5.62,1
29.65,67.6,990.87,14.18,1
33.52,71.11,1005.34,27.91,0
33.45,50.73,1012.14,11.87,0
29.66,92.68,1018.66,9.42,0
25.1,61.76,1015.2,9.76,0
22.74,49.12,1000.52,12.35,0
25.81,58.76,1005.31,19.24,0
22.2,78.97,995.95,8.32,0
35.09,74.75,1006.65,5.56,0
33.06,64.82,1005.74,3.99,0
25.08,92.89,1012.59,11.97,0
24.33,79.43,1012.75,7.17,0
31.42,68.6,993.23,11.37,0
20.45,48.81,996.96,5.17,0
35.6,72.55,998.16,24.93,1
31.41,59.55,1011.35,10.56,0
34.74,49.9,1003.68,7.53,0
24.53,73.08,992.99,25.82,0
36.16,57.73,1012.06,11.4,0
24.81,61.02,995.48,20.55,0
37.17,89.81,1012.47,9.6,0
23.32,51.76,1009.14,15.69,0
22.7,99.31,1018.38,2.33,0
33.51,57.32,1006.88,12.37,0
29.3,44.89,1015.78,13.98,0
30.02,52.19,993.49,12.79,1
34.58,83.19,1003.08,4.64,1
34.95,95.45,997.25,22.08,1
33.88,96.56,1003.88,11.01,1
30.17,90.95,994.05,21.22,1
21.14,47.36,1012.92,24.77,0
22.82,78.8,1006.93,12.37,0
23.4,85.66,1008.1,8.53,0
39.93,41.71,1002.55,12.58,1
38.97,97.72,1017.76,27.22,1
20.94,66.78,1013.18,28.31,0
29.12,68.74,998.9,23.03,1
39.22,81.58,1017.95,2.12,0
38.44,52.79,1003.9,3.62,0
31.96,63.96,1007.13,29.49,0
32.23,83.46,991.38,28.22,1
37.62,82.17,1006.23,22.73,1
25.14,85.77,1000.77,7.62,0
31.3,52.86,1009.44,14.53,0
20.02,71.17,1019.31,22.65,0
28.46,83.05,1008.77,19.07,1
33.88,48.45,1002.84,20.01,1
22.66,78.4,1007.76,16.69,0
22.95,70.86,995.15,16.37,0
38.97,68.06,993.6,3.04,0
25.44,64.56,1019.77,19.59,0
33.88,80.95,1011.88,22.56,1
32.92,56.85,1012.83,3.08,0
21.37,57.02,1005.64,29.93,0
30.77,44.36,990.65,14.71,1
32.0,63.05,1007.46,10.02,0
30.98,76.89,1000.79,11.33,1
29.73,95.39,1013.52,29.53,1
33.24,53.6,1004.76,12.6,1
31.62,47.34,1002.38,22.26,1
39.48,76.21,998.21,10.35,1
23.52,91.38,1005.07,13.59,0
24.2,91.07,1018.46,5.47,0
38.0,82.56,996.62,22.0,1
23.57,54.71,1002.27,21.02,0
20.46,94.54,1012.17,2.39,0
34.21,89.38,990.19,10.98,1
39.71,66.23,992.66,24.68,1
35.78,80.3,994.31,16.97,1
39.11,98.99,1013.07,21.72,1
25.42,58.1,1016.2,5.44,0
26.94,83.45,995.1,19.37,1
28.46,51.7,1004.26,20.59,1
37.0,55.58,1000.36,24.34,1
29.54,70.66,1010.26,9.54,0
23.86,79.46,1016.0,8.9,0
39.74,87.33,997.1,19.78,1
31.9,58.18,1019.3,3.64,0
24.56,47.42,1007.03,25.64,0
33.25,98.69,1000.39,8.67,1
37.18,90.99,1000.17,19.33,1
38.07,96.0,1000.82,13.63,1
25.45,41.49,1009.49,26.22,0
24.03,70.59,996.82,16.27,0
35.44,70.7,996.14,29.49,1
39.71,79.97,1011.98,27.34,1
35.12,40.34,997.0,23.93,1
24.06,54.6,1013.96,13.44,0
24.04,77.35,999.56,18.4,1
21.97,84.22,1019.48,29.58,0
24.55,73.35,1014.36,17.09,0
30.81,67.64,996.48,29.13,1
29.21,74.63,1009.18,3.07,0
38.87,42.58,1006.35,29.81,0
39.18,75.61,992.45,13.0,1
38.31,84.36,998.01,4.22,1
34.04,87.97,1005.69,26.43,1
28.25,58.94,1001.54,10.62,0
34.99,77.46,994.11,13.99,1
23.38,43.49,1019.1,27.09,0
34.82,99.25,999.79,2.1,1
31.37,70.24,1000.34,18.47,1
36.19,44.08,1005.16,17.79,0
22.9,44.99,1016.51,15.33,0
25.83,50.95,995.58,8.95,0
36.73,79.9,1005.15,5.72,0
36.12,43.58,1018.54,3.86,0
24.04,58.58,993.99,26.43,0
34.17,68.02,1008.39,26.18,0
37.09,85.5,1018.1,14.39,1
23.58,42.0,1015.12,10.09,0
27.16,94.89,1014.43,15.66,0
37.72,47.15,1001.49,14.98,1
25.93,67.34,1013.31,22.33,0
29.17,77.63,992.74,25.23,1
34.26,61.47,1011.59,25.99,0
33.12,87.73,1019.71,3.01,0
32.52,41.76,1016.5,28.5,0
34.63,61.93,999.95,13.43,1
20.73,96.42,990.45,15.28,1
36.89,45.39,1019.19,26.76,0
27.07,55.9,998.11,23.91,0
31.73,64.86,1001.48,5.4,0
36.48,93.56,991.87,12.13,1
36.98,58.45,1008.67,12.35,0
32.51,61.61,991.38,14.3,1
30.73,85.57,1014.85,4.39,0
26.68,68.04,1016.88,16.68,0
26.11,62.02,997.29,18.13,0
27.77,80.9,992.01,18.27,1
31.99,67.66,1018.4,5.05,0
29.91,89.17,1013.2,6.6,0
31.28,40.0,994.13,20.76,1
27.92,45.59,991.8,14.08,0
29.72,92.08,991.07,7.83,1
34.76,99.69,1014.4,11.25,0
38.55,60.78,1019.64,26.48,0
30.64,84.99,1004.02,20.22,1
39.97,49.85,997.57,4.84,0
24.03,71.51,1010.8,15.9,0
37.77,68.44,1011.59,7.78,0
30.39,46.63,997.82,25.4,1
24.97,57.14,1007.56,19.72,0
27.91,59.76,1004.12,15.57,0
23.02,76.14,1017.73,4.18,0
29.47,63.43,993.89,16.94,1
20.11,97.88,1016.99,18.3,0
37.44,41.17,1015.03,7.23,0
39.42,96.01,1010.27,16.94,1
38.38,98.96,1003.81,7.44,1
20.83,61.39,993.93,4.94,0
31.17,48.68,1005.16,9.08,0
31.4,86.76,1009.14,29.9,1
38.24,40.72,1014.04,3.57,0
39.12,90.99,991.78,22.87,1
20.56,50.25,1006.79,28.72,0
32.85,92.97,993.02,6.92,1
31.19,87.8,1015.76,25.73,1
27.71,63.33,995.77,29.73,0
32.0,98.7,1010.48,14.93,1
28.6,86.94,998.17,21.4,1
31.12,59.81,990.33,10.23,0
25.22,56.14,1017.05,28.97,0
25.77,86.25,1002.64,11.87,0
38.02,62.27,1000.83,4.48,0
28.14,69.24,991.83,17.6,1
33.17,44.47,1001.17,4.66,0
32.32,70.03,1005.0,10.25,0
27.1,87.15,1009.06,29.91,0
35.58,98.77,1016.26,16.36,1
28.36,72.51,1012.2,2.97,0
22.57,70.2,992.55,13.76,0
31.77,69.59,996.15,10.27,0
37.79,76.94,1007.3,15.88,1
32.44,45.67,1007.05,4.14,0
36.93,91.87,1011.39,14.33,1
33.6,78.01,1003.72,4.64,1
36.07,93.4,1014.73,15.0,1
33.34,99.22,1000.53,15.07,1
37.25,67.53,1003.77,12.31,1
33.75,40.8,1017.71,13.84,0
21.43,57.18,1006.9,3.38,0
29.78,52.24,1003.41,6.38,0
31.11,55.48,991.14,28.05,1
26.19,66.75,1009.37,29.98,0
34.88,72.47,1004.79,17.67,1
32.97,41.82,1009.63,28.06,0
35.57,93.97,1000.63,27.7,1
28.23,96.59,1004.77,17.6,1
33.85,57.64,1018.99,10.54,0
23.53,58.49,1009.81,26.18,0
23.64,70.31,1002.5,26.21,0
28.63,89.62,1015.89,18.68,1
39.09,52.49,991.44,7.9,0
32.94,65.9,1001.89,11.85,0
35.05,86.13,1014.69,18.9,1
24.41,55.44,1012.12,7.5,0
22.7,88.68,997.2,26.79,1
29.21,99.95,1016.67,9.24,0
31.69,80.07,1013.11,19.64,1
27.48,90.11,1000.73,15.34,1
33.01,61.97,996.95,5.11,0
20.14,79.54,997.05,18.3,1
33.04,61.56,995.04,23.9,1
32.57,77.77,1013.58,20.55,1
36.05,83.79,994.01,16.96,1
30.82,70.79,997.88,14.16,1
24.74,72.12,1003.73,12.61,0
28.6,62.46,1008.89,19.64,0
38.17,86.63,1005.42,3.76,0
34.89,64.73,1016.34,28.47,0
26.86,72.73,1000.44,14.01,0
23.94,94.62,1013.97,13.54,0
20.08,57.23,1001.3,20.38,0
26.17,81.89,1016.36,28.29,0
36.45,88.81,1018.45,6.8,0
33.04,51.3,1002.03,4.97,0
21.8,67.5,1010.83,27.62,0
32.88,58.48,1004.35,9.6,0
36.2,83.16,1014.07,28.89,1
39.73,70.58,1012.95,16.09,0
22.86,71.67,1005.71,18.16,0
34.46,40.91,998.29,23.56,1
20.36,87.18,1007.26,3.01,0
23.54,51.82,1019.3,13.93,0
28.69,91.01,1006.82,7.32,0
20.47,93.01,1013.57,24.75,0
22.08,46.8,1012.79,25.78,0
28.53,41.78,994.08,18.52,1
28.95,52.98,1013.13,22.02,0
39.39,64.8,1014.56,9.45,0
25.72,51.59,1017.43,8.63,0
21.8,99.94,991.52,16.75,1
34.81,73.94,1019.89,24.66,0
36.12,70.42,995.5,3.85,0
34.69,43.79,1012.94,2.49,0
20.39,62.26,1008.38,14.52,0
39.21,66.32,1018.63,17.34,0
30.2,93.06,998.04,29.82,1
38.43,95.79,1016.56,10.83,0
21.87,43.58,1005.32,3.03,0
25.41,99.08,992.8,4.53,0
36.67,58.95,1006.35,20.09,0
35.32,64.21,994.79,5.97,0
26.51,51.99,998.77,29.33,0
39.46,81.57,1008.39,2.92,0
21.43,41.65,997.64,25.89,0
30.63,44.97,1011.1,28.4,0
30.62,86.59,995.39,26.12,1
39.65,70.25,1002.49,22.07,1
20.46,85.13,1019.78,4.37,0
28.75,52.88,1004.88,24.88,1
25.48,89.01,1006.97,28.72,0
37.62,53.95,995.45,4.18,0
28.55,52.52,1007.31,7.07,0
28.69,59.11,1004.85,15.55,1
24.34,90.14,1011.76,27.3,0
28.24,47.24,991.38,19.51,1
22.22,61.5,1017.88,20.68,0
38.22,52.45,1016.04,14.65,0
37.03,97.22,1017.46,10.77,0
27.22,79.07,1004.27,16.71,1
29.5,86.83,1004.95,20.51,1
23.3,97.7,1011.12,27.11,0
23.5,61.8,997.86,4.8,0
26.83,86.37,996.09,28.58,1
30.13,93.14,992.39,5.48,1
39.16,60.14,995.02,23.12,1
36.26,79.8,1010.43,9.71,0
31.81,68.34,1017.0,3.95,0
28.06,78.87,993.59,8.48,1
38.7,72.74,998.84,14.99,1
34.32,59.94,996.38,7.2,0
37.35,73.44,1014.04,14.32,0
38.26,61.74,1006.92,20.74,0
26.2,85.13,994.16,14.96,1
28.51,75.59,1009.53,6.05,0
33.18,88.76,991.76,28.11,1
21.53,45.05,1010.14,25.25,0
38.51,63.58,996.77,4.44,0
24.37,66.26,1010.84,6.06,0
24.44,68.63,1004.54,2.25,0
22.74,85.72,1017.84,10.39,0
33.71,96.2,999.67,22.6,1
22.79,84.19,1016.8,3.29,0
23.27,50.0,1010.17,28.68,0
29.33,83.78,1013.67,20.0,1
39.47,54.07,1007.97,10.34,0
28.4,96.95,999.46,4.26,1
22.09,80.8,1013.8,8.46,0
23.38,84.76,1017.26,10.99,0
21.96,57.24,1017.53,17.84,0
37.03,72.48,1003.69,9.24,0
24.18,47.47,1001.8,7.19,0
23.51,46.06,1004.43,4.63,0
32.87,54.67,1017.52,24.46,0
22.65,59.51,992.7,17.68,0
29.94,59.92,999.02,10.8,0
28.13,45.72,1015.17,10.95,0
39.36,93.36,1012.04,2.21,0
38.98,49.8,1002.35,9.27,0
39.95,64.56,990.15,21.46,1
29.83,76.12,1004.35,12.02,1
27.84,76.83,1012.26,15.11,0
27.94,99.53,997.2,26.27,1
21.62,70.03,996.36,19.19,0
35.71,52.92,993.18,14.58,1
39.37,90.34,1009.49,18.04,1
31.03,47.61,995.32,28.84,1
31.62,57.0,991.29,3.34,0
34.96,96.79,1005.55,27.46,1
24.2,74.57,1001.95,25.08,0
33.61,87.42,998.42,8.31,1
23.96,97.26,993.26,15.19,1
33.1,66.34,1001.43,19.48,1
28.65,47.27,1001.5,20.79,1
24.9,81.35,991.42,19.16,1
26.96,44.01,1013.61,5.05,0
26.11,83.94,1006.94,26.19,0
35.5,65.67,1000.24,16.56,1
27.83,61.19,999.61,16.86,0
33.87,61.76,998.27,25.93,1
29.12,50.14,1017.65,20.11,0
34.61,42.63,1002.59,9.07,0
34.4,54.17,1002.61,15.81,1
22.97,65.96,1000.1,14.75,0
37.31,74.66,1010.04,4.7,0
21.73,63.29,1006.97,6.88,0
25.4,78.18,1001.12,5.58,0
26.65,57.51,994.5,5.49,0
27.44,46.05,1011.0,26.34,0
26.17,48.1,1004.85,8.19,0
36.11,60.23,991.41,20.22,1
21.36,95.98,1004.27,15.59,1
32.26,58.0,1000.1,12.92,1
27.93,74.32,1007.67,14.68,0
30.24,76.78,1013.98,15.57,1
24.34,70.77,1018.18,13.76,0
32.77,58.01,1008.68,12.03,0
29.04,65.13,990.24,14.06,1
23.36,52.27,1001.02,10.81,0
31.02,40.65,999.17,24.11,1
27.22,44.2,1008.0,2.4,0
28.74,50.4,991.84,20.28,1
31.26,62.7,1014.78,24.54,0
30.21,82.52,1005.96,6.02,0
25.77,63.02,1001.1,2.62,0
23.82,92.65,1004.63,11.25,0
32.28,60.87,1007.41,17.26,0
23.27,80.22,994.31,4.06,0
34.35,91.71,991.58,4.7,1
38.43,95.39,1011.78,3.61,0
25.29,48.12,998.34,4.43,0
27.95,78.37,1019.63,12.23,0
37.78,74.31,992.13,28.07,1
32.36,52.62,1016.75,5.97,0
37.91,50.97,1005.71,17.7,0
20.4,79.37,1015.54,14.7,0
25.84,61.31,1012.04,3.18,0
32.1,85.91,1005.58,27.98,1
38.35,95.11,1010.33,4.91,0
39.42,97.49,1017.24,3.49,0
27.93,50.89,998.23,13.81,0
39.63,41.7,997.55,27.47,1
34.5,64.82,1002.77,21.31,1
33.26,66.57,993.86,18.92,1
29.45,58.88,1019.13,25.09,0
21.44,46.07,991.25,12.03,0
20.78,60.41,997.24,14.85,0
32.44,79.71,994.32,16.55,1
30.55,98.45,1011.1,7.04,0
39.64,97.06,1005.56,29.61,1
33.02,47.93,1016.23,20.51,0
34.35,82.25,1015.73,23.09,1
28.42,44.1,997.09,25.97,1
28.61,84.22,1002.83,29.42,1
37.46,66.01,999.91,8.3,0
32.86,81.05,1012.57,13.99,1
28.94,50.77,1010.6,17.8,0
27.28,93.43,1011.99,6.67,0
37.2,57.86,1017.34,25.91,0
29.6,57.54,994.13,17.09,1
24.57,67.14,994.49,27.98,0
35.74,59.3,1005.16,15.73,0
30.36,72.28,997.7,13.89,1
29.1,58.86,1014.19,26.57,0
22.41,97.2,1004.32,13.37,1
27.68,62.96,1012.91,20.09,0
34.63,64.18,1000.41,14.46,1
29.11,72.63,1017.16,27.91,0
21.46,56.68,997.99,12.81,0
26.24,95.47,997.28,12.97,1
30.42,63.08,1015.55,11.46,0
26.93,74.64,1011.66,18.44,0
34.93,86.08,998.3,14.54,1
28.96,66.49,990.45,17.95,1
22.74,70.49,1006.89,3.46,0
37.54,54.55,1012.39,28.86,0
23.27,90.21,1019.35,25.9,0
29.07,42.11,1016.25,21.79,0
39.32,92.46,995.0,7.35,1
33.26,85.32,1008.1,2.18,0
32.52,54.9,996.14,11.65,0
35.62,42.86,1007.23,19.09,0
37.97,40.17,992.64,8.8,0
30.35,59.23,990.75,22.41,1
23.29,80.56,1016.65,29.35,0
33.36,51.68,1002.65,6.15,0
22.32,91.3,1004.61,5.4,0
33.5,58.21,1013.36,27.36,0
30.5,94.88,1008.71,22.39,1
37.56,87.33,991.79,10.07,1
27.76,83.62,1005.09,22.46,0
21.38,69.9,1002.16,5.65,0
33.88,50.62,1012.81,16.4,0
21.86,78.23,1013.08,26.53,0
21.85,51.68,1018.01,24.79,0
21.87,71.97,1010.04,24.88,0
26.06,50.35,1008.83,21.65,0
32.34,98.66,1000.74,13.67,1
28.74,49.25,990.88,23.78,1
32.9,44.46,999.34,9.2,0
27.74,59.16,996.49,9.18,0
21.4,88.38,1011.6,3.75,0
24.91,74.14,999.25,17.34,0
32.14,68.42,1001.82,19.66,1
20.25,59.02,1019.02,28.0,0
32.09,73.85,1006.15,29.44,0
37.85,74.81,995.31,5.26,0
27.58,74.95,1008.02,26.91,0
36.75,69.17,1010.18,28.32,0
20.42,60.55,1012.85,12.61,0
25.42,50.13,992.95,12.89,0
33.07,54.19,1010.06,6.34,0
36.75,50.89,1004.48,29.08,1
32.26,40.53,1019.7,26.72,0
29.82,58.71,1007.71,20.22,0
37.81,53.26,1009.63,21.69,0
22.65,53.6,1003.92,11.8,0
24.51,51.71,1007.44,7.96,0
20.56,65.62,1016.56,6.27,0
36.94,69.21,1004.67,13.26,1
37.95,88.62,1000.62,28.49,1
36.4,95.97,1009.4,11.72,0
27.65,97.81,1012.53,21.58,0
23.01,73.9,1014.22,22.82,0
39.4,61.32,1015.6,14.11,0
32.06,43.2,1016.47,25.95,0
33.67,82.31,1004.09,22.42,1
31.55,70.32,1015.24,5.2,0
35.2,55.9,994.03,15.9,1
38.42,96.37,991.78,5.76,1
20.04,61.02,1003.65,28.94,0
24.63,89.45,1004.41,28.8,1
22.86,84.73,1013.91,7.93,0
24.13,96.34,1007.47,25.21,0
22.07,67.3,1003.61,23.52,0
37.98,54.45,1002.99,20.62,1
39.97,63.34,1006.58,13.91,0
27.64,48.9,993.94,22.37,0
31.19,48.66,1013.21,18.49,0
39.98,98.09,1016.25,26.74,1
21.61,91.49,999.86,24.36,1
22.08,68.6,1010.18,11.42,0
27.95,53.76,1014.09,11.68,0
22.61,79.96,1008.88,12.35,0
31.55,67.74,1014.66,14.03,0
27.75,65.46,1011.03,21.11,0
35.69,46.23,1000.44,7.62,0
39.54,54.35,1012.61,17.21,0
27.55,69.51,1000.28,27.93,0
23.12,45.36,1004.53,2.58,0
28.72,72.16,1016.39,17.32,0
32.46,50.36,1018.74,16.22,0
23.05,87.63,1003.55,18.1,1
37.56,65.19,999.27,20.34,1
35.04,52.88,1002.87,18.2,1
24.39,56.86,995.75,11.35,0
20.74,78.1,1019.46,23.84,0
24.03,69.86,1000.14,19.37,0
34.61,43.63,1011.98,14.16,0
37.44,71.29,993.07,7.42,0
28.85,49.72,992.83,23.02,1
30.6,47.63,1019.65,13.98,0
37.77,68.58,1000.88,15.41,1
32.23,49.12,990.28,2.86,0
25.65,84.5,1007.76,13.87,0
32.55,61.77,1006.17,16.7,0
31.39,99.39,996.74,14.4,1
29.39,69.19,1016.98,25.49,0
29.98,94.25,1007.13,8.45,0
38.55,75.55,992.74,22.76,1
27.71,50.82,998.01,27.96,0
32.27,59.22,1017.89,2.07,0
20.11,48.51,1001.82,23.53,0
29.66,91.85,994.18,11.81,1
21.88,93.68,1019.84,2.42,0
25.19,44.2,999.94,27.47,0
33.53,76.45,1001.58,8.55,1
39.8,57.41,1005.86,26.37,0
33.6,52.45,1011.53,27.12,0
34.6,54.82,993.02,29.2,1
39.18,82.82,1011.43,11.88,0
22.72,88.23,996.32,15.12,1
26.75,91.18,1005.1,21.37,0
24.6,89.53,1003.89,16.02,1
29.51,47.59,1002.82,28.43,1
30.52,73.12,1003.55,14.23,1
30.44,55.81,1015.74,20.07,0
30.6,50.66,1007.3,22.69,0
25.58,48.95,994.59,24.58,0
26.23,41.98,1012.05,12.35,0
36.91,68.03,1007.97,9.11,0
33.77,87.75,991.45,17.62,1
28.3,78.48,1008.16,27.05,1
37.92,78.15,990.46,27.03,1
37.27,57.23,1000.92,27.34,1
24.62,76.95,1004.88,16.5,1
20.11,85.82,997.59,12.03,1
21.02,64.84,991.49,15.41,0
20.8,71.08,998.25,9.74,0
32.81,62.14,1012.69,6.74,0
25.92,79.83,1018.38,5.92,0
39.56,46.65,1019.48,9.55,0
26.47,41.33,992.08,25.69,0
35.1,74.77,1011.88,3.07,0
26.04,96.89,1007.4,20.91,0
30.54,91.42,1019.01,29.25,1
22.93,89.9,1012.52,12.18,0
34.43,64.43,1016.7,28.45,0
34.18,69.47,999.6,18.58,1
30.82,58.06,993.81,18.12,1
36.5,76.49,1015.73,16.0,1
28.92,47.17,996.72,28.92,1
26.85,81.28,1015.59,19.01,0
34.33,60.77,1014.16,4.72,0
32.51,71.12,1008.18,22.76,0
31.67,84.64,1003.62,2.78,1
23.48,62.65,990.91,5.46,0
37.22,91.46,1000.12,18.68,1
26.84,58.53,1015.53,2.36,0
28.57,73.85,1015.03,3.7,0
20.51,60.64,1019.7,16.49,0
38.48,43.16,1015.69,5.72,0
25.97,97.84,1013.1,10.97,0
27.01,65.39,1006.19,11.38,0
25.42,58.44,999.1,17.74,0
23.06,59.54,1019.22,25.26,0
37.18,53.24,999.29,8.16,0
22.92,54.85,1012.97,18.38,0
32.8,40.46,991.29,9.04,0
32.03,42.76,999.73,20.06,1
28.13,68.59,1011.02,15.21,0
20.93,88.99,991.41,4.89,0
24.29,54.69,998.11,12.17,0
27.36,77.51,1016.49,18.34,0
38.04,72.87,1013.76,2.08,0
22.06,89.1,1002.81,27.24,1
36.16,70.47,992.99,21.65,1
36.31,61.35,1001.43,27.04,1
22.26,58.4,992.68,26.84,0
24.76,87.41,996.09,8.0,0
38.61,97.21,991.22,19.61,1
23.12,58.74,1009.35,19.65,0
31.72,86.7,998.8,5.14,1
27.3,96.53,1012.09,17.13,0
36.77,81.05,1014.74,25.81,1
32.58,96.67,993.19,18.81,1
23.62,77.14,1002.09,3.44,0
36.34,43.26,994.13,6.57,0
30.59,76.78,1001.45,6.43,1
39.39,66.31,999.15,11.23,0
27.49,82.83,1019.79,22.93,0
38.27,69.04,997.84,14.99,1
24.87,73.43,1009.54,18.64,0
24.25,72.72,1009.74,26.39,0
36.28,46.65,1000.65,18.6,1
22.21,80.71,992.81,22.89,1
32.9,82.81,990.96,24.69,1
28.44,45.9,990.74,2.57,0
39.52,72.97,1002.74,24.99,1
28.21,87.84,1018.56,17.98,1
32.26,80.82,994.5,26.13,1
31.91,60.93,1011.65,8.92,0
20.32,60.37,1010.97,5.14,0
23.7,78.73,1001.07,25.36,1
37.04,79.46,995.63,10.36,1
35.81,99.75,992.84,23.72,1
26.85,41.02,1009.2,26.89,0
34.5,56.93,990.89,27.94,1
20.26,74.3,1006.01,14.28,0
24.3,90.29,996.2,28.72,1
37.77,60.98,1017.88,18.33,0
37.51,96.79,1017.9,2.54,0
25.22,57.95,998.95,18.11,0
39.89,75.72,1018.76,29.71,1
34.27,97.08,1016.25,18.63,1
35.44,76.87,1019.41,10.78,0
24.95,60.82,995.78,26.59,0
34.54,90.99,1005.44,9.21,0
37.25,97.1,1003.2,8.08,1
29.37,47.85,1015.37,4.62,0
28.33,59.56,997.68,2.98,0
35.1,87.89,991.08,4.04,1
35.28,90.29,992.55,6.8,1
26.25,85.96,1019.7,16.79,0
24.78,60.4,998.86,14.79,0
28.23,79.16,994.66,4.48,1
21.45,40.68,993.53,7.93,0
31.4,44.75,1010.95,19.4,0
27.09,94.85,998.38,21.74,1
32.98,64.71,1019.6,27.87,0
32.62,50.26,1015.57,14.08,0
34.86,64.76,1009.59,4.58,0
39.45,40.18,1017.5,16.78,0
21.22,67.91,1004.46,15.69,0
25.09,91.08,1018.96,4.25,0
26.36,47.17,1018.8,17.26,0
26.02,41.19,1018.53,29.56,0
37.65,89.95,996.83,23.59,1
30.49,89.78,1019.37,25.55,1
36.2,88.86,1010.27,25.79,1
37.96,76.62,1013.39,21.07,1
28.44,56.89,1012.31,20.22,0
20.65,65.21,1003.59,25.73,0
39.92,51.66,1007.29,2.72,0
32.5,72.38,1007.62,28.71,0
34.0,57.51,1017.02,24.11,0
28.21,98.09,1004.73,10.5,1
21.03,93.27,1011.02,17.59,0
23.06,64.38,1000.23,8.5,0
28.75,81.36,1017.91,21.35,1
30.91,93.06,1007.65,29.42,1
39.94,78.63,1013.49,26.25,1
30.18,66.87,994.74,9.88,0
32.37,46.02,1011.84,17.33,0
37.61,76.8,1017.48,5.01,0
37.97,95.49,991.31,16.28,1
25.72,77.25,1000.46,20.96,1
20.88,86.97,1018.69,6.11,0
32.88,46.11,1012.33,14.63,0
32.7,61.28,1008.16,10.02,0
30.42,76.69,1011.81,23.8,1
31.68,73.7,1016.28,9.05,0
39.79,57.17,991.43,19.6,1
22.32,87.04,1004.07,29.34,1
23.39,54.25,999.63,26.5,0
34.99,64.23,999.65,21.43,1
37.4,89.6,1006.11,2.67,0
38.39,90.17,1006.96,12.89,1
29.42,73.55,1010.21,18.2,0
34.03,47.45,1010.17,13.08,0
20.18,61.64,1006.26,22.23,0
33.9,41.1,1010.07,8.65,0
25.39,47.05,1015.13,21.6,0
28.64,69.8,1015.03,16.79,0
23.0,79.14,998.08,17.42,1
38.87,98.75,1010.1,24.46,1
30.91,42.35,1016.19,3.93,0
24.39,56.29,990.21,25.74,0
24.63,97.33,990.84,18.89,1
20.94,58.13,1017.3,18.62,0
27.84,89.21,1016.78,11.88,0
29.39,53.0,992.56,17.78,1
28.14,96.4,998.03,4.81,1
34.41,61.7,1008.5,26.94,0
27.73,81.92,1018.05,9.63,0
22.77,71.1,997.19,3.91,0
22.96,85.58,1009.17,26.32,0
36.4,79.92,992.35,21.43,1
32.14,95.01,1004.82,19.87,1
26.2,86.11,1002.73,6.34,0
20.5,99.38,994.46,5.71,0
37.8,74.77,1000.2,2.87,0
34.09,74.96,1009.78,23.76,0
35.58,41.48,1011.61,16.78,0
38.78,60.79,1006.77,6.73,0
31.63,58.85,1004.17,26.34,1
20.76,53.75,1003.59,17.89,0
20.0,92.11,1009.53,27.45,0
21.82,82.47,1018.32,23.66,0
22.5,76.11,1012.37,7.22,0
22.73,84.99,1015.82,26.07,0
29.74,59.47,1018.96,29.12,0
37.8,66.2,990.95,29.34,1
24.98,52.83,1010.1,19.53,0
36.32,71.96,1015.24,8.29,0
23.11,42.26,998.14,18.03,0
35.31,62.21,1011.32,19.76,0
33.88,88.24,990.03,13.94,1
30.79,83.26,1017.27,10.05,0
37.62,59.81,1002.83,12.39,1
29.08,55.0,1003.32,25.63,1
38.04,84.87,1008.15,19.79,1
36.42,79.56,1004.26,13.02,1
26.36,92.34,1019.36,29.46,0
38.91,66.57,1003.95,26.94,1
32.8,76.82,1015.22,11.06,0
28.41,99.0,1006.87,27.01,1
25.43,55.04,1015.62,20.72,0
27.03,63.11,1015.31,16.08,0
30.59,69.49,1012.23,24.33,0
21.85,83.88,998.0,10.29,0
38.27,89.61,1008.6,13.94,1
31.97,51.93,991.19,5.0,0
34.4,68.2,1015.79,5.89,0
29.08,48.88,1008.11,28.49,0
39.08,83.63,1004.58,27.18,1
29.08,60.21,994.41,25.38,1
37.97,93.13,1011.46,18.71,1
29.93,53.23,1013.13,7.96,0
27.04,53.64,1009.27,26.12,0
21.27,59.53,1010.74,8.71,0
26.19,44.38,1019.18,19.17,0
20.19,91.66,1000.56,17.85,1
37.83,42.76,1003.57,3.26,0
35.73,79.54,995.09,11.24,1
32.65,64.36,1014.33,2.22,0
39.18,72.37,991.08,25.45,1
36.26,96.69,1006.29,22.54,1
25.49,73.04,991.2,26.77,0
24.69,58.7,992.49,8.79,0
25.96,55.5,996.02,25.62,0
20.67,70.92,996.8,28.31,0
39.65,65.25,1010.37,2.8,0
26.22,53.79,1017.28,22.32,0
36.67,97.22,1015.0,11.63,0
33.02,72.76,1018.29,2.57,0
22.97,64.92,1001.22,8.27,0
37.69,76.58,998.05,28.92,1
34.16,74.53,1005.86,4.82,0
30.77,48.25,999.01,2.14,0
30.68,81.02,998.64,9.4,1
31.28,40.65,1017.53,24.74,0
25.2,85.81,995.6,24.5,1
25.56,64.12,1005.02,29.6,0
38.75,81.51,994.58,14.89,1
20.47,80.27,1019.36,3.46,0
26.11,86.23,1006.03,16.7,0
30.86,99.59,1001.06,7.86,1
39.4,79.87,1003.57,4.79,1
36.68,76.04,1007.79,17.49,1
27.7,86.08,1005.35,21.96,0
38.5,90.96,995.33,23.61,1
31.45,99.61,1012.79,13.96,1
33.93,79.57,1008.32,17.68,1
23.71,64.36,1008.76,18.75,0
32.44,88.18,1014.17,5.04,0
28.42,56.38,994.59,19.6,1
21.59,53.06,990.83,8.32,0
24.0,69.27,998.07,14.6,0
27.96,94.73,1016.5,24.13,0
34.9,59.86,1000.56,20.87,1
23.54,56.42,1014.15,15.61,0
22.3,68.53,1009.59,23.85,0
21.51,62.71,997.42,9.14,0
26.6,68.82,1009.04,17.02,0
27.24,60.86,1016.8,29.34,0
27.09,45.96,1000.12,4.99,0
23.45,70.51,991.0,4.22,0
30.41,82.84,1010.59,29.08,1
37.61,90.54,993.77,20.74,1
29.07,46.77,1014.53,16.24,0
34.67,55.66,995.85,29.87,1
36.54,56.42,1010.67,10.16,0
21.55,47.67,1009.83,17.47,0
37.31,79.42,1003.25,29.53,1
38.05,83.93,1018.64,20.87,1
38.93,48.76,1001.52,27.08,1
31.21,53.5,1001.0,5.58,0
22.5,68.18,1014.44,13.87,0
39.99,67.89,1009.15,6.38,0
38.73,46.68,996.77,4.59,0
32.05,86.66,996.45,28.27,1
35.05,92.21,1018.7,5.79,0
39.74,62.06,1019.28,25.05,0
21.6,74.28,1010.17,6.68,0
35.71,41.13,994.96,25.48,1
38.94,69.45,1011.88,14.88,0
26.86,60.07,998.36,27.23,0
32.39,96.26,1004.78,8.22,1
27.16,41.45,1001.12,4.69,0
22.2,58.29,1002.49,25.25,0
39.49,56.03,1004.07,19.95,1
24.79,67.85,1000.8,6.01,0
33.32,62.09,1006.27,3.8,0
20.31,62.21,992.66,11.53,0
39.17,65.6,1003.57,20.64,1
23.3,97.76,1013.38,13.15,0
21.19,95.55,1009.49,18.97,0
37.3,81.34,1006.75,23.05,1
37.2,74.78,990.93,22.6,1
26.27,43.37,1006.48,26.7,0
25.72,62.44,1003.71,17.87,0
24.12,79.3,1019.21,11.36,0
28.27,46.43,1016.31,25.97,0
36.77,95.28,1005.38,5.79,0
27.6,59.7,1008.85,18.19,0
28.63,73.92,1002.06,27.8,1
38.38,94.6,1018.87,5.96,0
39.02,64.1,1014.08,11.03,0
38.92,71.56,1000.74,29.78,1
20.08,70.61,1019.98,16.5,0
30.31,85.99,1006.53,26.58,1
31.12,97.52,1003.43,15.72,1
30.86,50.74,1009.47,11.42,0
32.81,81.76,1016.27,22.32,1
26.26,82.32,1005.24,12.4,0
21.54,95.89,991.44,19.51,1
37.99,47.79,1000.4,3.85,0
38.33,91.16,1010.26,13.82,1
23.58,53.74,994.56,25.46,0
20.34,90.02,1019.18,14.0,0
34.89,85.59,999.81,14.08,1
30.09,91.3,1003.34,20.47,1
20.61,94.48,993.71,2.68,0
28.65,46.96,996.63,14.53,1
26.32,80.71,999.2,15.68,1
36.95,54.14,1009.31,29.39,0
36.0,86.83,994.91,17.01,1
30.78,98.23,1014.61,22.56,1
22.22,63.8,1009.36,3.5,0
22.15,87.44,1002.24,22.82,1
31.31,97.01,1005.93,9.11,0
36.29,76.66,1019.91,4.73,0
31.31,58.93,1016.63,12.54,0
20.33,67.24,1003.92,18.82,0
25.72,80.38,1007.33,21.25,0
21.46,54.96,1012.0,3.82,0
25.41,46.78,996.88,24.49,0
26.73,83.96,992.88,18.91,1
22.42,99.72,1000.54,11.51,0
25.18,54.47,1015.92,24.37,0
36.96,89.15,1015.18,28.69,1
30.9,46.97,1005.19,20.19,0
34.78,40.72,1006.03,19.72,0
29.68,42.47,1005.9,15.54,0
20.42,96.53,1007.12,11.23,0
25.17,53.07,996.46,17.26,0
31.07,68.08,995.17,9.0,0
27.11,70.96,1012.45,13.91,0
23.14,65.89,993.54,23.48,0
36.63,65.16,1016.75,10.11,0
21.14,86.44,992.71,9.66,0
32.73,65.79,1010.29,5.11,0
33.94,98.98,1012.33,6.55,0
34.85,54.88,1007.43,28.28,0
21.15,68.8,996.29,19.78,0
38.04,80.13,1001.09,18.38,1
24.25,68.25,1002.94,26.74,0
34.57,43.01,995.38,17.93,1
28.56,80.5,1015.66,10.54,0
33.17,84.49,1014.41,27.17,1
24.92,66.19,997.68,26.51,0
33.1,48.63,1005.19,16.46,0
20.99,70.03,1019.95,29.11,0
32.12,58.67,1013.83,12.46,0
20.12,99.94,1016.51,20.08,0
27.99,96.48,1018.95,3.1,0
26.49,40.15,1016.46,11.24,0
36.73,52.37,1006.76,15.85,0
36.19,48.85,1005.01,17.49,0
26.12,66.03,996.67,22.33,0
25.79,54.4,992.55,12.9,0
38.71,80.27,993.16,20.29,1
39.28,75.49,1016.51,3.77,0
33.21,53.61,1013.16,9.61,0
29.54,59.68,1000.21,3.9,0
33.23,66.14,1015.56,15.39,0
29.09,61.15,1000.24,18.49,1
36.56,78.08,991.2,29.31,1
21.47,79.71,991.32,24.15,1
34.84,54.54,1017.45,15.98,0
22.7,92.96,1000.01,14.78,1
36.83,62.89,1006.16,25.36,0
34.7,77.79,1003.66,19.76,1
32.54,90.41,995.76,20.05,1
32.93,81.79,996.32,28.5,1
20.2,53.08,1018.93,17.57,0
23.44,49.33,1004.49,8.63,0
22.19,83.06,1016.81,28.35,0
30.1,49.28,1013.39,25.06,0
32.91,77.42,996.27,29.99,1
27.55,42.26,1008.79,22.19,0
31.79,88.31,1011.34,15.74,1
29.87,67.52,992.62,4.86,0
36.1,52.21,1016.32,8.41,0
32.98,88.46,1010.61,20.48,1
28.32,49.84,1017.91,7.63,0
29.22,87.18,991.6,28.38,1
37.28,66.61,992.34,12.09,1
21.75,59.81,993.38,14.6,0
24.83,49.0,993.26,9.73,0
32.74,97.0,1002.74,5.86,1
37.06,50.2,997.66,11.02,0
27.39,45.07,1008.77,17.22,0
30.39,80.56,996.46,22.07,1
28.67,78.17,995.32,17.66,1
20.94,99.6,998.86,14.68,1
36.07,41.47,992.43,23.05,1
31.14,58.1,1018.53,9.65,0
22.11,62.67,997.9,24.38,0
36.77,67.5,1005.25,4.97,0
34.55,98.9,1019.35,16.76,1
20.61,69.29,999.5,23.15,0
34.06,96.09,1009.26,20.36,1
23.03,72.63,1004.43,15.35,0
35.99,70.4,990.68,29.54,1
35.8,73.05,992.96,13.06,1
25.49,69.81,1004.47,16.35,0
35.48,41.2,1019.69,23.8,0
21.63,58.65,999.9,5.61,0
27.89,67.62,1018.38,11.59,0
32.83,92.36,1004.29,14.98,1
30.09,72.09,1008.97,20.08,0
25.48,51.21,997.35,19.18,0
20.53,59.7,990.69,13.86,0
25.54,72.65,1000.62,13.67,0
32.74,97.9,1002.29,8.22,1
26.77,73.37,1009.38,5.57,0
24.53,98.12,1013.99,28.03,0
21.61,68.78,1015.25,9.46,0
29.17,92.0,990.57,5.2,1
20.37,51.69,1009.29,11.98,0
35.06,56.24,1011.93,23.43,0
37.24,75.37,991.74,5.92,1
35.96,41.18,1016.61,5.92,0
37.48,61.42,996.26,14.58,1
28.22,42.46,1014.77,11.28,0
24.82,84.67,1010.09,2.35,0
22.2,84.63,997.26,27.74,1
27.06,53.02,1012.34,26.37,0
37.04,60.1,995.99,29.0,1
28.21,46.38,1017.27,22.83,0
34.95,40.68,1015.2,24.02,0
39.69,69.08,1012.37,22.12,0
22.24,85.63,997.87,27.35,1
39.74,48.45,1009.83,24.34,0
25.5,49.33,1010.4,5.74,0
23.73,97.5,995.78,11.87,0
30.22,94.57,1004.89,27.2,1
27.46,98.12,995.6,27.54,1
20.79,69.39,1015.6,24.94,0
26.48,68.94,996.95,12.68,0
32.17,53.37,997.54,13.69,1
38.14,41.26,994.41,26.34,1
31.35,40.81,1012.11,22.8,0
21.71,76.26,995.74,2.27,0
34.48,69.23,1000.69,5.41,0
33.82,83.04,1004.56,22.87,1
37.54,61.71,1014.23,9.14,0
23.15,93.73,990.18,29.64,1
24.36,96.0,1011.0,19.9,0
31.09,79.73,1003.13,6.1,1
24.77,42.8,1012.68,4.06,0
22.77,58.52,997.13,8.47,0
31.51,41.09,1014.43,4.73,0
30.11,45.41,1013.51,11.1,0
30.09,53.94,1009.09,18.98,0
32.58,57.87,1003.29,24.77,1
35.97,80.55,1012.92,28.69,1
23.8,96.31,1017.68,16.04,0
31.37,81.51,1000.08,12.54,1
30.52,83.28,1010.34,22.64,1
33.81,51.91,994.12,18.05,1
36.04,66.53,1011.65,26.04,0
25.76,40.97,1012.58,13.89,0
25.73,83.55,1003.7,29.98,1
33.34,70.98,994.65,29.68,1
28.89,89.39,1017.51,22.1,1
36.92,80.47,1000.19,28.66,1
24.54,64.33,1000.79,8.82,0
22.65,83.14,1008.77,20.61,0
20.0,96.41,1003.44,25.56,1
31.7,86.22,1002.28,5.66,1
23.84,45.49,1007.47,13.39,0
39.11,69.51,1017.02,25.22,0
22.45,42.85,991.0,16.57,0
34.79,88.92,996.45,20.94,1
31.76,89.18,997.79,8.21,1
20.04,52.56,1019.23,20.7,0
34.12,56.52,1003.24,24.34,1
36.43,99.13,998.07,19.58,1
31.32,80.63,1004.95,14.56,1
30.04,99.5,1003.54,10.63,1
29.15,77.95,1008.17,4.75,0
33.91,98.77,1016.15,15.61,1
22.06,76.21,993.09,6.74,0
34.25,46.55,1002.79,14.08,1
28.85,87.94,998.89,5.87,1
21.7,44.08,1017.53,27.63,0
37.64,85.42,992.33,29.88,1
37.0,59.56,998.84,17.22,1
29.2,89.99,992.53,16.86,1
35.68,54.95,990.37,6.71,0
26.78,92.31,1015.94,29.13,0
34.86,78.18,1016.91,7.85,0
34.91,72.4,1015.52,21.44,0
20.37,41.01,1016.16,6.72,0
37.58,75.31,1017.23,6.29,0
34.04,52.41,1008.89,22.8,0
23.22,88.8,1010.0,19.93,0
23.42,44.45,1002.79,5.05,0
37.98,52.5,1014.67,17.19,0
39.42,72.71,997.44,12.08,1
23.24,68.79,1017.75,29.56,0
24.25,87.24,1001.98,21.51,1
34.07,43.75,1004.56,18.97,1
39.5,75.42,1001.8,4.29,1
31.0,45.3,1019.45,23.91,0
33.67,92.78,994.8,4.57,1
27.47,52.1,995.33,14.37,0
31.06,61.03,1015.36,8.16,0
36.84,73.71,1002.63,24.93,1
21.28,85.73,997.98,11.23,0
27.96,65.08,1003.7,13.82,0
39.73,85.01,991.64,28.67,1
34.4,57.04,992.55,18.88,1
20.81,44.3,1008.02,23.5,0
35.35,66.32,1017.61,12.1,0
38.3,99.76,1015.95,28.59,1
21.6,97.74,1013.07,17.08,0
26.26,84.29,1005.53,29.11,0
26.98,82.33,1003.87,10.37,0
38.53,79.96,1011.53,3.1,0
27.14,80.4,1013.09,6.54,0
21.89,77.32,997.42,7.79,0
38.47,75.29,1011.92,6.15,0
34.47,59.25,991.06,22.34,1
31.66,58.1,998.87,20.78,1
36.25,92.14,1016.16,7.83,0
34.15,73.79,1005.82,19.96,0
20.02,77.84,1004.48,18.23,1
29.52,45.98,1014.26,7.89,0
35.57,77.56,1004.99,21.67,1
31.3,93.41,1002.36,11.5,1
38.03,79.8,998.55,6.92,1
25.43,93.14,1017.62,28.21,0
31.52,44.1,1003.56,11.64,0
37.65,96.87,1011.57,22.82,1
29.31,42.27,1018.31,23.39,0
23.38,47.02,1014.5,27.88,0
27.04,87.19,1018.02,13.8,0
24.76,89.78,1003.86,21.46,1
20.28,96.94,997.43,12.83,1
21.91,65.03,1011.31,7.97,0
34.55,74.61,1018.44,16.18,0
28.54,95.08,1001.71,8.01,1
24.48,56.11,1013.53,20.5,0
23.06,91.96,1013.22,17.0,0
29.86,93.97,1016.96,6.32,0
26.42,85.4,992.91,10.77,0
39.1,66.39,1005.53,10.19,0
35.81,75.82,992.81,13.76,1
28.61,64.58,1012.53,12.42,0
28.98,73.36,992.62,23.02,1
39.6,95.53,992.52,4.96,1
25.71,98.39,997.52,19.92,1
24.32,82.68,1015.78,29.79,0
31.38,46.66,994.02,22.76,1
24.15,60.77,1014.19,15.58,0
36.67,45.4,1002.1,8.29,0
32.79,44.02,1011.66,12.28,0
31.67,58.79,997.76,7.49,0
20.91,83.94,1009.57,24.54,0
37.1,47.15,995.12,17.97,1
34.18,97.77,1007.52,22.33,1
39.71,67.08,997.55,20.34,1
33.94,59.77,995.16,21.34,1
30.61,95.3,1010.1,6.29,0
33.83,56.12,1012.61,18.81,0
30.32,81.27,1004.1,3.25,1
23.43,84.09,998.72,19.57,1
39.78,57.51,1001.84,5.63,0
22.44,85.87,996.03,6.51,0
37.74,50.53,1015.02,5.62,0
30.81,80.26,1007.34,8.03,0
20.87,54.5,1014.66,23.59,0
37.04,49.1,1004.38,10.8,0
33.98,54.83,1012.72,22.83,0
26.16,94.7,1017.27,5.54,0
23.72,95.79,1016.47,19.86,0
28.45,96.6,1006.53,29.43,1
22.77,59.6,1007.43,22.52,0
34.86,86.7,1008.71,20.06,1
23.59,83.73,1013.6,29.72,0
20.28,88.8,1007.75,29.49,0
26.78,72.47,1014.92,21.58,0
23.52,44.33,1017.38,18.47,0
34.37,55.26,992.5,11.23,0
24.0,76.16,1010.05,15.65,0
32.27,92.82,1013.31,13.05,1
36.15,89.2,1019.02,18.9,1
29.66,59.36,999.94,11.37,0
35.07,99.05,1003.74,10.98,1
22.27,60.95,1017.52,8.67,0
21.94,96.05,1014.29,27.51,0
33.92,99.31,1004.75,20.82,1
25.64,94.8,1011.58,29.46,0
35.03,86.25,991.66,27.29,1
36.71,51.26,1011.26,6.74,0
36.52,57.57,1007.38,7.73,0
27.48,75.6,1012.82,24.21,0
30.15,44.05,1001.39,25.81,1
34.77,99.58,1017.86,21.27,1
39.88,94.9,1002.12,10.19,1
28.99,82.76,997.72,15.53,1
36.44,93.85,1013.55,9.11,0
37.77,98.02,1001.42,4.98,1
29.83,49.47,1014.5,3.58,0
39.93,58.06,1006.85,8.67,0
38.92,40.0,1018.99,19.21,0
35.39,40.24,1014.04,18.72,0
38.65,71.49,1017.01,23.99,0
38.16,64.67,996.96,13.99,1
36.34,75.55,1009.58,9.89,0
27.47,45.43,997.98,16.96,0
24.58,96.73,1008.35,11.48,0
36.7,64.09,1012.46,13.26,0
34.07,47.36,996.48,27.06,1
33.19,94.05,1012.83,29.49,1
37.46,90.11,1017.16,9.38,0
25.05,72.01,1010.33,11.68,0
24.56,51.89,1013.21,17.42,0
35.36,84.48,1007.01,15.31,1
33.81,76.71,996.8,19.89,1
36.85,73.91,1011.97,15.88,0
38.67,56.5,1008.88,23.65,0
31.86,64.06,995.17,18.13,1
28.37,57.05,1019.58,8.08,0
38.22,67.37,1001.43,21.22,1
34.42,96.61,1002.3,29.02,1
23.23,48.51,1006.97,11.9,0
21.0,77.84,1011.97,9.66,0
31.81,52.34,1009.97,11.07,0
20.39,53.29,1002.21,19.31,0
25.41,79.04,1001.24,5.18,0
26.1,70.07,1013.26,7.74,0
35.57,72.57,1011.49,28.61,0
25.9,42.04,996.0,23.01,0
37.24,79.28,990.58,15.59,1
33.92,65.62,995.95,4.74,0
21.86,60.63,990.48,17.44,0
38.51,76.68,1004.15,4.87,1
37.7,83.84,995.77,19.18,1
27.44,64.27,1005.88,28.7,0
38.53,63.25,1018.01,8.75,0
28.53,92.71,998.61,27.5,1
29.17,56.24,1000.14,25.29,1
30.91,70.15,992.77,22.14,1
27.02,82.17,990.07,29.02,1
31.27,67.46,994.13,12.67,1
38.09,64.38,1006.41,27.92,0
32.76,75.54,1001.83,21.8,1
30.33,69.09,1007.48,21.55,0
21.33,94.2,1009.68,9.0,0
23.49,71.59,1006.36,3.73,0
22.42,53.42,990.45,8.98,0
38.87,55.84,1019.69,6.4,0
35.95,44.97,1016.56,20.95,0
28.5,52.12,1008.76,3.55,0
35.55,89.31,1012.53,21.79,1
31.77,96.39,1005.45,16.04,1
39.96,61.87,1018.48,2.19,0
30.46,71.46,1005.73,23.6,0
24.06,60.73,1014.89,15.33,0
36.47,74.99,1001.25,25.64,1
36.24,59.78,1011.25,24.6,0
23.35,81.68,998.72,15.28,1
36.3,63.24,1014.58,5.8,0
21.09,77.79,1010.11,2.66,0
23.94,52.23,1016.29,18.35,0
24.74,90.16,992.95,2.59,0
38.76,87.24,997.78,5.18,1
31.12,83.14,992.53,11.19,1
32.31,84.64,1004.31,15.38,1
26.02,69.53,1018.15,20.38,0
20.53,44.3,1006.17,3.03,0
24.05,49.33,1001.67,4.97,0
35.18,55.06,992.6,5.77,0
25.1,77.88,992.6,17.87,1
24.29,51.58,1010.72,9.49,0
26.91,61.24,1019.52,3.25,0
28.71,62.27,998.28,2.49,0
30.09,65.79,996.94,10.98,0
23.66,95.9,1002.37,24.31,1
26.33,89.89,1005.19,14.18,0
24.54,52.46,1013.16,29.65,0
22.6,53.31,1009.57,18.65,0
32.51,88.3,1009.03,3.47,0
28.58,40.37,1011.18,28.36,0
27.91,99.79,1002.81,2.51,0
32.83,80.15,991.09,18.39,1
22.06,58.54,994.29,7.03,0
35.0,76.5,995.41,27.88,1
22.07,64.04,1002.54,19.17,0
23.52,56.8,998.21,22.27,0
29.63,49.16,1001.76,25.77,1
31.75,98.16,1006.42,19.8,1
34.49,62.51,1012.15,16.96,0
24.34,94.06,1008.65,14.02,0
32.02,92.02,992.41,20.11,1
22.6,72.41,999.26,26.67,0
34.47,88.14,995.93,9.12,1
23.34,80.77,995.09,6.51,0
32.23,40.94,1019.75,20.42,0
35.34,86.29,999.95,16.0,1
30.75,59.27,1005.83,12.89,0
37.34,43.21,1010.94,21.37,0
28.59,82.52,994.64,23.11,1
25.4,66.83,995.68,11.03,0
31.4,97.49,1004.35,7.15,1
23.92,83.79,1003.44,12.95,1
36.48,50.48,1014.3,5.73,0
33.38,84.87,997.54,24.09,1
31.55,71.63,1011.08,12.98,0
34.54,74.87,995.27,27.84,1
34.47,84.14,994.86,22.71,1
30.93,43.59,1009.94,22.6,0
32.05,92.06,996.4,23.89,1
26.5,66.91,1010.88,23.19,0
29.05,45.09,1005.62,20.98,0
29.26,73.93,1018.42,12.77,0
38.62,83.23,1015.69,18.09,1
34.85,61.58,1000.2,16.57,1
26.44,62.2,1016.44,15.5,0
31.46,99.11,1017.25,9.65,0
30.98,53.14,1001.68,29.09,1
33.18,53.71,1016.27,12.47,0
28.47,74.19,1016.4,22.27,0
20.22,95.57,1010.74,15.26,0
20.91,81.32,1018.54,7.67,0
28.3,41.59,1016.77,7.1,0
32.47,68.19,1010.89,12.32,0
34.79,76.86,1014.68,13.14,1
26.12,83.84,1011.43,29.55,0
34.08,71.56,1012.5,18.66,0
38.82,82.5,1015.27,27.39,1
22.82,85.24,996.17,8.83,0
34.37,51.48,1018.04,26.07,0
26.91,68.23,1019.49,12.15,0
24.77,61.03,1015.22,10.2,0
27.93,46.32,994.62,21.4,0
36.57,81.6,1003.17,16.34,1
27.43,91.65,1003.39,25.99,1
37.64,93.21,997.96,6.22,1
20.74,82.71,1013.97,27.16,0
32.33,64.19,995.2,17.43,1
30.2,73.1,991.23,4.47,0
35.45,41.27,1001.81,13.3,1
31.51,50.3,1013.42,13.88,0
32.39,60.64,993.8,26.74,1
30.59,60.42,1010.78,22.67,0
26.82,93.89,993.28,28.63,1
39.77,61.46,1008.51,11.23,0
30.23,66.9,1005.45,29.21,0
39.65,63.02,1010.13,27.24,0
23.97,73.73,1017.75,6.99,0
33.38,89.78,991.2,5.3,1
29.36,89.11,1018.77,2.24,0
39.13,78.33,996.94,15.13,1
20.56,43.26,1012.17,28.38,0
36.62,99.96,1004.89,16.78,1
26.93,67.78,1015.92,7.3,0
31.13,67.42,1012.96,8.93,0
31.18,51.24,996.7,6.67,0
33.13,68.09,1005.57,22.03,0
24.31,93.37,1014.78,26.32,0
34.92,99.61,1012.18,23.35,1
33.39,70.67,1004.63,27.3,1
36.36,59.53,1007.98,9.95,0
30.2,60.73,997.99,14.63,1
32.62,49.73,994.85,4.6,0
32.67,97.23,1003.87,20.07,1
28.33,97.07,997.98,7.55,1
38.62,91.03,1001.11,21.21,1
35.41,40.96,997.75,13.94,1
22.11,56.45,1014.32,19.42,0
32.28,99.68,1011.24,9.66,0
27.51,60.31,1014.7,10.62,0
36.31,59.3,1002.89,2.17,0
31.73,46.86,1002.22,18.62,1
23.3,59.63,1000.17,19.63,0
34.1,42.54,1004.75,6.96,0
25.94,98.81,1005.72,15.1,0
23.16,62.54,1019.51,13.3,0
34.7,67.32,1001.18,21.84,1
30.09,87.91,1016.07,10.56,0
37.58,59.79,999.16,6.56,0
33.04,86.09,1013.96,28.27,1
33.82,79.13,1010.88,12.71,1
32.47,40.83,1001.32,2.41,0
25.13,79.98,995.45,5.4,0
31.33,51.31,994.23,28.14,1
34.08,65.95,1002.57,21.45,1
30.33,46.16,1010.31,11.86,0
25.08,68.68,992.95,19.61,0
28.55,84.38,1016.64,6.57,0
34.61,56.02,1000.05,28.42,1
29.34,52.65,996.47,24.2,1
34.27,85.96,990.7,8.91,1
36.45,86.78,1015.36,25.03,1
22.83,90.04,1010.26,27.44,0
21.2,50.46,1013.72,22.13,0
21.76,75.5,995.29,23.25,1
28.66,55.39,994.58,20.15,1
36.65,43.16,1011.27,28.04,0
27.77,63.54,1012.26,19.47,0
20.16,63.01,992.23,22.06,0
29.52,90.06,998.16,25.92,1
33.34,46.03,1012.09,19.75,0
31.9,70.3,1003.12,8.75,0
30.27,64.85,1012.2,27.42,0
36.98,49.84,999.25,6.45,0
38.86,89.6,997.45,23.45,1
26.18,40.41,1015.74,26.64,0
32.53,65.53,1016.84,4.53,0
36.89,40.93,1018.56,17.49,0
33.78,50.28,1003.04,24.14,1
27.99,73.28,1012.21,26.19,0
38.97,58.71,996.5,23.05,1
27.19,73.66,993.4,7.71,0
33.57,76.36,1009.9,28.35,1
22.75,87.25,1000.69,29.56,1
36.29,94.16,1012.82,12.7,1
32.42,73.03,1017.13,12.48,0
29.81,54.91,1007.44,2.95,0
24.16,99.07,1011.91,2.37,0
32.5,49.63,1004.76,4.57,0
24.23,89.9,1013.69,9.56,0
38.67,59.28,995.6,21.09,1
38.31,58.3,1014.93,10.96,0
36.38,93.92,1017.73,14.48,1
36.41,44.49,1012.81,22.67,0
25.6,96.01,990.77,20.75,1
38.35,50.41,1001.61,5.47,0
32.85,75.81,1000.05,4.18,1
27.4,67.67,1014.45,10.62,0
20.58,72.78,1009.23,6.75,0
30.59,63.25,1009.29,23.92,0
21.65,97.6,990.41,21.26,1
24.66,52.94,1013.54,8.43,0
31.75,81.51,1014.04,22.7,1
24.08,92.79,991.34,12.82,1
38.65,83.12,994.87,24.88,1
25.4,68.88,1000.12,26.22,0
25.25,56.16,1007.3,6.34,0
24.02,94.82,994.37,15.21,1
34.42,61.99,995.47,19.8,1
23.86,90.13,1005.35,17.92,0
27.41,56.81,995.63,15.08,0
29.94,42.24,1002.07,7.44,0
35.62,56.68,1001.64,19.8,1
34.35,48.61,995.21,13.54,1
31.21,64.92,1000.25,9.65,0
25.51,79.97,1018.99,9.6,0
24.83,60.27,1009.85,2.46,0
21.77,64.67,1004.01,15.45,0
26.7,46.51,1000.73,22.83,0
26.18,55.1,1009.1,8.43,0
28.9,72.34,995.89,3.55,0
34.28,88.99,997.11,14.51,1
26.13,65.74,1012.33,12.65,0
30.55,81.18,1012.87,29.97,1
27.13,66.44,997.72,19.96,0
29.49,40.02,996.3,4.45,0
39.46,69.2,1005.01,5.16,0
33.74,98.39,1003.73,2.05,1
27.23,50.06,1011.06,26.83,0
32.93,91.58,1009.65,26.23,1
31.31,46.54,1005.13,3.37,0
20.06,59.17,1016.36,13.58,0
22.97,55.57,1000.07,7.17,0
26.37,81.33,1017.52,29.27,0
20.18,83.21,1016.65,15.78,0
24.9,74.92,998.43,10.96,0
29.42,67.48,1002.81,2.29,0
38.5,82.42,1009.82,18.74,1
29.7,94.81,1014.38,12.17,1
31.27,61.47,992.79,21.66,1
32.92,57.51,1011.49,23.3,0
21.99,60.11,993.4,11.41,0
27.34,41.7,991.2,20.31,0
25.07,49.53,1018.58,14.99,0
33.76,78.76,1019.91,15.81,1
39.72,57.57,1010.53,22.73,0
29.27,78.25,1019.62,21.77,1
36.4,88.53,991.04,22.41,1
36.43,87.87,995.25,9.17,1
30.03,48.41,999.83,4.46,0
24.54,58.7,1017.54,21.74,0
35.98,72.45,1003.02,20.08,1
32.08,62.61,1012.36,6.15,0
20.38,50.29,1016.45,23.82,0
25.98,93.22,1010.23,19.57,0
30.73,98.61,1006.36,16.04,1
26.42,68.68,1019.78,10.01,0
31.41,75.8,1012.19,20.85,1
24.64,96.1,992.3,29.49,1
30.8,94.85,1005.52,18.89,1
20.74,71.59,991.25,15.12,0
35.95,89.25,990.48,5.88,1
37.15,58.94,1014.7,17.75,0
36.61,80.22,997.73,14.74,1
30.7,79.86,992.03,14.17,1
39.09,48.89,995.08,29.8,1
30.53,78.99,1018.1,14.17,1
34.99,58.29,1000.06,25.56,1
35.76,92.29,1018.55,21.16,1
31.27,90.33,1017.15,13.65,1
37.34,48.83,1003.19,15.54,1
23.92,93.87,1012.1,16.68,0
32.96,57.52,994.31,20.25,1
27.61,92.57,1014.43,16.14,0
22.67,53.4,1007.01,2.57,0
34.28,86.54,992.37,13.18,1
22.04,73.89,990.5,15.46,0
27.19,40.38,1001.5,9.46,0
21.23,79.13,1015.89,2.79,0
24.44,79.45,1011.97,27.79,0
37.4,60.85,993.73,15.48,1
20.03,73.7,1009.05,8.45,0
23.56,63.98,1017.96,4.9,0
23.58,89.91,1002.7,24.23,1
27.88,61.23,1002.45,13.74,0
28.32,40.33,1014.52,19.44,0
24.17,81.52,996.91,11.45,0
21.8,47.31,1010.11,20.15,0
25.15,88.87,1010.83,9.39,0
35.57,69.29,1004.7,19.79,1
30.02,70.94,1005.2,14.1,0
39.15,61.0,996.98,20.34,1
24.15,70.24,1006.62,6.01,0
38.53,49.22,994.29,5.96,0
34.56,84.3,1005.9,11.17,0
24.41,90.47,1009.69,23.89,0
23.76,74.04,1013.43,3.16,0
30.1,96.74,1001.36,12.86,1
20.0,58.81,1001.14,19.66,0
22.44,69.63,1009.01,17.16,0
34.1,76.6,994.3,4.55,1
30.68,84.18,1008.57,25.68,1
37.58,99.33,1013.64,6.6,0
39.05,81.22,996.73,18.6,1
34.93,74.53,1018.45,15.61,0
35.82,82.65,1006.06,26.72,1
29.53,89.84,1008.05,21.74,1
22.41,61.47,1008.67,20.98,0
39.55,87.64,991.11,7.73,1
30.39,45.2,991.31,5.47,0
39.5,42.28,994.48,6.57,0
27.81,59.58,1000.35,19.51,0
31.04,74.57,991.12,17.22,1
26.33,80.85,998.1,16.08,1
30.18,68.49,995.83,9.77,0
37.35,46.26,1015.32,17.14,0
31.68,82.9,1018.76,8.92,0
26.41,66.99,1004.2,16.27,0
38.35,57.42,1005.64,26.85,0
30.48,61.54,1018.94,27.17,0
27.84,67.84,1007.2,11.11,0
33.86,53.33,1012.62,16.39,0
23.59,53.97,996.19,16.64,0
23.28,83.27,1004.13,9.57,0
30.57,96.16,1014.59,5.79,0
21.7,78.51,1002.84,24.71,1
31.42,55.29,1019.95,23.68,0
35.46,81.49,1000.6,23.95,1
21.49,52.18,990.88,13.78,0
20.72,58.72,1002.1,27.04,0
39.47,48.65,1002.28,5.96,0
25.56,60.25,1003.12,2.86,0
23.54,86.02,1010.15,14.82,0
37.43,50.76,1017.41,29.33,0
25.82,67.12,1015.99,11.17,0
22.78,41.74,1000.3,3.86,0
31.72,94.73,991.94,20.61,1
27.54,89.32,1017.23,6.56,0
33.08,87.11,991.9,21.4,1
28.15,71.21,1013.3,16.93,0
37.36,78.01,1010.13,8.31,0
39.75,90.59,1001.61,8.19,1
34.25,80.87,1004.84,6.52,1
25.65,69.73,1008.25,21.27,0
24.08,57.7,990.32,4.25,0
23.3,79.19,1009.51,22.27,0
28.92,53.5,1013.7,29.63,0
34.73,83.23,1001.97,6.1,1
27.74,71.29,997.27,19.83,0
20.29,97.53,996.13,29.02,1
24.43,47.43,1019.61,13.71,0
30.72,43.08,994.41,8.01,0
35.96,64.56,1010.64,7.0,0
33.41,68.45,1008.32,12.49,0
32.47,98.0,999.16,12.83,1
28.35,44.21,1007.02,7.79,0
34.79,41.34,993.03,17.15,1
20.01,76.45,993.72,5.86,0
35.14,99.99,992.68,13.35,1
35.12,75.97,996.54,11.16,1
21.78,82.14,1008.99,13.98,0
35.82,56.53,1015.57,15.99,0
23.35,88.51,1016.3,29.3,0
20.74,53.64,996.69,5.5,0
37.24,94.47,1019.41,18.83,1
26.88,47.49,1012.95,21.08,0
20.77,49.09,1000.6,19.95,0
25.16,69.86,995.49,20.66,0
39.6,84.63,998.07,26.06,1
33.76,50.89,1010.7,12.46,0
34.25,54.66,993.87,6.68,0
38.01,52.98,1018.22,25.19,0
31.36,96.53,1001.35,29.44,1
35.85,93.98,996.54,9.8,1
29.2,59.42,1005.15,22.86,0
27.27,43.25,990.68,3.44,0
35.04,90.65,1013.86,25.17,1
35.75,41.93,992.88,5.53,0
37.71,41.49,997.3,26.65,1
36.47,50.93,1000.56,5.79,0
33.85,74.84,1017.79,22.95,0
33.42,96.12,1005.72,28.22,1
22.31,57.65,1016.62,13.16,0
32.88,51.71,1019.68,26.78,0
32.49,42.01,1014.2,11.53,0
35.12,96.89,992.17,21.31,1
21.9,67.76,999.63,20.81,0
21.57,44.67,991.87,14.21,0
25.3,86.17,1002.42,19.3,1
39.55,51.27,1005.85,3.56,0
23.83,74.28,1000.33,20.17,0
24.58,93.23,998.99,5.42,0
32.49,65.05,1008.13,11.54,0
23.72,41.48,994.16,15.3,0
36.02,52.79,997.72,24.85,1
33.8,86.14,995.42,24.54,1
28.04,40.2,1018.15,25.61,0
34.14,68.22,1007.95,24.97,0
24.74,75.77,1005.94,20.16,0
37.8,97.59,996.44,2.83,1
26.92,67.87,997.73,12.81,0
30.35,68.87,995.06,14.34,1
25.4,75.74,1000.11,6.56,0
29.2,94.63,1012.47,4.24,0
32.12,54.54,1005.73,27.54,0
27.04,97.88,1018.69,9.89,0
28.03,84.44,1004.01,7.42,1
27.63,78.19,1011.4,10.81,0
36.33,51.88,1010.72,26.85,0
20.6,62.31,1018.7,12.67,0
27.45,56.75,1009.93,23.2,0
25.07,40.1,1003.02,25.99,0
27.8,81.0,997.87,18.83,1
30.72,59.4,995.17,22.49,1
33.75,44.09,995.41,19.98,1
30.18,84.76,1001.36,15.82,1
30.88,98.53,1001.56,20.87,1
26.71,66.53,1018.47,23.75,0
25.18,71.08,1016.12,8.37,0
26.7,71.2,1019.36,20.44,0
26.15,57.26,1010.91,9.02,0
33.3,46.27,1013.04,4.05,0
21.88,50.95,1011.44,23.14,0
27.19,72.48,998.63,6.94,0
35.77,87.65,1004.0,23.18,1
30.91,77.94,999.66,11.04,1
27.66,84.23,1003.88,22.54,1
36.28,85.5,993.29,22.55,1
26.13,53.11,1009.63,21.5,0
21.16,41.75,1009.54,11.53,0
21.76,99.9,999.37,8.87,0
24.89,93.45,992.75,21.38,1
32.84,44.46,1002.96,8.48,0
35.08,43.15,995.62,18.68,1
24.23,72.78,1012.19,24.92,0
28.65,40.1,1019.94,9.96,0
39.11,54.65,1005.67,18.18,0
25.64,84.15,1008.03,3.69,0
38.03,70.93,1012.16,14.0,0
27.64,40.43,996.33,11.94,0
39.46,99.56,1000.4,28.04,1
39.58,62.55,998.14,26.16,1
36.42,69.19,1004.26,8.63,0
20.55,91.19,1004.16,17.85,1
26.48,61.31,1004.29,14.03,0
27.87,89.63,1009.35,21.99,0
25.92,95.07,999.24,29.92,1
27.91,62.76,998.41,25.61,0
25.78,76.15,1011.75,16.45,0
26.12,52.25,996.23,26.26,0
30.98,50.67,994.48,24.09,1
27.2,77.76,1003.11,23.62,1
30.31,94.11,1016.74,4.02,0
32.32,67.7,1016.53,22.45,0
29.36,74.52,1015.9,26.17,0
37.28,42.98,1016.38,17.95,0
23.26,81.59,1017.68,3.88,0
22.38,66.8,992.45,5.57,0
28.4,46.92,1003.48,14.81,1
35.89,62.02,999.92,4.46,0
33.92,85.56,1018.64,25.31,1
37.63,79.62,1019.71,3.62,0
23.31,90.45,1016.37,18.81,0
29.24,98.96,1000.22,15.25,1
26.76,69.17,996.68,21.22,0
22.42,47.77,997.82,21.81,0
24.65,65.76,1001.16,7.9,0
24.57,60.89,993.13,20.7,0
24.21,98.32,990.65,23.22,1
34.46,40.66,1009.74,16.05,0
25.43,69.34,1003.15,26.0,0
28.9,82.91,1008.71,10.48,0
36.46,96.23,1014.6,22.43,1
20.45,53.26,1001.5,16.22,0
29.69,43.26,1016.17,11.07,0
38.6,94.3,1002.85,25.11,1
25.23,84.39,1015.59,13.68,0
37.56,64.71,1017.82,15.21,0
35.71,94.15,1008.26,8.64,0
25.84,67.55,1011.77,3.91,0
35.25,85.22,1001.74,5.86,1
24.14,96.34,993.34,19.92,1
36.66,95.65,1002.36,9.6,1
33.54,99.12,991.76,5.36,1
22.78,87.34,1013.42,17.88,0
24.3,87.45,1011.05,16.82,0
38.77,75.46,990.02,22.84,1
39.49,53.06,1009.39,4.82,0
38.59,43.21,1004.48,26.33,1
20.08,84.24,995.94,19.24,1
34.1,98.78,1001.78,14.1,1
28.3,81.87,991.43,2.62,1
33.98,90.5,1012.55,11.33,0
20.07,61.99,1012.58,9.08,0
27.98,71.64,1010.88,8.27,0
27.0,83.77,1003.26,19.32,1
20.74,60.92,1016.23,3.99,0
29.6,43.24,1003.06,25.15,1
33.67,84.55,1011.23,23.18,1
25.64,99.7,998.73,3.44,0
39.82,74.95,995.63,22.82,1
33.29,94.07,1019.88,10.21,0
24.91,94.71,1002.66,2.1,0
26.89,93.42,995.56,25.07,1
33.69,44.07,991.28,12.82,1
24.97,91.96,992.84,10.94,0
36.27,45.12,990.34,26.73,1
29.74,63.68,1013.5,7.94,0
25.87,62.22,1016.19,7.91,0
36.98,60.45,998.86,19.84,1
25.26,92.67,992.69,28.36,1
22.45,78.55,998.29,4.6,0
35.71,93.26,993.92,7.06,1
37.12,56.47,1008.16,26.96,0
37.83,51.23,1014.88,15.75,0
28.2,88.66,998.73,17.17,1
37.72,40.7,997.03,17.88,1
33.55,49.24,990.37,6.0,0
36.73,50.78,993.71,3.94,0
30.01,73.17,1007.38,10.29,0
21.22,51.21,994.38,10.89,0
36.48,41.93,1006.84,9.81,0
33.76,67.36,1011.02,10.07,0
36.93,64.75,995.41,17.58,1
24.0,89.35,1016.62,8.67,0
25.12,98.61,999.76,25.77,1
29.92,94.68,1011.08,26.13,1
35.73,84.27,1000.37,23.12,1
32.88,46.53,992.35,4.18,0
35.78,85.15,993.3,13.87,1
37.67,84.1,992.86,5.68,1
35.56,68.36,1014.41,25.34,0
27.63,98.5,1000.11,23.25,1
29.07,57.88,1008.82,11.96,0
26.31,74.25,1019.57,21.38,0
30.12,89.94,1010.84,26.07,1
34.85,78.56,996.07,19.75,1
36.88,71.88,991.93,3.44,0
24.26,52.88,1014.69,28.96,0
25.86,70.23,1019.51,28.2,0
29.82,44.42,1006.46,20.98,0
23.05,64.06,1005.28,29.1,0
28.53,86.83,1009.84,26.2,1
25.34,88.54,996.6,19.16,1
25.73,70.83,1009.83,10.95,0
31.43,41.58,995.46,8.94,0
27.91,60.8,992.15,4.64,0
37.02,88.54,1001.21,24.91,1
38.84,60.05,991.77,20.06,1
32.86,85.73,1002.57,9.13,1
20.62,71.44,1011.47,28.23,0
34.94,60.59,996.87,16.11,1
22.69,42.87,1011.06,14.94,0
20.62,54.12,1001.1,18.52,0
33.17,83.9,994.58,13.98,1
27.56,99.88,997.44,6.62,0
31.78,70.26,991.67,26.39,1
23.07,87.43,1011.44,24.39,0
23.01,73.2,1015.96,7.56,0
29.49,47.68,1005.68,6.07,0
27.07,80.78,1007.9,27.25,0
26.19,44.99,1017.82,27.47,0
24.16,40.13,1011.67,27.64,0
37.76,79.13,1017.11,13.14,1
20.08,80.22,1012.09,27.94,0
32.32,75.44,997.31,6.26,1
30.03,60.96,1000.54,29.95,1
20.27,48.23,1018.7,28.4,0
30.52,88.45,1010.19,10.9,0
34.61,66.21,1003.01,20.12,1
37.7,88.23,991.07,20.7,1
39.42,69.14,993.44,14.68,1
28.12,73.76,993.31,11.61,0
26.82,40.28,997.09,3.37,0
35.78,99.96,1015.44,21.63,1
28.64,48.39,997.94,18.59,1
27.97,81.83,1004.19,17.51,1
30.2,81.04,1000.14,29.69,1
29.46,45.6,1006.24,10.07,0
27.51,45.94,1000.23,13.81,0
20.84,49.67,1011.62,25.04,0
25.69,77.94,998.92,21.76,1
34.35,63.32,1000.51,7.18,0
22.12,42.22,1019.96,12.64,0
30.41,45.81,990.29,23.12,1
34.77,81.05,992.26,26.5,1
20.96,79.32,1016.6,14.45,0
25.6,89.29,992.83,22.21,1
25.79,43.81,1006.39,7.66,0
28.66,85.43,1014.82,24.31,1
28.66,94.87,993.79,18.87,1
26.25,86.02,1006.86,17.01,0
33.57,72.18,1012.06,14.53,0
37.94,57.23,1008.77,26.3,0
30.29,86.7,995.6,19.83,1
37.25,57.38,994.5,2.96,0
35.97,45.52,1011.45,4.27,0
37.3,85.97,990.79,14.79,1
20.19,95.9,1008.26,26.78,0
34.8,77.36,1004.25,21.76,1
33.93,58.03,996.83,15.24,1
31.19,84.95,1009.76,26.63,1
28.78,88.39,1002.78,4.37,1
29.68,82.41,1006.67,3.05,0
27.9,83.52,1005.41,26.04,0
38.26,65.72,994.31,14.53,1
28.87,57.31,1008.79,25.94,0
26.28,66.24,992.9,5.84,0
28.7,92.71,1000.72,25.85,1
29.15,68.53,1018.67,2.95,0
24.37,79.23,990.19,14.11,1
25.2,76.03,999.93,25.56,1
23.21,68.69,991.23,25.21,0
28.89,60.46,1003.78,11.97,0
21.51,97.34,1000.45,25.46,1
38.73,93.71,998.03,16.32,1
30.78,64.24,992.35,29.85,1
22.82,72.58,1001.01,7.04,0
35.26,64.89,992.01,17.91,1
37.7,88.75,993.77,14.25,1
32.27,46.56,994.14,4.45,0
30.8,41.12,999.23,14.6,1
35.89,65.15,991.65,24.93,1
28.98,40.0,996.51,9.82,0
24.12,72.24,993.67,15.55,0
29.21,73.17,1015.92,2.27,0
37.27,67.74,1004.45,6.54,0
28.3,54.81,1019.73,19.18,0
30.58,79.33,1006.91,3.76,0
24.36,59.29,995.44,23.29,0
27.74,53.91,990.82,26.61,0
24.67,88.43,1001.95,21.76,1
29.15,66.44,995.51,16.25,1
20.12,76.22,1003.45,9.37,0
26.85,77.6,999.95,2.08,0
25.74,68.43,1019.99,22.63,0
29.17,43.95,1005.47,28.87,0
24.45,98.47,1019.98,8.65,0
26.2,52.83,1000.24,26.77,0
21.28,54.1,999.02,16.39,0
30.03,83.05,990.15,18.82,1
34.93,64.17,1006.95,13.22,0
36.23,56.69,1000.77,21.66,1
37.87,58.13,1011.89,6.69,0
36.34,49.84,1016.93,21.64,0
20.68,54.71,992.23,13.41,0
39.28,64.97,1005.64,25.41,0
36.78,43.02,1005.78,12.08,0
25.77,49.77,993.96,20.34,0
20.56,40.18,990.66,5.11,0
32.63,59.5,996.3,25.87,1
23.31,41.8,1000.79,5.16,0
37.0,72.66,1003.88,21.1,1
23.73,83.83,1009.63,27.65,0
29.43,44.93,998.87,2.24,0
37.4,51.04,993.99,5.89,0
28.86,81.17,992.19,2.83,1
26.19,96.84,1003.99,28.74,1
32.66,49.7,1010.71,29.82,0
26.12,62.97,999.48,16.73,0
22.35,62.28,1004.01,5.35,0
23.06,70.46,1004.08,13.87,0
24.52,82.57,1005.18,26.85,0
36.03,68.92,997.17,6.18,0
24.88,76.76,1005.28,20.71,0
24.23,56.38,1003.13,28.46,0
20.38,56.5,1002.84,27.85,0
26.85,98.36,1019.05,11.84,0
33.28,47.74,1015.61,5.61,0
22.58,50.85,1012.02,19.95,0
39.46,90.61,1013.61,28.25,1
33.4,95.47,998.06,8.63,1
29.08,44.86,1010.96,24.77,0
25.2,89.18,997.1,6.66,0
39.63,90.12,1002.04,12.44,1
35.75,81.79,1002.5,4.81,1
24.51,79.41,994.62,7.73,0
35.73,80.45,998.54,16.83,1
29.86,97.86,1009.6,9.18,0
34.28,76.66,1018.19,16.59,1
20.54,84.94,990.88,20.87,1
26.73,56.23,994.75,3.72,0
23.45,76.66,1004.17,8.78,0
39.38,88.55,993.82,5.06,1
38.24,70.44,1010.94,15.32,0
38.03,72.62,1014.69,8.09,0
31.38,55.25,1010.99,27.08,0
21.11,53.81,1007.53,3.42,0
38.81,45.84,1006.23,14.34,0
31.87,59.8,1018.58,17.25,0
20.84,67.12,994.21,12.99,0
29.94,69.97,1000.68,15.19,1
32.15,86.61,992.49,26.61,1
32.85,67.15,996.56,17.14,1
39.8,52.41,1006.2,27.6,0
24.84,93.81,997.62,4.35,0
28.24,76.91,992.47,19.18,1
31.56,62.8,1010.68,7.99,0
22.8,79.28,999.2,11.11,0
21.92,80.48,993.6,5.52,0
38.4,98.29,1017.98,21.31,1
35.7,78.84,991.15,2.57,1
32.01,51.67,992.42,20.08,1
37.87,55.58,997.3,25.31,1
30.98,43.82,992.13,20.95,1
30.43,93.05,991.98,8.72,1
34.74,71.49,1007.49,23.91,0
32.41,90.86,1009.68,25.75,1
28.41,64.06,1002.33,17.35,1
29.67,58.62,1018.61,11.67,0
26.52,99.02,1002.81,13.86,1
32.06,50.57,991.32,4.78,0
28.95,51.03,1001.98,26.7,1
29.97,44.66,1001.78,21.76,1
20.37,82.81,1003.54,19.02,1
39.45,77.03,999.67,15.92,1
26.85,64.77,992.65,5.05,0
31.68,57.63,1001.77,11.2,0
29.45,93.42,1018.37,11.1,0
26.2,49.11,997.83,12.33,0
21.86,88.49,995.39,3.77,0
28.38,45.61,994.19,17.19,1
28.38,87.16,1016.76,7.02,0
22.3,78.34,999.57,22.71,1
30.11,61.1,1013.92,20.62,0
20.69,83.29,996.23,20.01,1
22.05,77.49,992.15,25.93,1
23.64,85.97,1019.77,22.19,0
32.18,54.07,1003.91,3.02,0
34.05,42.61,992.48,7.25,0
36.85,85.45,992.35,15.91,1
32.47,40.02,1006.02,25.5,0
36.52,77.75,1005.33,22.4,1
29.59,87.72,1004.49,22.03,1
32.1,77.48,992.77,16.81,1
35.03,79.38,994.11,23.47,1
24.06,93.49,1001.37,10.38,0
29.12,81.43,1002.74,18.46,1
22.09,42.97,995.57,8.48,0
39.9,51.75,1015.33,5.57,0
37.62,80.76,991.3,28.9,1
31.16,57.75,1000.33,26.53,1
37.47,84.94,1013.95,20.5,1
30.52,63.59,992.87,12.14,1
35.13,61.8,1011.28,17.73,0
28.11,65.55,1011.48,29.75,0
20.65,73.31,1006.49,22.11,0
20.4,78.72,999.5,14.19,1
39.61,71.14,1013.14,22.17,0
25.97,40.25,997.53,10.29,0
35.48,43.3,995.91,9.1,0
25.88,95.0,1007.53,10.38,0
25.22,80.44,1008.52,27.21,0
20.86,78.67,991.07,28.16,1
37.36,67.56,1015.06,29.43,0
35.97,92.81,994.27,9.4,1
27.21,58.56,1009.16,19.48,0
35.81,53.26,990.49,12.4,1
36.93,47.57,1014.53,16.62,0
28.14,73.08,1014.17,9.06,0
22.87,51.66,992.97,20.9,0
32.31,45.63,1010.29,12.19,0
21.21,45.48,1002.84,19.32,0
34.76,47.67,999.41,21.71,1
39.7,90.44,1017.29,4.49,0
34.23,49.85,995.65,29.79,1
31.79,45.12,1008.25,15.72,0
27.11,72.2,1014.63,17.06,0
32.75,49.72,1019.88,27.22,0
21.57,79.69,990.77,24.77,1
29.9,44.46,1007.82,28.56,0
27.31,55.79,1004.58,18.18,0
37.35,48.49,999.76,29.54,1
37.46,82.56,993.01,20.75,1
31.11,65.98,999.16,3.47,0
37.05,46.25,1008.42,14.27,0
27.56,52.76,1015.42,18.39,0
21.98,52.63,1018.69,18.08,0
39.62,87.38,1012.77,18.89,1
23.45,99.43,994.94,12.67,1
35.94,42.05,990.84,23.81,1
37.65,63.52,1010.96,21.88,0
28.44,59.89,1014.75,19.51,0
29.07,83.74,1003.03,26.43,1
30.85,58.43,993.43,3.2,0
30.41,48.63,1008.6,28.05,0
23.96,90.17,997.08,10.66,0
38.75,64.05,1003.08,12.09,1
33.19,59.86,1014.13,21.75,0
31.92,71.32,1003.36,24.92,1
38.64,66.54,991.4,11.51,0
27.73,57.77,1015.12,9.61,0
24.58,43.95,1010.71,22.27,0
24.12,48.82,1003.56,22.66,0
23.01,63.19,1019.03,24.74,0
37.09,69.14,1013.72,23.52,0
33.39,41.0,1007.64,22.79,0
32.65,63.4,995.96,27.94,1
28.95,82.51,1003.96,3.13,1
24.22,63.74,1000.95,24.18,0
23.32,65.32,998.45,11.15,0
28.54,60.63,1000.84,7.61,0
25.21,81.16,1003.76,6.15,0
35.7,62.83,1003.01,8.68,0
22.05,78.42,1016.06,18.42,0
36.4,72.82,1014.2,24.63,0
23.13,65.7,1003.93,26.65,0
25.4,53.28,1007.98,22.12,0
20.17,84.87,1003.52,27.87,1
30.58,71.9,1004.36,25.75,1
30.91,56.51,1019.51,20.57,0
37.43,79.39,1001.5,26.01,1
23.24,84.79,994.1,12.03,1
30.32,60.26,995.0,13.01,1
38.49,97.03,1014.61,23.49,1
26.7,55.43,1001.04,12.19,0
35.65,55.14,1015.81,18.46,0
20.06,55.88,997.46,3.27,0
21.62,65.09,1015.84,12.57,0
20.19,57.63,992.08,18.33,0
32.79,84.83,994.6,5.79,1
28.37,64.45,1009.99,9.77,0
20.81,96.87,1016.6,17.11,0
28.06,97.21,1000.56,5.47,1
29.69,44.44,998.48,9.59,0
27.13,55.02,1013.57,28.42,0
26.86,90.42,1015.58,19.18,0
20.73,94.64,1015.53,10.92,0
31.32,98.7,1003.16,13.05,1
25.11,49.07,992.53,19.1,0
34.77,71.97,992.34,3.47,0
31.1,90.37,1004.35,7.83,1
35.42,63.95,993.56,6.65,0
28.39,53.22,998.09,10.09,0
36.77,45.46,997.81,15.62,1
39.3,96.6,1005.86,30.0,1
38.65,98.31,1003.3,2.71,1
31.32,74.47,1002.33,12.51,1
37.62,66.92,999.67,7.56,0
31.37,71.79,997.09,13.78,1
28.56,95.17,1016.67,17.13,1
31.77,69.72,990.12,24.27,1
36.47,86.49,1009.02,4.98,0
21.38,58.37,992.22,26.39,0
20.46,52.86,1012.86,11.78,0
33.73,45.85,1008.95,6.71,0
33.76,75.14,1012.46,27.45,1
21.23,60.52,1015.87,2.17,0
38.82,79.3,995.47,15.01,1
25.57,40.98,1009.36,20.9,0
32.23,55.32,1016.86,6.83,0
23.99,72.26,1004.2,20.07,0
29.9,81.96,1012.34,24.22,1
20.78,77.73,1004.4,27.91,1
36.26,60.79,1008.41,13.73,0
35.56,91.97,1011.83,3.7,0
23.46,42.58,1004.57,11.38,0
35.4,57.4,992.07,27.76,1
20.39,97.28,1018.17,14.29,0
31.89,52.08,1000.53,12.89,1
35.04,99.8,990.21,10.9,1
31.66,43.33,1011.83,26.98,0
20.68,97.5,1013.8,5.51,0
36.6,64.75,1004.45,26.01,1
38.72,72.27,1014.1,10.78,0
28.48,65.85,992.85,22.22,1
20.25,50.03,997.75,23.93,0
36.86,60.97,1008.21,16.61,0
28.3,81.66,1008.41,5.74,0
33.91,88.08,999.24,15.32,1
23.92,51.26,996.17,5.66,0
33.37,80.16,992.56,17.64,1
28.05,60.51,1014.78,5.87,0
38.36,86.38,1007.83,21.54,1
37.58,67.61,1000.48,5.13,0
23.36,70.86,997.43,26.37,0
36.41,83.23,1019.02,10.33,0
22.91,79.17,1015.99,23.18,0
37.0,46.04,1008.84,27.5,0
30.75,73.47,994.33,24.16,1
35.46,97.64,1007.91,14.69,1
38.05,48.91,1018.1,28.29,0
22.44,51.7,992.01,27.87,0
35.92,47.04,995.39,14.42,1
34.98,66.36,990.98,3.03,0
32.22,40.45,996.22,14.67,1
20.22,92.01,1003.42,20.64,1
27.29,46.31,992.94,9.93,0
24.11,75.1,1009.35,11.73,0
39.8,85.52,1000.05,25.06,1
34.95,85.74,1001.95,4.87,1
37.37,70.14,990.09,16.77,1
35.64,57.78,999.39,24.37,1
26.04,46.43,1018.74,16.53,0
31.79,68.78,1014.39,5.97,0
27.49,60.61,1007.35,17.6,0
25.27,93.75,1015.0,16.5,0
35.77,51.18,999.81,10.15,0
26.03,93.84,1009.77,11.04,0
39.78,48.17,1000.21,2.96,0
39.6,50.22,1006.07,4.28,0
22.55,65.23,1016.26,4.97,0
34.91,92.44,1017.16,16.88,1
25.53,48.26,993.13,13.25,0
28.23,67.1,1006.06,2.35,0
22.07,64.92,1001.69,21.48,0
26.25,67.08,1012.92,23.05,0
22.41,83.49,1011.16,14.05,0
31.06,96.26,1000.76,2.83,1
32.79,98.72,1016.33,10.41,0
30.5,47.64,999.6,13.68,1
37.39,61.05,993.41,5.65,0
28.85,94.27,999.06,4.74,1
25.61,62.2,995.03,9.26,0
24.32,62.78,1009.23,9.95,0
31.24,70.98,1014.22,20.84,0
32.65,71.16,1009.07,24.77,0
31.76,63.49,1017.76,4.43,0
29.6,57.89,1002.86,10.99,0
33.72,56.88,1003.63,8.79,0
27.62,82.53,990.9,4.82,0
28.9,94.0,1006.96,2.84,0
36.31,78.24,1016.06,20.95,1
34.49,53.23,1001.99,6.31,0
39.11,96.43,1007.73,17.52,1
35.65,55.44,1018.64,5.37,0
28.98,85.61,1000.02,9.8,1
22.06,53.48,997.42,26.76,0
20.65,84.76,997.4,24.51,1
37.86,96.51,1019.76,22.32,1
29.97,52.65,1019.48,28.39,0
20.05,55.01,996.43,15.75,0
30.33,91.28,999.17,28.23,1
39.0,61.49,1009.5,23.52,0
25.36,49.74,991.53,24.34,0
33.87,42.82,992.63,12.54,1
36.6,68.81,1004.48,10.36,0
28.05,63.51,1019.35,27.99,0
23.73,86.08,1010.1,13.86,0
33.38,50.11,1003.21,11.5,0
34.94,99.92,996.75,27.03,1
29.32,89.2,1013.91,14.44,1
23.84,83.02,990.48,8.31,0
20.64,52.26,1003.3,6.35,0
33.34,79.22,990.59,8.46,1
35.58,98.31,1018.73,9.66,0
38.16,94.69,1001.03,3.07,1
23.28,93.94,1011.75,11.82,0
20.98,72.7,1006.42,14.17,0
38.38,40.91,990.51,14.05,1
30.91,68.45,1002.44,14.1,1
34.0,42.26,1000.79,19.29,1
36.4,57.87,1017.34,12.5,0
32.03,75.19,1005.78,20.65,1
29.67,87.04,1004.75,9.37,1
34.68,65.33,1014.74,29.87,0
39.86,77.06,1014.26,12.4,1
38.09,45.87,1019.26,27.32,0
28.75,70.47,995.35,8.16,0
27.34,83.64,1011.6,16.74,0
26.3,56.96,1001.57,2.7,0
21.96,54.75,1003.19,14.19,0
27.22,52.79,1010.9,22.17,0
29.29,47.91,1007.39,11.26,0
23.01,97.28,1014.58,29.41,0
22.79,72.35,1003.29,26.66,0
24.89,50.56,1015.4,8.63,0
25.1,84.19,1007.1,2.23,0
32.04,72.38,1003.66,12.4,1
30.07,61.87,1018.61,6.71,0
29.93,47.76,993.09,11.16,0
27.23,75.6,991.6,8.22,0
33.53,76.72,1007.28,23.96,1
33.48,61.75,1001.72,26.41,1
20.89,42.86,990.44,24.93,0
37.92,62.35,1015.78,16.5,0
24.8,68.92,991.69,8.63,0
25.59,78.5,1017.28,7.77,0
36.64,91.73,1005.9,16.79,1
29.52,65.14,1001.82,23.51,1
32.49,67.01,1018.38,19.65,0
36.87,97.04,992.27,6.09,1
24.64,46.75,1015.19,24.29,0
26.08,90.95,1017.3,17.38,0
32.47,53.06,1008.77,15.52,0
38.41,89.16,1005.24,19.7,1
28.41,74.17,990.63,9.9,0
34.44,60.2,1009.67,24.92,0
38.64,91.51,1019.84,25.87,1
35.79,82.54,1009.24,17.95,1
31.79,61.14,1001.42,26.66,1
21.11,68.27,1003.2,13.19,0
31.4,71.51,1009.81,13.19,0
34.74,47.99,1013.26,14.0,0
31.55,47.16,999.81,2.62,0
32.54,85.67,1015.57,17.53,1
29.22,92.11,1002.37,12.49,1
38.7,95.11,991.81,24.77,1
26.03,55.2,995.98,6.01,0
37.65,94.95,1006.68,7.64,0
34.48,43.66,1001.69,9.05,0
22.26,60.63,991.1,3.9,0
39.03,63.82,1007.26,22.23,0
36.97,95.6,1003.8,6.11,1
37.4,98.04,998.14,28.2,1
22.55,65.84,1009.57,25.8,0
32.64,86.79,1004.44,16.52,1
30.49,85.97,994.16,7.33,1
32.47,65.5,1004.06,21.87,1
29.84,65.49,1006.66,17.19,0
38.49,74.54,1013.83,17.26,0
38.73,97.77,990.63,10.09,1
36.93,91.29,1005.67,3.04,0
31.47,81.9,993.81,22.85,1
25.81,98.17,1019.92,21.21,0
21.53,87.15,994.58,27.56,1
36.1,74.95,1004.18,28.64,1
37.65,60.35,1004.87,9.58,0
23.57,66.71,1004.72,13.72,0
21.54,61.23,1016.84,9.73,0
27.35,64.38,994.36,17.38,0
20.86,92.49,1005.38,13.69,0
37.92,96.25,1005.29,7.8,0
21.0,44.98,1014.88,17.72,0
21.9,72.84,1005.48,22.72,0
27.52,62.04,994.55,20.55,0
29.6,64.14,990.66,5.28,0
25.1,52.25,1005.01,16.78,0
26.74,59.62,1014.07,9.39,0
32.67,59.56,1000.61,23.66,1
32.47,58.28,1001.86,4.4,0
21.13,89.86,1000.37,20.18,1
22.34,62.66,1018.65,11.14,0
27.14,94.02,1017.28,4.35,0
32.6,98.34,1005.26,5.46,0
33.08,53.37,1018.12,21.68,0
26.9,90.47,1012.73,23.89,0
32.43,64.37,1014.64,18.92,0
21.1,64.32,1009.93,6.25,0
30.21,46.21,1003.03,12.49,1
27.33,60.99,1013.93,3.83,0
37.78,80.18,1003.51,11.7,1
27.7,83.81,1013.72,17.04,0
22.98,61.05,992.36,15.64,0
21.17,42.13,998.56,15.55,0
31.8,46.47,1007.77,15.3,0
20.06,46.24,997.31,21.15,0
32.43,70.46,1015.2,22.15,0
26.99,43.96,1000.58,26.82,0
26.47,91.99,997.74,4.36,0
31.03,51.28,995.33,24.5,1
28.07,55.34,995.61,7.74,0
34.58,75.84,1010.31,4.85,0
35.23,66.73,991.0,4.14,0
36.17,83.86,1018.29,29.21,1
34.14,44.39,1010.75,10.82,0
30.15,54.84,1010.36,14.24,0
30.24,61.98,1008.42,22.13,0
37.2,71.69,1011.53,19.08,0
22.69,99.2,1014.21,22.82,0
25.88,72.45,1015.36,10.66,0
27.61,83.56,1013.77,17.67,0
38.91,46.79,1015.71,5.28,0
26.11,41.37,1011.19,7.58,0
39.74,61.32,995.76,27.03,1
27.88,49.51,1017.99,23.37,0
21.84,97.21,997.56,26.07,1
36.02,73.03,1004.69,12.2,1
33.42,72.3,1007.91,14.67,0
37.41,84.4,1003.33,6.15,1
36.43,45.54,993.19,8.45,0
26.04,76.96,995.1,11.7,0
33.58,81.26,1004.51,3.79,1
22.97,62.23,1009.18,4.02,0
24.46,95.42,996.59,3.41,0
39.77,45.28,1018.95,24.09,0
23.68,85.5,1017.84,15.69,0
39.62,92.84,994.62,28.52,1
23.65,49.65,997.58,4.77,0
24.29,65.84,1005.53,19.53,0
24.54,50.81,1013.96,12.21,0
36.24,85.33,997.06,21.33,1
27.83,93.96,1018.44,23.56,0
20.06,92.07,997.78,26.23,1
37.97,57.13,1010.98,26.23,0
30.16,67.66,991.4,15.34,1
28.99,74.27,998.6,8.69,0
23.58,89.52,1001.12,17.46,1
23.71,75.51,999.61,2.49,0
39.04,84.55,997.02,12.94,1
31.6,97.47,1006.72,26.28,1
29.39,83.38,1019.62,26.07,1
32.9,53.18,1009.92,6.08,0
22.7,88.99,992.71,14.96,1
29.63,52.57,1001.19,26.39,1
22.03,86.09,1003.41,18.92,1
31.07,53.19,1007.49,20.58,0
26.3,51.18,1001.91,26.5,0
32.0,60.76,998.61,23.89,1
25.88,86.89,995.88,2.79,0
37.79,82.37,995.98,14.37,1
27.4,60.62,997.5,6.73,0
25.94,57.75,1017.68,18.02,0
37.83,87.89,1008.76,2.28,0
37.95,51.48,1014.84,13.07,0
23.95,41.78,999.52,15.9,0
30.58,86.74,1018.96,15.12,1
39.21,84.92,1015.4,7.87,0
32.12,89.94,1000.55,12.43,1
33.0,64.93,1007.6,29.64,0
23.2,64.62,1000.35,7.21,0
35.39,92.62,994.8,24.19,1
31.3,94.83,1002.91,22.28,1
20.88,59.3,992.56,8.71,0
22.43,55.26,997.98,25.93,0
30.57,95.66,1006.52,7.82,0
37.15,40.06,1016.51,22.8,0
23.42,91.67,1006.3,7.29,0
31.45,82.14,1016.89,10.35,0
27.35,61.02,1018.69,18.45,0
27.45,46.01,1000.15,23.85,0
35.57,68.74,1011.42,14.61,0
25.22,56.51,994.65,5.79,0
39.44,82.77,1018.89,11.24,0
31.95,71.93,1003.38,5.05,0
32.71,83.18,1016.07,4.39,0
34.11,82.32,992.92,16.96,1
36.11,51.01,1002.53,3.83,0
30.08,63.02,998.3,18.53,1
25.49,88.35,990.61,10.28,0
34.43,75.25,1018.23,15.43,1
35.75,50.49,1000.09,28.7,1
36.03,45.99,993.41,28.52,1
27.04,75.2,997.21,8.66,0
22.08,63.92,997.91,13.18,0
32.8,62.77,993.55,12.48,1
27.64,81.62,1018.97,13.46,0
33.37,66.77,1011.5,20.95,0
35.31,68.23,1009.15,16.47,0
33.64,48.44,994.44,7.77,0
30.24,67.58,1009.54,12.82,0
27.9,67.16,1005.12,16.33,0
36.02,78.78,999.37,26.53,1
24.93,59.12,1013.92,7.2,0
29.84,78.0,998.29,19.14,1
20.94,78.77,1012.38,27.83,0
39.99,49.03,1009.58,26.87,0
28.4,76.57,1017.1,24.62,1
37.47,85.02,991.85,15.89,1
22.75,76.31,1002.89,15.7,1
26.77,60.25,1005.67,16.47,0
35.17,68.93,1015.44,13.64,0
33.41,42.72,1005.75,9.25,0
32.59,89.17,1005.99,5.65,0
23.63,41.77,1008.01,20.52,0
24.52,75.83,1003.88,16.45,1
38.95,49.31,1015.69,25.99,0
27.61,85.43,1008.54,20.88,0
36.05,69.58,1004.46,21.53,1
34.42,83.79,999.83,25.96,1
30.32,69.49,997.07,7.94,0
32.68,97.14,1002.32,27.11,1
35.74,98.02,1011.4,15.23,1
32.76,70.82,1017.49,7.28,0
23.27,46.71,1000.03,17.39,0
20.21,94.29,1017.73,21.47,0
28.77,52.3,992.93,16.67,1
33.47,89.07,1008.62,22.76,1
24.65,50.45,1009.07,12.62,0
24.45,85.83,1016.55,25.67,0
25.0,83.43,994.59,3.94,0
31.24,66.31,999.14,27.44,1
38.08,48.18,1007.82,18.06,0
24.87,67.67,1003.49,3.78,0
25.19,56.95,1000.11,21.38,0
29.07,53.23,1007.16,10.04,0
38.12,66.57,1018.54,14.32,0
27.15,79.98,996.25,4.1,0
29.12,96.73,1008.3,14.73,1
27.79,80.52,1015.32,7.89,0
22.34,63.73,1008.61,8.43,0
32.45,65.18,998.87,20.23,1
35.11,94.31,1004.21,4.66,1
26.79,43.94,993.27,20.08,0
38.17,70.61,1005.48,5.72,0
37.84,78.47,997.56,4.28,1
29.09,62.22,1018.14,19.61,0
30.0,73.33,1006.94,24.28,0
31.72,41.33,1019.59,14.87,0
22.08,57.47,1001.52,18.06,0
22.17,58.59,990.98,17.66,0
24.42,47.25,1019.11,24.14,0
39.58,82.88,1014.82,2.67,0
29.18,68.78,993.46,12.42,1
20.41,68.97,1000.16,9.54,0
36.96,64.71,1017.28,16.78,0
24.48,94.02,1012.73,23.15,0
25.31,43.15,1016.88,11.21,0
33.42,69.35,1001.31,29.4,1
24.13,42.42,1013.02,3.08,0
30.64,69.38,996.17,3.84,0
21.17,79.06,994.11,4.45,0
34.99,85.45,1005.8,11.35,0
23.56,71.08,991.6,19.78,0
29.31,47.5,993.08,13.86,1
26.81,70.94,995.36,18.31,0
31.13,46.89,994.89,8.46,0
36.04,96.69,1001.95,11.56,1
39.8,53.09,996.01,19.99,1
21.24,67.2,1006.92,17.94,0
37.54,65.98,1005.74,22.34,0
31.66,63.88,993.47,10.95,0
38.76,68.91,1003.14,16.33,1
36.45,40.87,992.56,6.95,0
27.61,98.72,1014.9,7.28,0
24.7,54.95,1012.02,20.43,0
28.61,72.63,993.11,5.84,0
36.15,69.48,1013.21,19.45,0
20.36,86.04,1015.12,21.02,0
28.26,48.33,1018.54,3.02,0
27.31,83.34,1009.97,13.95,0
35.38,61.79,1001.43,10.81,0
23.41,51.51,994.83,16.85,0
27.84,66.1,997.43,27.43,0
31.44,74.32,1019.87,17.17,0
21.36,90.26,1010.21,8.12,0
24.16,95.63,999.42,20.44,1
33.28,45.48,995.54,6.88,0
36.27,83.81,1000.84,6.89,1
31.44,97.89,995.19,17.57,1
36.39,74.11,1003.05,6.26,0
34.67,79.83,1017.3,29.41,1
21.35,48.9,993.51,15.78,0
36.0,48.86,1018.45,9.3,0
32.62,97.59,1005.13,29.18,1
23.69,53.92,1008.95,29.86,0
31.48,96.56,1017.38,3.77,0
22.86,53.52,1014.9,29.46,0
36.9,66.11,1018.03,4.13,0
25.98,49.23,1013.38,15.59,0
27.68,56.06,1015.37,8.39,0
24.42,69.15,1004.92,3.16,0
30.7,61.12,993.23,22.99,1
30.08,87.07,997.71,8.91,1
38.25,64.69,990.56,19.95,1
20.55,77.78,1005.65,11.66,0
24.87,57.73,1006.18,11.83,0
27.89,94.04,1012.74,18.55,0
35.08,58.21,994.79,20.98,1
34.01,72.56,998.77,6.6,0
34.79,58.81,1009.29,12.16,0
26.45,74.06,1012.26,16.07,0
32.04,49.07,997.1,20.36,1
38.37,48.82,1004.27,4.39,0
35.08,97.05,998.14,24.36,1
25.13,75.45,1006.78,15.65,0
29.73,40.23,997.49,14.93,1
29.08,51.68,1018.06,18.43,0
39.5,81.8,1016.18,21.97,1
28.54,78.87,999.23,16.23,1
25.5,49.79,1001.47,17.07,0
39.35,70.91,998.66,26.95,1
21.76,84.9,1001.06,12.21,1
35.56,91.44,1010.09,11.31,0
32.4,89.66,1000.51,10.25,1
29.23,68.47,1017.44,2.32,0
24.64,63.48,1006.99,19.04,0
29.32,92.72,1013.03,16.51,1
22.21,65.52,1006.34,8.44,0
30.59,82.05,1010.58,24.49,1
30.56,79.89,997.1,25.57,1
23.05,63.3,1014.28,26.22,0
35.12,87.82,1006.33,21.36,1
35.37,60.34,997.95,2.96,0
26.03,52.09,1019.97,13.42,0
37.1,41.24,1002.65,17.99,1
32.21,69.96,1010.22,19.85,0
22.14,44.97,998.01,5.88,0
29.84,96.48,1008.61,29.16,1
25.77,60.21,1013.66,22.92,0
22.83,53.3,1017.0,17.29,0
28.8,77.16,997.97,5.25,1
39.88,42.04,999.93,23.25,1
33.36,85.77,1005.74,21.53,1
27.52,56.05,1001.46,21.45,0
30.5,57.92,1005.76,16.07,0
37.71,46.99,1008.17,3.24,0
34.58,41.15,1002.21,19.81,1
25.53,65.99,1011.93,16.6,0
23.71,88.17,999.22,5.3,0
27.09,80.87,993.6,11.2,0
34.95,87.29,999.89,14.51,1
20.22,79.41,1002.9,19.59,1
34.01,86.83,1019.59,14.86,1
29.67,45.17,1017.1,18.08,0
20.64,40.31,1009.02,21.6,0
21.06,79.23,1017.5,10.0,0
34.29,51.78,1016.97,4.39,0
30.76,65.1,990.96,18.04,1
28.55,49.73,1011.89,8.39,0
33.84,61.7,999.29,19.05,1
27.2,94.53,1000.6,17.75,1
29.59,64.1,998.98,19.18,1
32.38,45.95,1001.8,9.71,0
22.91,68.54,1014.97,12.13,0
34.71,75.37,1001.87,27.98,1
22.44,83.17,998.39,2.07,0
29.57,83.9,1011.12,24.8,1
37.35,64.32,1011.06,4.73,0
20.38,44.14,1018.81,19.67,0
24.38,93.69,993.47,12.48,1
38.0,88.6,994.21,28.06,1
30.28,51.06,1002.84,17.76,1
31.84,64.83,992.52,4.95,0
26.34,52.11,1001.69,8.47,0
27.06,71.38,1002.73,22.69,0
38.51,47.35,1002.32,23.04,1
25.33,76.81,1000.33,20.58,1
31.46,60.64,1005.56,18.68,0
22.54,77.5,1009.81,20.98,0
34.56,77.74,1016.96,21.44,1
28.62,43.83,995.81,4.68,0
23.4,63.72,1012.07,8.06,0
38.2,99.83,999.2,29.63,1
22.38,70.4,999.64,18.74,0
22.89,69.19,1004.35,15.56,0
30.95,57.92,1011.96,20.45,0
32.5,86.38,1005.06,24.02,1
31.93,87.54,997.18,11.56,1
28.75,83.09,1006.28,28.26,1
29.68,73.37,1014.42,22.77,0
29.04,47.58,1000.33,13.27,1
32.33,51.75,990.13,17.46,1
21.03,74.43,997.57,23.81,0
26.71,82.72,1017.56,29.15,0
25.36,54.63,990.13,5.05,0
23.48,98.68,1006.41,28.13,0
36.21,64.03,1002.29,13.06,1
30.98,82.82,992.89,14.75,1
37.1,41.49,1006.96,12.17,0
35.37,52.8,1019.18,15.45,0
24.81,61.69,991.4,16.98,0
36.57,51.87,1019.31,9.76,0
31.22,86.82,1010.41,4.37,0
23.14,73.75,1014.65,24.47,0
30.46,64.48,995.7,27.04,1
31.91,44.4,1008.98,9.45,0
30.45,75.31,1014.74,20.05,1
31.04,87.11,1012.85,8.78,0
30.45,65.09,992.44,17.36,1
28.99,41.62,1018.08,20.6,0
24.23,91.04,1012.36,11.99,0
28.58,50.46,1014.51,18.96,0
32.91,60.55,996.65,7.35,0
38.76,88.89,1015.06,6.1,0
29.98,78.69,1008.11,26.6,1
24.44,88.53,1003.5,3.97,0
32.64,81.66,1004.89,27.64,1
21.94,77.54,1005.25,10.76,0
20.48,90.1,995.57,27.54,1
36.21,77.52,1014.91,16.71,1
37.1,57.99,995.8,17.29,1
22.26,65.97,1015.73,7.21,0
27.46,72.14,993.9,4.04,0
21.1,47.68,991.92,3.58,0
24.81,48.45,1000.82,24.2,0
38.73,46.72,1013.27,2.86,0
34.93,74.8,1008.91,4.57,0
36.16,63.74,1010.15,25.47,0
29.32,64.35,1004.42,11.08,0
23.74,84.94,998.87,25.96,1
29.96,76.13,1007.59,7.48,0
34.28,91.47,999.35,27.82,1
20.14,51.49,1015.22,17.04,0
32.41,54.71,1015.49,7.02,0
25.19,48.28,994.13,15.65,0
22.55,77.73,1015.18,24.02,0
36.25,41.78,1003.16,7.75,0
24.38,44.43,1017.64,14.56,0
29.15,54.27,1000.46,19.64,1
38.62,92.91,1003.45,20.39,1
33.33,93.3,1000.21,27.82,1
39.43,95.41,993.88,7.92,1
33.06,60.54,1018.13,24.89,0
32.2,99.79,1015.68,22.57,1
21.48,46.03,1009.36,17.74,0
33.92,68.79,1019.47,10.51,0
23.7,92.61,1005.08,26.15,0
31.23,71.27,1009.2,18.16,0
24.19,75.1,1007.06,17.54,0
23.32,49.45,1012.4,26.91,0
33.36,43.36,1004.15,8.3,0
35.95,97.79,1011.85,23.34,1
33.03,52.37,1015.4,22.44,0
24.09,58.49,1016.72,15.39,0
20.73,62.5,1014.51,23.92,0
39.87,68.6,994.97,18.93,1
35.15,75.09,1002.59,7.08,1
22.43,67.18,990.92,16.32,0
34.97,56.65,1017.67,24.76,0
24.61,59.44,1005.45,3.19,0
27.17,78.62,1015.76,29.23,0
25.63,84.87,1004.81,12.33,1
24.36,47.58,1019.01,14.05,0
26.45,83.55,991.95,10.59,0
22.24,98.46,1010.96,17.12,0
39.98,41.9,1001.29,23.19,1
22.37,95.99,994.03,4.78,0
20.89,72.59,1017.93,15.26,0
37.09,40.62,996.55,9.06,0
20.1,83.62,996.1,15.73,1
20.83,55.66,1013.67,24.8,0
30.26,47.11,992.93,22.18,1
33.84,48.48,998.11,5.82,0
21.89,96.35,1008.58,28.32,0
28.15,73.74,1013.39,19.76,0
34.51,79.96,1016.25,22.78,1
25.81,44.89,1019.57,25.45,0
25.21,51.63,996.78,3.63,0
37.87,41.78,1008.31,29.43,0
23.95,86.12,1012.59,9.39,0
29.39,88.73,1010.06,14.67,1
24.45,43.23,1001.53,8.4,0
27.14,40.44,1015.0,6.58,0
39.13,94.76,1002.65,10.05,1
20.16,68.94,994.63,24.59,0
32.42,52.95,1019.09,6.89,0
38.4,85.81,1019.55,5.17,0
28.8,53.59,996.94,5.03,0
34.62,58.16,1005.05,2.81,0
25.55,81.1,999.9,8.05,0
22.13,74.96,995.07,16.42,0
23.54,98.37,1018.56,14.8,0
34.58,85.83,1011.84,2.6,0
38.67,65.99,1017.36,18.35,0
20.88,67.12,1008.88,14.02,0
23.81,94.23,992.37,17.05,1
34.25,43.75,998.5,20.16,1
23.4,64.05,996.45,4.09,0
23.33,62.93,1009.85,20.08,0
20.97,68.55,1017.08,23.51,0
32.78,82.25,998.73,5.85,1
33.86,53.07,1014.75,24.98,0
38.89,66.18,1015.75,8.07,0
22.14,50.7,993.63,7.47,0
26.1,73.55,1010.51,8.65,0
21.68,98.76,1000.2,21.34,1
31.72,83.77,992.83,13.29,1
35.08,55.82,1007.05,28.97,0
26.04,61.05,996.26,13.65,0
21.17,55.95,1008.99,18.42,0
20.1,61.77,995.78,26.3,0
22.45,61.14,1019.49,13.4,0
28.68,92.88,1011.86,22.38,1
35.31,93.61,995.17,24.76,1
36.49,71.11,1018.11,26.78,0
37.9,57.84,994.69,4.06,0
35.61,79.69,998.55,26.7,1
20.78,68.71,1004.19,6.8,0
36.76,85.34,999.39,28.92,1
37.5,64.93,995.52,28.03,1
38.64,91.8,1000.18,25.45,1
20.77,96.62,1019.83,16.4,0
37.82,63.83,990.5,10.86,0
21.15,52.1,999.61,27.77,0
38.74,53.58,993.41,20.56,1
30.51,79.66,993.56,5.04,1
27.24,93.92,1012.1,8.02,0
21.27,53.42,1006.93,17.22,0
29.13,52.58,1009.51,11.99,0
29.42,64.58,1015.77,8.23,0
32.56,41.8,1012.24,10.63,0
30.88,91.55,1001.92,29.33,1
29.25,97.41,1011.99,4.96,0
30.88,65.07,1004.68,19.19,1
38.52,45.96,996.74,12.01,1
25.9,40.39,995.24,19.44,0
28.52,71.15,1006.56,8.65,0
37.89,56.74,1009.27,10.16,0
22.92,67.52,1000.19,24.08,0
33.93,80.84,999.02,14.81,1
36.02,53.05,1015.89,20.61,0
26.9,67.14,1004.44,10.44,0
34.11,81.19,994.87,5.62,1
27.31,70.74,1007.19,29.87,0
24.32,76.47,1001.0,3.37,0
32.61,86.76,994.29,20.1,1
36.38,61.8,1015.0,7.13,0
37.52,43.95,1018.9,22.03,0
20.57,57.44,995.83,21.04,0
32.85,77.71,1020.0,23.29,1
28.62,93.27,1008.6,8.5,0
29.4,68.45,1019.61,23.46,0
20.67,67.21,1010.65,10.26,0
34.57,49.37,1013.62,21.23,0
29.31,70.62,1010.73,24.27,0
30.0,96.99,1003.91,10.48,1
25.25,66.36,1013.46,15.07,0
35.51,92.95,1009.08,17.93,1
31.52,82.5,997.13,3.51,1
35.23,97.31,1012.79,24.79,1
24.31,60.62,1009.81,25.95,0
21.24,90.13,991.97,29.92,1
25.99,78.27,1007.72,10.08,0
37.8,40.35,995.21,18.75,1
20.92,73.67,1001.18,9.22,0
26.27,41.36,997.36,20.12,0
38.24,68.59,1010.65,19.28,0
33.6,51.12,993.0,15.38,1
26.59,70.74,1014.04,13.23,0
27.28,47.52,1010.49,28.96,0
28.45,42.19,998.22,19.76,1
23.84,96.01,1004.96,2.42,0
34.5,95.63,1018.8,3.43,0
23.92,56.38,1018.94,4.35,0
35.2,81.92,991.38,9.07,1
22.04,57.95,1012.58,27.71,0
36.03,49.66,1003.39,10.51,0
24.75,81.49,1006.0,4.5,0
34.38,71.09,993.71,17.6,1
24.57,64.35,997.31,28.72,0
37.07,82.18,1010.27,10.22,0
23.0,75.2,1009.16,29.74,0
27.66,76.98,1002.8,3.99,0
27.0,66.08,992.26,19.84,0
38.09,77.22,1002.83,11.88,1
38.52,91.4,1011.73,14.54,1
21.44,93.76,993.41,15.73,1
24.9,88.92,1016.51,16.2,0
21.16,56.55,998.84,28.4,0
36.86,88.33,1007.66,2.5,0
20.64,57.69,1008.56,19.07,0
27.77,73.59,997.52,5.13,0
35.71,88.86,1015.79,4.06,0
23.99,92.68,1005.36,2.76,0
30.44,77.19,1009.6,14.79,1
20.25,75.54,1012.92,7.24,0
22.73,46.11,1002.68,17.18,0
37.35,72.47,1012.79,25.71,0
37.5,72.5,993.82,7.43,0
23.43,81.41,1007.39,13.75,0
35.23,99.7,1009.03,25.0,1
25.22,93.14,1000.54,12.85,1
22.21,61.16,996.24,20.03,0
37.55,47.43,1014.19,16.58,0
28.96,85.23,999.05,28.69,1
34.25,42.46,1007.57,2.5,0
27.8,98.65,1004.42,21.09,1
30.22,99.57,994.88,12.12,1
31.94,87.45,1019.58,17.58,1
25.39,68.62,1009.56,17.29,0
30.11,84.11,1002.27,9.18,1
36.76,40.07,1014.02,11.01,0
25.0,68.6,1013.89,26.24,0
30.02,43.17,1008.84,24.82,0
31.76,52.8,991.24,14.42,1
33.82,80.13,1001.22,27.43,1
31.53,98.55,995.85,15.76,1
37.25,45.35,1012.23,17.4,0
29.42,93.38,995.5,24.57,1
33.7,95.58,991.2,28.4,1
28.94,67.94,991.84,10.57,0
37.86,49.0,990.67,27.93,1
26.26,81.93,993.29,17.78,1
32.72,90.43,999.27,22.61,1
30.12,69.71,1001.82,10.38,0
35.77,40.04,1004.73,21.17,1
24.41,65.07,999.53,21.36,0
36.56,55.0,1009.65,23.02,0
35.77,52.58,1011.42,11.58,0
28.53,49.92,1016.76,15.59,0
32.72,49.9,1014.02,8.27,0
29.98,49.14,995.37,9.01,0
36.05,83.6,1008.62,22.54,1
32.92,54.73,1013.82,10.16,0
38.3,42.58,1003.99,17.77,1
31.6,70.02,1004.32,6.23,0
39.18,59.79,1005.99,10.13,0
25.37,80.64,1002.26,28.79,1
26.25,47.09,1018.34,3.83,0
28.3,45.79,1015.66,25.18,0
36.76,69.64,1000.28,11.31,0
39.13,91.18,1014.68,24.5,1
24.21,41.82,1012.0,17.74,0
30.48,78.43,994.69,19.0,1
29.38,72.85,1018.82,2.29,0
38.59,43.77,999.77,12.45,1
30.4,40.32,1005.04,24.89,0
35.91,91.6,992.6,10.96,1
22.84,95.44,993.88,18.96,1
22.08,94.96,1001.58,18.72,1
38.29,43.41,1004.54,15.76,1
39.92,42.53,1018.28,24.56,0
25.73,41.36,1000.04,20.5,0
22.02,40.18,1019.62,18.39,0
25.22,52.68,1009.74,26.81,0
20.16,81.96,999.08,2.48,0
38.1,77.65,990.29,7.27,1
33.98,84.15,1011.04,3.11,0
36.61,88.68,994.32,15.84,1
20.9,78.68,1016.96,8.52,0
26.1,89.34,1018.33,15.92,0
35.04,70.74,1017.14,9.63,0
33.62,84.76,1018.01,25.65,1
28.01,63.92,1018.43,14.06,0
20.95,48.8,1018.56,21.75,0
32.4,81.87,994.55,5.66,1
38.95,93.22,1012.85,21.83,1
39.26,77.52,995.19,5.13,1
31.31,73.66,995.51,3.63,0
32.1,83.16,999.62,18.19,1
25.03,72.88,1008.27,15.4,0
33.12,60.98,1013.88,28.88,0
32.73,63.52,1008.34,8.88,0
35.88,61.21,1001.46,11.28,0
31.91,88.36,1006.32,20.49,1
36.26,49.25,1017.13,29.92,0
36.52,77.38,1008.35,12.07,1
37.57,85.27,997.27,24.45,1
27.36,85.75,1019.75,21.3,0
27.05,82.53,995.82,20.1,1
24.41,53.95,1015.86,5.37,0
29.14,97.49,1010.89,8.89,0
33.62,43.73,1003.46,9.61,0
34.87,65.37,1013.4,28.66,0
28.6,47.59,991.33,24.79,1
29.86,49.36,1006.33,20.88,0
37.56,69.05,1010.92,5.76,0
27.59,98.26,1019.51,12.67,0
27.6,85.84,1018.12,9.05,0
28.16,87.84,995.69,19.22,1
37.03,92.99,1014.83,22.91,1
36.99,50.64,1018.26,16.23,0
26.22,74.8,1017.47,4.95,0
38.12,83.49,995.73,9.74,1
25.22,47.76,996.95,20.1,0
21.17,99.98,1003.8,23.12,1
35.33,91.43,1001.81,5.35,1
25.11,87.1,1009.31,11.64,0
20.16,40.31,997.98,5.2,0
28.75,92.09,1012.33,15.76,1
29.66,71.4,1016.35,26.87,0
39.56,73.83,1007.39,11.83,0
38.63,86.17,995.05,7.34,1
29.1,64.2,995.24,4.44,0
37.96,70.95,1008.62,16.85,0
39.59,79.59,1011.49,20.51,1
32.4,53.9,992.98,28.47,1
25.26,80.17,1007.01,14.34,0
24.54,73.24,996.14,29.71,0
33.78,97.69,1016.97,27.01,1
30.09,68.67,990.19,25.9,1
37.63,44.15,1018.55,25.98,0
29.81,46.73,1017.19,6.58,0
35.81,47.36,1003.72,13.04,1
33.79,59.8,1015.43,6.31,0
20.57,90.83,1001.69,10.26,0
37.89,67.21,995.44,9.86,0
20.88,93.96,993.21,18.73,1
34.19,67.86,1017.27,29.9,0
38.8,44.26,996.42,8.43,0
20.98,92.54,996.7,21.36,1
23.43,51.48,1006.56,7.93,0
35.83,99.71,1006.32,18.08,1
24.02,76.51,1017.68,9.55,0
31.65,51.3,1007.65,8.25,0
23.53,52.64,1019.33,28.28,0
29.45,71.43,1019.96,20.08,0
38.49,88.59,1002.82,11.07,1
37.0,88.99,994.69,2.77,1
25.17,98.55,1015.77,8.53,0
35.54,55.34,1008.32,25.54,0
22.25,52.04,1006.64,22.77,0
26.38,78.92,993.13,7.69,0
35.38,97.57,991.72,20.06,1
31.2,57.39,994.43,14.94,1
27.35,48.67,995.39,9.08,0
22.24,66.19,998.37,29.19,0
36.21,85.21,997.13,25.06,1
35.8,93.91,1017.47,16.17,1
27.23,63.08,1015.54,28.67,0
35.94,56.55,1010.93,15.77,0
32.58,40.74,990.26,13.13,1
39.25,61.26,1004.8,16.16,1
27.85,53.95,998.27,16.25,0
35.03,51.47,1012.28,28.45,0
25.4,88.86,1005.44,6.39,0
39.7,60.59,1013.34,23.02,0
35.26,45.63,1011.65,20.35,0
21.11,95.66,1010.9,5.11,0
22.3,69.46,991.79,6.66,0
30.86,93.41,1012.4,7.19,0
29.24,87.73,993.41,3.24,1
37.8,72.32,1012.13,11.33,0
31.32,81.5,1002.55,20.21,1
34.32,57.02,1003.9,23.36,1
21.13,61.57,999.69,5.64,0
31.58,55.38,1002.47,12.46,1
33.56,88.61,1012.91,29.43,1
39.81,76.9,1008.73,26.43,1
29.86,53.17,1004.52,10.76,0
26.96,55.44,999.73,27.71,0
39.61,50.72,1018.8,11.59,0
28.2,65.86,990.9,29.94,1
27.36,49.75,1017.21,3.8,0
27.62,77.79,1017.33,26.77,0
29.8,71.88,1004.73,12.73,1
25.68,99.22,1006.64,6.21,0
20.33,65.88,1004.08,25.26,0
23.41,43.42,998.0,15.25,0
23.9,74.37,1004.88,13.51,0
33.76,95.15,997.71,28.8,1
33.51,65.19,1007.89,24.13,0
33.44,56.12,994.68,23.7,1
20.91,45.94,1001.85,21.82,0
28.06,71.48,994.99,5.71,0
30.96,93.04,993.99,2.09,1
37.9,67.05,999.96,7.64,0
21.37,58.43,1018.7,12.52,0
21.6,80.18,990.54,27.31,1
39.71,41.61,991.28,29.74,1
23.16,73.07,1015.95,27.62,0
28.29,44.22,1005.05,12.04,0
32.6,86.94,990.35,19.34,1
30.0,86.56,996.69,6.57,1
20.03,73.22,998.56,17.9,0
37.75,98.53,998.08,12.2,1
29.34,66.08,1005.49,5.81,0
29.91,79.73,1015.42,14.03,1
28.39,90.49,1007.68,3.87,0
35.06,54.15,1009.55,9.71,0
20.57,86.62,1013.24,18.84,0
34.98,56.73,998.08,16.76,1
28.76,53.8,1017.32,28.95,0
21.27,53.23,1014.5,15.01,0
29.51,82.59,1015.31,13.57,1
35.44,51.3,995.97,10.85,0
29.16,49.99,1017.06,27.23,0
24.26,67.59,995.1,7.07,0
35.14,55.68,1014.3,26.34,0
30.72,77.32,998.52,26.3,1
29.08,55.02,1016.22,4.11,0
34.44,68.24,993.88,11.21,0
22.03,72.54,1003.49,2.66,0
34.18,76.11,1016.32,5.6,0
35.87,44.35,1012.73,28.38,0
32.95,49.43,997.68,13.41,1
33.66,41.82,992.09,4.73,0
28.68,57.92,992.76,21.89,1
36.44,93.56,997.72,19.38,1
37.79,83.42,996.02,8.63,1
28.53,56.52,998.32,8.31,0
23.22,60.67,1008.44,24.97,0
27.99,40.42,1004.27,19.02,0
36.2,66.99,1012.46,18.25,0
33.25,84.0,1014.14,27.27,1
24.22,83.2,993.54,20.05,1
26.6,75.98,995.01,23.14,1
32.04,49.9,1007.21,17.9,0
23.15,40.09,1006.85,27.45,0
25.34,82.18,1012.83,4.07,0
22.3,44.42,1003.23,21.99,0
33.38,69.1,1011.21,5.03,0
27.51,96.54,994.61,20.83,1
29.18,74.48,997.5,28.35,1
34.52,70.84,1008.69,8.1,0
29.72,41.56,1003.01,4.67,0
29.57,40.75,992.75,19.92,1
34.55,62.65,1009.01,22.48,0
23.67,70.88,1004.86,16.46,0
37.67,68.89,1011.15,2.99,0
36.99,92.32,1015.85,7.57,0
38.71,56.25,1018.27,4.34,0
37.43,42.61,1014.84,14.86,0
34.97,52.99,1007.64,18.78,0
32.85,65.22,1019.99,9.71,0
27.76,43.62,995.97,5.59,0
36.33,76.17,995.26,13.61,1
30.61,62.96,997.48,5.0,0
21.13,44.62,1011.5,21.71,0
29.39,53.15,1008.16,28.67,0
20.19,58.1,996.82,24.89,0
22.98,59.9,992.23,21.71,0
37.08,44.34,1006.3,29.48,0
36.71,83.21,1007.38,10.78,0
35.04,62.83,1017.17,28.06,0
36.2,95.44,1008.96,13.56,1
21.53,80.21,1004.88,27.83,1
37.45,54.14,993.9,26.23,1
33.82,46.83,991.81,4.88,0
27.2,97.35,1005.14,3.49,0
25.85,50.31,1003.97,26.27,0
29.11,75.94,1019.27,26.26,1
35.51,83.96,1000.73,9.19,1
39.31,85.28,995.82,5.22,1
31.06,75.4,1014.08,3.79,0
29.49,65.72,1004.69,14.21,1
34.29,75.77,1011.43,15.42,1
21.04,85.06,1016.01,23.3,0
37.22,69.22,1007.3,9.3,0
32.28,70.41,992.83,11.88,0
33.03,93.34,1014.21,8.38,0
23.13,68.61,1009.28,10.55,0
34.7,59.2,1017.93,22.78,0
38.73,47.22,1001.11,3.83,0
23.92,91.81,1016.94,10.04,0
37.7,89.7,990.03,18.36,1
39.43,61.03,1010.64,17.43,0
37.24,73.77,1007.17,2.61,0
22.38,87.33,1002.48,16.89,1
33.69,78.12,992.65,5.36,1
21.54,74.21,1016.57,2.62,0
25.48,85.79,1018.37,8.32,0
25.66,67.92,1005.39,13.9,0
23.47,68.12,1003.6,5.77,0
29.51,85.76,1013.0,7.19,0
36.8,96.96,1004.02,18.43,1
35.22,65.25,1018.01,12.8,0
35.0,42.01,1009.91,3.02,0
33.45,54.5,1003.92,24.43,1
28.96,50.74,999.02,15.49,1
39.57,79.06,1007.3,12.18,1
36.98,84.53,1018.47,3.42,0
26.2,61.7,1009.48,11.5,0
23.92,51.79,1012.43,20.18,0
25.42,59.6,1015.71,24.19,0
24.16,89.55,1009.21,9.97,0
22.83,72.68,997.91,6.22,0
34.69,61.15,1014.51,23.41,0
33.24,47.19,1019.87,12.53,0
31.93,57.76,996.49,24.75,1
25.97,71.4,1015.56,25.81,0
28.66,83.53,990.78,7.29,1
20.01,97.65,991.69,24.73,1
35.2,61.77,1000.7,27.41,1
20.48,63.57,995.18,4.28,0
30.46,76.75,1002.85,20.09,1
23.61,99.28,1005.95,10.75,0
31.74,60.19,995.16,20.31,1
36.6,48.38,992.23,10.31,0
38.65,59.18,998.77,8.64,0
37.33,91.69,993.7,15.11,1
22.52,99.52,1017.51,17.74,0
29.06,83.54,1006.63,27.64,1
30.89,51.51,990.07,3.1,0
34.16,63.75,994.01,18.71,1
33.43,98.46,1019.55,20.75,1
34.76,41.43,1010.13,11.41,0
31.83,74.92,1012.74,15.39,0
36.9,90.04,990.76,29.67,1
24.26,66.68,1015.0,29.96,0
36.33,51.82,1009.85,5.18,0
25.01,74.16,1005.11,3.16,0
30.34,91.74,1010.69,29.72,1
29.25,47.02,1002.5,19.47,1
35.19,85.71,994.11,20.29,1
34.49,80.72,1011.74,6.59,0
36.33,43.72,1017.44,21.96,0
29.9,72.71,1008.04,22.34,0
21.1,65.45,1013.04,26.55,0
30.45,79.9,1019.31,3.04,0
38.65,57.62,1012.94,2.67,0
28.61,54.06,1007.11,3.84,0
20.01,74.02,999.91,6.25,0
28.22,98.83,997.06,14.58,1
25.18,89.64,1008.49,4.21,0
26.72,98.84,999.75,6.83,0
27.67,49.53,992.28,28.0,0
23.83,51.31,996.92,27.94,0
38.02,93.27,1007.18,16.46,1
34.42,65.79,997.98,16.09,1
36.74,89.04,1006.91,5.25,0
35.25,40.42,1008.24,7.4,0
37.83,80.21,993.87,20.22,1
21.45,44.52,997.45,6.49,0
27.15,63.91,998.64,25.89,0
32.49,75.99,1008.99,28.14,1
21.99,93.97,995.44,6.54,0
24.16,40.17,1000.3,20.45,0
35.41,88.28,990.66,24.68,1
31.83,87.49,1004.38,8.65,1
23.54,85.4,994.79,26.54,1
24.04,68.27,993.62,14.2,0
30.97,76.15,1014.0,26.18,1
26.49,47.75,1016.95,18.8,0
21.95,84.72,1003.71,17.09,1
37.19,45.6,991.49,13.41,1
21.8,96.71,995.95,15.6,1
37.07,98.41,996.64,18.72,1
37.97,49.14,993.7,5.99,0
34.58,82.33,994.48,3.78,1
32.66,64.31,997.94,22.51,1
39.14,86.48,998.49,20.36,1
36.62,52.64,990.27,18.76,1
37.68,59.88,1013.79,8.95,0
31.39,63.14,1006.77,27.79,0
36.17,75.71,1012.55,2.76,0
31.1,87.22,990.47,25.5,1
29.96,61.31,995.26,23.74,1
25.18,66.05,1019.78,23.01,0
32.02,52.63,1009.89,17.24,0
30.41,75.38,1017.77,26.5,1
29.27,56.88,1016.04,16.31,0
20.56,52.65,1007.28,5.57,0
39.18,40.41,1002.06,23.73,1
35.85,90.51,999.62,19.23,1
29.7,75.53,992.84,20.28,1
37.39,64.59,1019.91,23.18,0
25.2,72.33,1015.68,8.32,0
22.69,74.92,1016.0,27.69,0
39.13,54.07,1008.83,3.51,0
36.29,54.01,991.16,29.24,1
21.64,78.3,1002.67,4.3,0
36.27,71.57,1017.11,10.63,0
20.04,96.31,1013.0,15.48,0
37.44,81.42,1007.82,20.37,1
30.42,54.56,1004.27,26.84,1
33.85,61.4,999.83,5.2,0
27.47,53.08,1003.42,13.13,0
34.92,44.2,1019.2,4.23,0
21.49,50.81,991.51,28.0,0
39.63,64.85,1012.97,12.83,0
21.66,59.44,990.26,8.93,0
22.92,85.38,1014.45,14.52,0
20.37,58.52,1015.72,22.14,0
25.89,90.68,1004.24,22.14,1
31.15,91.24,1019.33,20.28,1
28.28,50.4,1008.94,11.74,0
27.8,78.47,1008.95,28.89,0
26.27,63.41,1006.52,20.14,0
36.78,50.42,1008.56,9.92,0
39.53,65.75,998.58,9.31,0
37.51,82.34,1011.81,23.46,1
35.63,58.29,991.44,9.27,0
33.42,63.44,991.67,17.45,1
21.4,45.9,1014.61,2.84,0
24.6,48.39,1007.77,6.18,0
26.66,45.59,1015.09,5.45,0
21.87,59.47,1019.44,4.49,0
31.81,82.65,993.98,8.2,1
20.05,42.44,1014.41,27.86,0
36.09,91.09,1005.98,24.24,1
38.36,98.08,993.65,22.09,1
26.19,49.31,1009.95,7.32,0
35.02,96.33,1000.49,5.98,1
24.07,59.77,991.68,14.13,0
36.74,43.32,1009.67,27.83,0
24.95,95.54,1014.56,28.45,0
29.28,72.99,1017.12,26.45,0
23.53,42.11,1000.31,9.17,0
37.23,60.68,996.62,4.48,0
26.86,94.73,993.6,24.07,1
39.73,83.78,1005.57,6.88,0
22.98,76.39,1008.0,18.0,0
26.48,68.89,1013.62,6.8,0
24.46,73.67,1015.53,13.77,0
31.09,89.85,1008.62,19.4,1
31.19,43.45,1007.72,4.3,0
31.56,63.1,1016.86,13.24,0
25.03,94.56,995.25,21.93,1
30.12,65.36,1015.98,24.89,0
21.98,96.15,998.75,29.15,1
21.42,40.9,1012.14,8.2,0
39.31,77.64,1009.22,5.38,0
23.24,84.82,995.12,2.23,0
30.25,74.23,1002.18,16.55,1
22.16,80.06,1014.44,14.64,0
35.53,66.15,1019.35,23.01,0
27.38,46.97,1003.86,12.77,0
34.61,58.59,1016.93,20.74,0
29.65,63.48,994.63,29.42,1
31.07,50.41,990.43,14.66,1
30.68,85.6,1002.63,10.0,1
38.9,60.97,1010.59,16.94,0
31.78,89.52,1014.16,18.33,1
38.1,57.28,1017.2,15.89,0
36.02,51.93,996.5,19.42,1
21.38,47.55,993.28,26.95,0
36.39,92.24,1006.95,22.68,1
28.87,47.73,994.48,5.37,0
29.63,91.92,1000.99,13.99,1
24.26,64.95,995.51,28.47,0
23.29,50.65,1015.84,24.66,0
39.82,48.9,1002.22,24.74,1
25.26,91.46,992.13,20.09,1
37.65,62.78,1002.07,15.6,1
25.75,98.15,991.82,19.21,1
32.5,94.95,998.33,13.47,1
26.45,52.22,990.88,4.55,0
36.95,96.82,999.22,15.23,1
27.99,73.8,995.93,20.03,0
26.67,57.75,996.38,16.95,0
37.21,41.74,1003.35,2.07,0
33.77,76.6,1008.84,7.1,0
39.34,60.86,995.38,19.88,1
38.49,40.95,1007.43,24.53,0
35.1,90.46,1015.65,27.01,1
28.6,54.81,990.84,9.47,0
28.92,52.31,1000.97,12.72,1
33.62,81.62,1002.95,6.64,1
37.88,54.07,1011.31,18.36,0
29.13,52.84,1016.37,28.99,0
22.99,92.74,1011.98,20.48,0
23.77,54.29,993.46,20.26,0
28.5,57.01,1016.97,7.42,0
31.65,81.61,996.52,27.86,1
27.84,65.61,1011.73,22.23,0
20.52,70.41,1001.66,25.85,0
34.16,49.26,990.51,21.28,1
26.87,68.94,996.25,7.34,0
21.68,78.33,1003.84,13.14,1
33.11,93.36,1017.24,3.68,0
26.27,69.52,1003.37,18.39,0
24.77,47.81,1010.64,29.74,0
37.62,71.94,1006.24,19.02,0
37.15,89.34,1013.7,8.35,0
27.83,77.47,1002.47,12.01,1
25.68,66.88,999.92,20.48,0
28.41,53.35,994.66,5.2,0
30.85,60.39,1018.79,17.47,0
26.96,95.06,998.5,7.12,0
37.08,88.24,992.34,9.12,1
31.97,95.93,1015.47,12.48,1
28.79,52.77,1019.36,5.23,0
22.39,60.19,995.55,15.8,0
32.74,79.32,1007.3,16.84,1
20.22,75.54,999.69,28.04,1
37.06,40.51,1011.92,12.95,0
32.6,61.18,1000.45,3.46,0
35.17,49.42,995.67,7.63,0
